titulo,titulo_original,anio,generos,duracion,sinopsis,rating,poster
Intercambiados,Swapped,2026,"Aventura, Animación, Familia, Fantasía",102,"Una pequeña criatura del bosque intercambia el cuerpo con un majestuoso pájaro del valle, lo que los obliga a colaborar para sobrevivir a la aventura más salvaje de sus vidas.",8.963,https://image.tmdb.org/t/p/w500/i89vUDwNhAEWUZSFYITSiv1RIbK.jpg
Cadena perpetua,The Shawshank Redemption,1994,"Drama, Crimen",143,"Acusado del asesinato de su mujer, Andrew Dufresne, tras ser condenado a cadena perpetua, es enviado a la prisión de Shawshank. Con el paso de los años conseguirá ganarse la confianza del director del centro y el respeto de sus compañeros presidiarios, especialmente de Red, el jefe de la mafia de los sobornos.",8.7,https://image.tmdb.org/t/p/w500/uRRTV7p6l2ivtODWJVVAMRrwTn2.jpg
El padrino,The Godfather,1972,"Drama, Crimen",175,"Don Vito Corleone, conocido dentro de los círculos del hampa como 'El Padrino', es el patriarca de una de las cinco familias que ejercen el mando de la Cosa Nostra en Nueva York en los años cuarenta. Don Corleone tiene cuatro hijos: una chica, Connie, y tres varones; Sonny, Michael y Fredo. Cuando el Padrino reclina intervenir en el negocio de estupefacientes, empieza una cruenta lucha de violentos episodios entre las distintas familias del crimen organizado.",8.687,https://image.tmdb.org/t/p/w500/ApiEfzSkrqS4m1L5a2GwWXzIiAs.jpg
Proyecto Salvación,Project Hail Mary,2026,"Ciencia ficción, Aventura",157,"El profesor de ciencias Ryland Grace se despierta en una nave espacial a años luz de casa sin recordar quién es ni cómo ha llegado hasta allí. A medida que recupera la memoria, empieza a descubrir su misión: resolver el enigma de la misteriosa sustancia que provoca la extinción del sol. Deberá recurrir a sus conocimientos científicos y a sus ideas poco ortodoxas para salvar todo lo que hay en la Tierra de la extinción... pero una amistad inesperada significa que quizá no tenga que hacerlo solo.",8.666,https://image.tmdb.org/t/p/w500/7lwOTxajURKEWO6gI370NTrVdBO.jpg
El Padrino Parte II,The Godfather Part II,1974,"Drama, Crimen",200,"Continuación de la saga de los Corleone con dos historias paralelas: la elección de Michael Corleone como jefe de los negocios familiares y los orígenes del patriarca, el ya fallecido Don Vito, primero en Sicilia y luego en Estados Unidos, donde, empezando desde abajo, llegó a ser un poderosísimo jefe de la mafia de Nueva York.",8.572,https://image.tmdb.org/t/p/w500/mbry0W5PRylSUHsYzdiY2FSJwze.jpg
La lista de Schindler,Schindler's List,1993,"Drama, Historia, Bélica",195,"Oskar Schindler, un hombre de enorme astucia y talento para las relaciones públicas, organiza un ambicioso plan para ganarse la simpatía de los nazis. Después de la invasión de Polonia por los alemanes, consigue, gracias a sus relaciones con los nazis, la propiedad de una fábrica de Cracovia. Allí emplea a cientos de operarios judíos, cuya explotación le hace prosperar rápidamente. Su gerente, también judío, es el verdadero director en la sombra, pues Schindler no tiene el menor conocimiento industrial.",8.569,https://image.tmdb.org/t/p/w500/3Ho0pXsnMxpGJWqdOi0KDNdaTkT.jpg
Criaturas luminosas,Remarkably Bright Creatures,2026,"Drama, Misterio",114,"En este drama, basado en el bestseller homónimo, una viuda forja un vínculo con un pulpo muy listo y un joven a la deriva mientras trabaja de noche en un pequeño acuario.",8.566,https://image.tmdb.org/t/p/w500/afCyi1YlcSq2BH14UJmFbqzzJ65.jpg
12 hombres sin piedad,12 Angry Men,1957,Drama,92,"Tras escuchar todos los testimonios y valorar las pruebas presentadas, un jurado popular compuesto por doce hombres tiene que decidir, por unanimidad, si absuelve o condena a muerte a un joven acusado de haber matado a su padre. Al principio, once están completamente convencidos de su culpabilidad y se inclinan por la condena, pero el que discrepa empieza a plantear dudas razonables que, poco a poco, van resquebrajando la inicial seguridad de los demás.",8.6,https://image.tmdb.org/t/p/w500/qyVoDb3EKO5SnhpSRpztNmZjo70.jpg
El viaje de Chihiro,千と千尋の神隠し,2001,"Animación, Familia, Fantasía",122,"Durante el traslado de su familia a los suburbios, una niña de 10 años de edad deambula por un mundo gobernado por dioses, brujas y espíritus, y donde los humanos se convierten en bestias.",8.535,https://image.tmdb.org/t/p/w500/2RcxjDykOssx4SfqshewyI9vfSl.jpg
El caballero oscuro,The Dark Knight,2008,"Acción, Crimen, Suspense",152,"Batman/Bruce Wayne regresa para continuar su guerra contra el crimen. Con la ayuda del teniente Jim Gordon y del Fiscal del Distrito Harvey Dent, Batman se propone destruir el crimen organizado en la ciudad de Gotham. El triunvirato demuestra su eficacia, pero, de repente, aparece Joker, un nuevo criminal que desencadena el caos y tiene aterrados a los ciudadanos.",8.5,https://image.tmdb.org/t/p/w500/8QDQExnfNFOtabLDKqfDQuHDsIg.jpg
Un amor contra viento y marea,दिलवाले दुल्हनिया ले जायेंगे,1995,"Comedia, Drama, Romance",189,"Los Singh son una familia india con grandes convicciones culturales de su nación de origen, que emigraron a Reino Unido antes de nacer sus primeros hijos. Uno de ellos querrá casarse con una mujer ajena a su cultura y para ello deberá hacer todos los esfuerzos por convencer a su familia.",8.513,https://image.tmdb.org/t/p/w500/2CAL2433ZeIihfX1Hb2139CX0pW.jpg
La milla verde,The Green Mile,1999,"Fantasía, Drama, Crimen",189,"En el sur de los Estados Unidos, en plena Depresión, Paul Edgecomb es un vigilante penitenciario a cargo de la Milla Verde, un pasillo que separa las celdas de los reclusos condenados a la silla eléctrica. Esperando su ejecución está John Coffey, un gigantesco negro acusado de asesinar brutalmente a dos hermanas de nueve años. Tras una personalidad ingenua, Coffey esconde un don sobrenatural prodigioso. A medida que transcurre la historia, Paul Edgecomb aprende que los milagros ocurren... incluso en los lugares más insospechados.",8.507,https://image.tmdb.org/t/p/w500/aBQiJRxGRrX0mXFMjxyzWYFtEnf.jpg
El señor de los anillos: El retorno del rey,The Lord of the Rings: The Return of the King,2003,"Aventura, Fantasía, Acción",202,"Las fuerzas de Saruman han sido destruidas, y su fortaleza sitiada. Ha llegado el momento de que se decida el destino de la Tierra Media, y por primera vez en mucho tiempo, parece que hay una pequeña esperanza. La atención del señor oscuro Sauron se centra ahora en Gondor, el último reducto de los hombres, y del cual Aragorn tendrá que reclamar el trono para ocupar su puesto de rey. Pero las fuerzas de Sauron ya se preparan para lanzar el último y definitivo ataque contra el reino de Gondor, la batalla que decidirá el destino de todos. Mientras tanto, Frodo y Sam continuan su camino hacia Mordor, a la espera de que Sauron no repare en que dos pequeños Hobbits se acercan cada día más al final de su camino, el Monte del Destino.",8.5,https://image.tmdb.org/t/p/w500/mWuFbQrXyLk2kMBKF9TUPtDwuPx.jpg
Parásitos,기생충,2019,"Comedia, Suspense, Drama",132,"Tanto Gi Taek (Song Kang-ho) como su familia están sin trabajo. Cuando su hijo mayor, Gi Woo (Choi Woo-sik), empieza a dar clases particulares en casa de Park (Lee Seon-gyun), las dos familias, que tienen mucho en común pese a pertenecer a dos mundos totalmente distintos, comienzan una interrelación de resultados imprevisibles.",8.5,https://image.tmdb.org/t/p/w500/4N55tgxDW0RRATyrZHbx0q9HUKv.jpg
¿Quieres ser mi... hijo?,¿Quieres ser mi hijo?,2023,"Comedia, Romance",100,"Lu, una mujer conformista de 40 años, un día descubre que su pareja de hace 15 años la estaba engañando. En ese momento, Lu toma la decisión de regresar a su departamento de soltera para empezar de cero, ya que se siente estancada y desconsolada. Conoce a su nuevo vecino Javier, un joven y apuesto mujeriego de tan sólo 23 años, quien no la deja descansar por sus constantes fiestas. Para poder conseguir el trabajo de sus sueños, Lu decide mentir en su entrevista al decir que es mujer de familia y que tiene un hijo de 19 años. Por si fuera poco, tiene que enfrentar la última prueba para ser contratada y pasar un fin de semana en Valle de Bravo con los ejecutivos de la empresa y sus familias. Al encontrarse desesperada, Lu le ofrece el trabajo a Javier, para que se haga pasar por su hijo y a cambio, ella no lo molestará más cuando esté de fiesta.",8.5,https://image.tmdb.org/t/p/w500/9GuvODahvuFqdhuZ16aBLR4UJoP.jpg
Pulp Fiction,Pulp Fiction,1994,"Suspense, Crimen, Comedia",154,"Jules y Vincent, dos asesinos a sueldo con muy pocas luces, trabajan para Marsellus Wallace. Vincent le confiesa a Jules que Marsellus le ha pedido que cuide de Mia, su mujer. Jules le recomienda prudencia porque es muy peligroso sobrepasarse con la novia del jefe. Cuando llega la hora de trabajar, ambos deben ponerse manos a la obra. Su misión: recuperar un misterioso maletín.",8.483,https://image.tmdb.org/t/p/w500/hNcQAuquJxTxl2fJFs1R42DrWcf.jpg
Your Name.,君の名は。,2016,"Animación, Romance, Drama",106,"Taki y Mitsuha descubren un día que durante el sueño sus cuerpos se intercambian, y comienzan a comunicarse por medio de notas. A medida que consiguen superar torpemente un reto tras otro, se va creando entre los dos un vínculo que poco a poco se convierte en algo más romántico.",8.481,https://image.tmdb.org/t/p/w500/iaiy3tg9QVkDpObm1IGqmbC9A5C.jpg
Interstellar,Interstellar,2014,"Aventura, Drama, Ciencia ficción",169,Un grupo de exploradores hacen uso de un agujero de gusano recientemente descubierto para superar las limitaciones de los viajes espaciales tripulados y vencer las inmensas distancias que tiene un viaje interestelar.,8.5,https://image.tmdb.org/t/p/w500/9cTfZWP5TfdnmAjiD6ZBXWIJ7O9.jpg
"El bueno, el feo y el malo","Il buono, il brutto, il cattivo",1966,Western,161,"Durante la Guerra de Secesión, tres cazadores de recompensas se lanzan a la búsqueda de un tesoro que ninguno de los tres truhanes puede localizar sin la ayuda de los otros dos. Tuco sabe que el tesoro se encuentra en un cementerio, mientras que Joe conoce el nombre inscrito en la tumba que lo esconde. Mientras tanto, Sentenza no duda en matar a mujeres y niños para conseguir su meta. De esta forma, los tres hombres colaboran en apariencia, pero al final intentarán eliminarse mutuamente.",8.468,https://image.tmdb.org/t/p/w500/71HKV5F9bfm05ZZnjGmRuFpUVCo.jpg
Forrest Gump,Forrest Gump,1994,"Comedia, Drama, Romance",142,"Forrest Gump es un chico con deficiencias mentales no muy profundas y con alguna incapacidad motora que, a pesar de todo, llegará a convertirse, entre otras cosas, en un héroe durante la Guerra del Vietnam. Su persistencia y bondad le llevarán a conseguir una gran fortuna, ser objeto del clamor popular y a codearse con las más altas esferas sociales y políticas del país. Siempre sin olvidar a Jenny, su gran amor desde que era niño.",8.465,https://image.tmdb.org/t/p/w500/azV6hV99lYkdhydsQbJCI6FqMl4.jpg
Uno de los nuestros,GoodFellas,1990,"Drama, Crimen",146,"Henry, un niño de trece años de Brooklyn, vive fascinado con el mundo de los gángsters. Su sueño se hace realidad cuando entra a formar parte de la familia Pauline, dueña absoluta de la zona, que lo educan como un miembro más de la banda convirtiéndole en un destacado mafioso.",8.453,https://image.tmdb.org/t/p/w500/3Yy0zBO9AlyAZH1cTI8Ko2ouCi.jpg
Los siete samuráis,七人の侍,1954,"Acción, Drama",207,"Una banda de forajidos atemorizan a los habitantes de un pequeño pueblo, saqueándolos periódicamente sin piedad. Para repeler estos ataques, los aldeanos deciden contratar a mercenarios. Finalmente, consiguen los servicios de 7 guerreros, 7 samurais dispuestos a defenderlos a cambio, tan solo, de cobijo y comida.",8.449,https://image.tmdb.org/t/p/w500/zr4DkzWIMjaWtj6hlsbN6dnNeTX.jpg
La tumba de las luciérnagas,火垂るの墓,1988,"Animación, Drama, Bélica",95,"Verano de 1945. La aviación estadounidense somete las ciudades japonesas a continuos ataques aéreos. En uno de ellos, una incursión con bombas incendiarias convierte la ciudad de Kōbe en un infierno humeante, para los dos protagonistas (Seita, de 14 años, y su hermanita Setsuko, de 5). El joven Seita y su pequeña hermana Setsuko son hijos de un oficial de la marina japonesa. Durante la Segunda Guerra Mundial, ambos viven con su madre, pero un día, tras un bombardeo, ellos se retrasan y no consiguen llegar al búnker donde ella los espera.",8.444,https://image.tmdb.org/t/p/w500/juKTAn2AuoE9MvCNvf3kwZrt1t4.jpg
La vida es bella,La vita è bella,1997,"Comedia, Drama",117,"En 1939, a punto de estallar la Segunda Guerra Mundial (1939-1945), el extravagante Guido llega a Arezzo, en la Toscana, con la intención de abrir una librería. Allí conoce a la encantadora Dora y, a pesar de que es la prometida del fascista Rodolfo, se casa con ella y tiene un hijo. Al estallar la guerra, los tres son internados en un campo de exterminio, donde Guido hará lo imposible para hacer creer a su hijo que la terrible situación que están padeciendo es tan sólo un juego.",8.439,https://image.tmdb.org/t/p/w500/aZ7MFlKPfB02Lr9NwZQ4vsYRgcy.jpg
Harakiri,切腹,1962,"Acción, Drama, Historia",133,"Un samurái pide permiso para practicarse el Seppuku (o Harakiri), ceremonia durante la cual se quitará la vida abriéndose el estómago al tiempo que otro samurái lo decapitará. Solicita también poder contar la historia que le ha llevado a tomar tan trágica decisión.",8.438,https://image.tmdb.org/t/p/w500/6Cw2LJzt6jRALHystjzWazeB4Pg.jpg
El club de la lucha,Fight Club,1999,"Drama, Suspense",139,"Un hombre consumido por el insomnio y una vida sin sentido conoce a Tyler Durden, un carismático anarquista que lo arrastra a un club secreto donde el dolor despierta algo dormido. Lo que comienza como liberación pronto se convierte en una guerra contra el sistema…",8.438,https://image.tmdb.org/t/p/w500/sgTAWJFaB2kBvdQxRGabYFiQqEK.jpg
El señor de los anillos: La comunidad del anillo,The Lord of the Rings: The Fellowship of the Ring,2001,"Aventura, Fantasía, Acción",179,"En la Tierra Media, el Señor Oscuro Saurón creó los Grandes Anillos de Poder, forjados por los herreros Elfos. Tres para los reyes Elfos, siete para los Señores Enanos, y nueve para los Hombres Mortales. Secretamente, Saurón también forjó un anillo maestro, el Anillo Único, que contiene en sí el poder para esclavizar a toda la Tierra Media. Con la ayuda de un grupo de amigos y de valientes aliados, Frodo emprende un peligroso viaje con la misión de destruir el Anillo Único. Pero el Señor Oscuro Sauron, quien creara el Anillo, envía a sus servidores para perseguir al grupo. Si Sauron lograra recuperar el Anillo, sería el final de la Tierra Media.",8.434,https://image.tmdb.org/t/p/w500/9xtH1RmAzQ0rrMBNUMXstb2s3er.jpg
Ciudad de Dios,Cidade de Deus,2002,"Drama, Crimen",130,"Basada en hechos reales, cuenta la historia del crecimiento del crimen organizado en los suburbios de la ciudad de Río de Janeiro, desde finales de los años sesenta hasta el comienzo de los ochenta, cuando el tráfico de drogas y la violencia impusieron su ley entre la miseria de las favelas.“Buscapé” tiene 11 años y es sólo un niño más en Cidade de Deus, un suburbio de Río de Janeiro. Tímido y delicado, observa a los niños duros de su barrio, sus robos, sus peleas, sus enfrentamientos diarios con la policía. Ya sabe lo que quiere ser si consigue sobrevivir: fotógrafo. “Dadinho”, un niño de su misma edad, se traslada al barrio. Sueña con ser el criminal más peligroso de Río de Janeiro y empieza su aprendizaje haciendo recados para los delincuentes locales. Dos vidas paralelas en Cidade de Deus.",8.429,https://image.tmdb.org/t/p/w500/zYjngc6yGUO1IEuAwk0yAhg8CKh.jpg
Cinema Paradiso,Nuovo Cinema Paradiso,1988,"Drama, Romance",155,"En un pequeño pueblo siciliano durante los años previos a la llegada de la televisión (justo al finalizar la Segunda Guerra Mundial) el joven Toto vivía fascinado por el cine. Toto trata de entablar amistad con Alfredo, el proyeccionista del cine local, una persona muy irritable pero con un gran corazón. Todos estos hechos se presentan en forma de nostálgicos recuerdos de Toto que ha crecido hasta convertirse en un cineasta de éxito, y que revive a su infancia cuando recibe la noticia de que Alfredo ha muerto.",8.428,https://image.tmdb.org/t/p/w500/hHwsr3t5n7VVUbPyU8VZswn0jkL.jpg
El señor de los anillos: Las dos torres,The Lord of the Rings: The Two Towers,2002,"Aventura, Fantasía, Acción",180,"La Compañía del Anillo se ha disuelto. El portador del anillo Frodo y su fiel amigo Sam se dirigen hacia Mordor para destruir el Anillo Único y acabar con el poder de Sauron. Mientras, y tras la dura batalla contra los orcos donde cayó Boromir, el hombre Aragorn, el elfo Legolas y el enano Gimli intentan rescatar a los medianos Merry y Pipin, secuestrados por los ogros de Mordor. Por su parte, Saurón y el traidor Sarumán continúan con sus planes en Mordor, en espera de la guerra contra las razas libres de la Tierra Media.",8.42,https://image.tmdb.org/t/p/w500/up6gIHZlfEQZkHIfQwcOOaGOzOt.jpg
Psicosis,Psycho,1960,"Terror, Suspense, Misterio",109,"Una joven secretaria, tras cometer un robo, se marcha de la ciudad y conduce durante horas, parando para descansar en un pequeño motel de carretera regentado por un joven llamado Norman. Todo parece normal y tranquilo en el apartado motel y en la casa de al lado en la que viven Norman y su madre pero, mientras está en la ducha, la joven es asesinada salvajemente a cuchilladas.",8.413,https://image.tmdb.org/t/p/w500/xFbnc2QPG5H5gYWsGbZT4q8Akya.jpg
Alguien voló sobre el nido del cuco,One Flew Over the Cuckoo's Nest,1975,Drama,133,"Randle McMurphy (Jack Nicholson), un violador de espíritu libre, que vive contracorriente, es recluido en un hospital psiquiátrico. La inflexible disciplina del centro acentúa su contagiosa tendencia al desorden, que acabará desencadenando una guerra entre los pacientes y el personal de la clínica con la fría y severa enfermera Ratched (Louise Fletcher) a la cabeza. La suerte de cada paciente del pabellón está en juego.",8.412,https://image.tmdb.org/t/p/w500/lBYmCynNEPt7HVaJvuXgfHvLhbJ.jpg
O Auto da Compadecida,O Auto da Compadecida,2000,"Comedia, Drama, Fantasía, Romance",104,"En el interior del estado de Paríba, en el pueblo de Taperoá, viven João Grilo y Chicó, dos tipos muy pobres que van anunciando por las calles la mejor película del mundo, 'La Pasión de Cristo'. La sesión tiene éxito y ellos ganan algo de dinero pero siguen luchando por la supervivencia. João Grilo y Chicó planean nuevas tretas para conseguir algún dinero y se enfrentan a numeroso desafíos provocando múltiples confusiones causadas por la astucia de João Grilo, siempre acompañado de Chicó.",8.408,https://image.tmdb.org/t/p/w500/imcOp1kJsCsAFCoOtY5OnPrFbAf.jpg
So Won,소원,2013,Drama,123,Una niña llamada So Won se convierte en víctima de la violencia. Su familia pasa por la desesperación y el dolor al intentar abrir otra puerta en su vida.,8.405,https://image.tmdb.org/t/p/w500/PZlNvDwKwHeHUsXnd6SEDXWZNn.jpg
Cosas imposibles,Cosas imposibles,2021,"Familia, Drama",88,"La vida es tan curiosa e impredecible que, a veces, uno encuentra la felicidad donde menos lo espera. Matilde es una mujer que, tras la muerte de su esposo –un hombre que abusó de ella constantemente–, encuentra a su nuevo gran amigo en Miguel, su vecino joven, inseguro, desorientado y hasta dealer..",8.395,https://image.tmdb.org/t/p/w500/eaf7GQj0ieOwm08rrvjJQNbN0kN.jpg
Spider-Man: un nuevo universo,Spider-Man: Into the Spider-Verse,2018,"Animación, Acción, Aventura, Ciencia ficción",116,"En un universo paralelo donde Peter Parker ha muerto, un joven de secundaria llamado Miles Morales es el nuevo Spider-Man. Sin embargo, cuando el líder mafioso Wilson Fisk construye el 'Super Colisionador' trae a una versión alternativa de Peter Parker que tratará de enseñar a Miles como ser un mejor Spider-Man. Pero no será el único Spider Man en entrar a este universo:  cuatro versiones alternativas buscan regresar a su universo antes de que toda la realidad se colapse.",8.393,https://image.tmdb.org/t/p/w500/xRMZikjAHNFebD1FLRqgDZeGV4a.jpg
El imperio contraataca,The Empire Strikes Back,1980,"Aventura, Acción, Ciencia ficción",124,"Tras un ataque sorpresa de las tropas imperiales a las bases camufladas de la alianza rebelde, Luke Skywalker, en compañía de R2D2, parte hacia el planeta Dagobah en busca de Yoda, el último maestro Jedi, para que le enseñe los secretos de la Fuerza. Mientras, Han Solo, la princesa Leia, Chewbacca, y C3PO esquivan a las fuerzas imperiales y piden refugio al antiguo propietario del Halcón Milenario, Lando Calrissian, en la ciudad minera de Bespin, donde les prepara una trampa urdida por Darth Vader.",8.4,https://image.tmdb.org/t/p/w500/eU7KcNAOeZj9PBIcGUMSsuJz8qj.jpg
A Silent Voice,映画 聲の形,2016,"Animación, Drama, Romance",130,"Shōko, una niña con discapacidad auditiva, es víctima de acoso en su escuela, siendo Shōya su principal agresor. Cuando ella se cambia de colegio, él sufre el rechazo de sus compañeros y queda aislado. Años después, intenta enmendar su error y hacer las paces con Shōko.",8.388,https://image.tmdb.org/t/p/w500/hGQnljXpDGI429SC39LohaQBHhf.jpg
El castillo ambulante,ハウルの動く城,2004,"Fantasía, Animación, Aventura",120,"Sophie, una joven sobre la que pesa una horrible maldición que le confiere el aspecto de una anciana, decide pedir ayuda al mago Howl, que vive en un castillo ambulante, pero tal vez sea Howl quien necesite la ayuda de Sophie.",8.388,https://image.tmdb.org/t/p/w500/p8EARnEw8KPZzlZg3vkseYVMczu.jpg
Un ángel en nuestras vidas,Lucy Shimmers and the Prince of Peace,2020,"Drama, Familia",87,Las segundas oportunidades comienzan cuando un criminal endurecido se cruza con una niña precoz a la que un ángel ayuda a cambiar de corazón durante la temporada navideña.,8.384,https://image.tmdb.org/t/p/w500/f938pbdnA0rYQCkdB2RIKLluJpW.jpg
Gabriel's Inferno,Gabriel's Inferno,2020,"Romance, Drama",122,"El enigmático y atractivo profesor Gabriel Emerson, reconocido especialista en Dante, es un hombre torturado por su pasado y orgulloso del prestigio que ha conseguido, aunque también es consciente de que es un imán para el pecado y, en especial, para la lujuria.",8.383,https://image.tmdb.org/t/p/w500/oyG9TL7FcRP4EZ9Vid6uKzwdndz.jpg
Érase una vez en América,Once Upon a Time in America,1984,"Drama, Crimen",225,"David Aaronson ""Noodles"", un pobre joven judío, conoce en los suburbios de principios del siglo XX de Manhattan, Nueva York, a Maximilian Bercovicz ""Max"", otro joven de origen hebreo dispuesto a llegar lejos por cualquier método. Entablan una gran amistad y forman, con los 3 colegas de ""Noodles"", Patrick Goldberg ""Patsy"", Philip Stein ""Cockeye"", y Dominic una banda que prospera rápidamente. Desgraciadamente, son perseguidos por Bugsy, el tipo para el que Noodles y sus amigos trabajaban anteriormente, y en uno de sus asaltos, mata a Dominic. Rápidamente Noodles se tira encima suyo y le mata, por lo que pasará 12 años en prisión. Cuando Noodles sale de prisión le recibe Max, que sigue con su banda junto a los otros 2 amigos, Patsy y Cockeye. Rápidamente, entre los 4, llegan a convertirse, en tiempos de la prohibición, en unos de los mayores gánsteres de todo el país.",8.4,https://image.tmdb.org/t/p/w500/u4VnqaxINtKVscmdldZsBojU6jm.jpg
Seven,Se7en,1995,"Crimen, Misterio, Suspense",127,"El teniente Somerset, del departamento de homicidios, está a punto de jubilarse y ser reemplazado por el ambicioso y brillante detective David Mills. Ambos tendrán que colaborar en la resolución de una serie de asesinatos cometidos por un psicópata que toma como base la relación de los siete pecados capitales: gula, pereza, soberbia, avaricia, envidia, lujuria e ira. Los cuerpos de las víctimas, sobre los que el asesino se ensaña de manera impúdica, se convertirán para los policías en un enigma que les obligará a viajar al horror y la barbarie más absoluta.",8.382,https://image.tmdb.org/t/p/w500/uVPcVz4b2hnSGrXYLdIGRXwcivs.jpg
Whiplash,Whiplash,2014,"Drama, Música, Suspense",105,"El objetivo de Andrew Neiman, un joven y ambicioso baterista de jazz, es triunfar en el elitista Conservatorio de Música de la Costa Este en el que estudia. Marcado por el fracaso de la carrera literaria de su padre, Andrew alberga sueños de grandeza. Terence Fletcher, un profesor conocido tanto por su talento como por sus rigurosos métodos de enseñanza, dirige el mejor conjunto de jazz del Conservatorio. Cuando Fletcher elige a Andrew y para formar parte del conjunto musical que dirige, cambia para siempre la vida del joven. La pasión de Andrew por alcanzar la perfección se convierte en obsesión, al tiempo que su despiadado profesor lo lleva al límite de su capacidad y de su salud mental.",8.375,https://image.tmdb.org/t/p/w500/uy36CPy5ARuC8qrH8Esg2ndFyJ5.jpg
El pianista,The Pianist,2002,"Drama, Bélica",150,"Varsovia, 1939. El pianista polaco de origen judío Wladyslaw Szpilman (Adrien Brody) interpreta un tema de Chopin en la radio nacional de Polonia mientras la aviación alemana bombardea la capital. El régimen nazi ha invadido el país, y como hace en otros países invadidos, lleva a cabo la misma política con respecto a los judíos. Así Szpilman y toda su familia -sus padres, su hermano y sus dos hermanas- se ven obligados a dejar su casa y todo lo que les pertenece para trasladarse con miles de personas de origen judío al ghetto de Varsovia. Mientras Wladyslaw trabaja como pianista en un restaurante propiedad de un judío que colabora con los nazis, su hermano Henryk (Ed Stoppard) prefiere luchar contra los nazis. Pero tres años más tarde, los habitantes del ghetto son trasladados en trenes hacia campos de concentración.",8.4,https://image.tmdb.org/t/p/w500/mxfLOWnHnSlbdraKfzRn5mqoqk7.jpg
Chainsaw Man - La película: El arco de Reze,劇場版 チェンソーマン レゼ篇,2025,"Animación, Acción, Romance, Fantasía",100,"Denji trabajaba como cazador de demonios para la yakuza, tratando de saldar la deuda que había heredado de sus padres, pero la yakuza lo traicionó y lo mató. Antes de perder el conocimiento, Pochita, el perro-demonio motosierra de Denji, hizo un trato con él y le salvó la vida. Así se fusionaron, creando al imparable Chainsaw Man. Ahora, en medio de una brutal guerra entre demonios, cazadores y enemigos secretos, una misteriosa chica llamada Reze irrumpe en su mundo y Denji se enfrenta a su batalla más mortífera, impulsado por el amor, en un mundo donde la supervivencia no conoce reglas.",8.372,https://image.tmdb.org/t/p/w500/fJdnp5OO2wh07tdy6noACNyaqMJ.jpg
Origen,Inception,2010,"Acción, Ciencia ficción, Aventura",148,"Dom Cobb es un ladrón hábil, el mejor de todos, especializado en el peligroso arte de extracción: el robo de secretos valiosos desde las profundidades del subconsciente durante el estado de sueño cuando la mente está más vulnerable. Esta habilidad excepcional de Cobb le ha hecho un jugador codiciado en el traicionero nuevo mundo de espionaje corporativo, pero al mismo tiempo, le ha convertido en un fugitivo internacional y ha tenido que sacrificar todo que le importaba. Ahora a Cobb se le ofrece una oportunidad para redimirse. Con un último trabajo podría recuperar su vida anterior, pero solamente si logra lo imposible.",8.4,https://image.tmdb.org/t/p/w500/tXQvtRWfkUUnWJAn2tN3jERIUG.jpg
El infierno del odio,天国と地獄,1963,"Drama, Crimen, Suspense",143,"En un momento crucial de su vida financiera, Gondo, un hombre de negocios, recibe la noticia de que su hijo ha sido secuestrado, y el rescate exigido es una cantidad de dinero similar a la que necesita para cerrar una importante negociación. Gondo está dispuesto a pagar el rescate hasta que comprende que los secuestradores se han equivocado y se han llevado al hijo del chófer. Ahora deberá decidir si el dinero es más importante que la vida del niño.",8.362,https://image.tmdb.org/t/p/w500/9c87PSaPcoZzAGbJKQLAcYiqGRy.jpg
The Punisher: One Last Kill,The Punisher: One Last Kill,2026,"Acción, Drama, Crimen",51,"Mientras Frank Castle busca propósito más allá de la venganza, una fuerza inesperada lo arrastra de nuevo a la lucha.",8.361,https://image.tmdb.org/t/p/w500/p1eqHRxfIxfgtDgfjWcpEESeEvF.jpg
Michael,Michael,2026,"Música, Drama",128,"El viaje de Michael Jackson más allá de la música, desde el descubrimiento de su extraordinario talento como líder de los Jackson Five hasta convertirse en una visionaria estrella cuya ambición creativa despertó un incansable afán por consagrarse como el mayor icono de la industria del entretenimiento.",8.366,https://image.tmdb.org/t/p/w500/2uK36ujoDXOfNiJ5Yp3raVprB51.jpg
Gabriel's Inferno: Part II,Gabriel's Inferno: Part II,2020,"Romance, Drama",106,"Basado en la novela más vendida de Sylvain Reynard, el profesor Gabriel Emerson se ha embarcado en un apasionado pero clandestino romance con su antigua alumna, Julia Mitchell.",8.349,https://image.tmdb.org/t/p/w500/x5o8cLZfEXMoZczTYWLrUo1P7UJ.jpg
El silencio de los corderos,The Silence of the Lambs,1991,"Crimen, Suspense, Drama",118,"Clarice Starling, del FBI, se aventura a una prisión de máxima seguridad para analizar el cerebro enfermo de Hannibal Lecter, un psiquiatra convertido en caníbal.",8.345,https://image.tmdb.org/t/p/w500/8FdQQ3cUCs9goEOr1qUFaHackoJ.jpg
El infierno de Gabriel Parte 3,Gabriel's Inferno: Part III,2020,"Romance, Drama",102,,8.34,https://image.tmdb.org/t/p/w500/fYtHxTxlhzD4QWfEbrC1rypysSD.jpg
La ventana indiscreta,Rear Window,1954,"Suspense, Misterio, Drama",112,"Un reportero fotográfico se ve obligado a permanecer en reposo con una pierna escayolada. A pesar de la compañía de su novia y de su enfermera, procura escapar al tedio, observando desde la ventana de su apartamento con unos prismáticos lo que ocurre en las viviendas de enfrente. Debido a una serie de extrañas circunstancias empieza a sospechar de un vecino cuya mujer ha desaparecido.",8.3,https://image.tmdb.org/t/p/w500/fH1MipE8PXGg0rlI5cUdzxKnyA2.jpg
Spider-Man: Cruzando el Multiverso,Spider-Man: Across the Spider-Verse,2023,"Animación, Acción, Aventura, Ciencia ficción",140,"Tras reencontrarse con Gwen Stacy, el amigable vecindario de Spider-Man de Brooklyn al completo es catapultado a través del Multiverso, donde se encuentra con un equipo de Spidermans encargados de proteger su propia existencia. Pero cuando los héroes se enfrentan sobre cómo manejar una nueva amenaza, Miles se encuentra enfrentado a las otras Arañas y debe redefinir lo que significa ser un héroe para poder salvar a la gente que más quiere.",8.336,https://image.tmdb.org/t/p/w500/37WcNMgNOMxdhT87MFl7tq7FM1.jpg
American History X,American History X,1998,Drama,119,"Derek (Edward Norton) es un joven californiano que se convierte en el líder de una banda de neonazis tras el asesinato de su padre. Su hermano pequeño, Danny, le admira y sigue sus pasos de odio y violencia. Cuando Derek mata a dos ladrones negros, es condenado a tres años de cárcel, donde cambia su forma de pensar al conocer a otros presos. Al salir, intenta alejar a Danny del racismo y la delincuencia, pero se encuentra con la resistencia de sus antiguos compañeros y las consecuencias de su pasado.",8.327,https://image.tmdb.org/t/p/w500/h2cDqHvnZkycBJKoF7WhcQ2MX1V.jpg
Radical,Radical,2023,Drama,127,"En una ciudad fronteriza mexicana plagada de abandono, corrupción y violencia, un profesor frustrado prueba un nuevo método radical para romper la apatía de sus alumnos y desbloquear su curiosidad, su potencial... y puede que incluso su genialidad. Basada en una historia real.",8.326,https://image.tmdb.org/t/p/w500/eSatbygYZp8ooprBHZdb6GFZxGB.jpg
Regreso al futuro,Back to the Future,1985,"Aventura, Comedia, Ciencia ficción",116,"El adolescente Marty McFly es amigo de Doc, un científico al que todos toman por loco. Cuando Doc crea una máquina para viajar en el tiempo, un error fortuito hace que Marty llegue a 1955, año en el que sus futuros padres aún no se habían conocido. Después de impedir su primer encuentro, deberá conseguir que se conozcan y se casen; de lo contrario, su existencia no sería posible.",8.326,https://image.tmdb.org/t/p/w500/owk40tn1sFJmC7bhamEpmhdZPKa.jpg
La princesa Mononoke,もののけ姫,1997,"Aventura, Fantasía, Animación",134,"Tras sufrir el ataque de un monstruoso jabalí maldito, el joven Ashitaka emprende el camino en busca de la cura que detenga la infección. Mientras, los humanos están acabando con los bosques y los dioses convertidos en temibles bestias hacen todo lo posible por protegerlo encabezados por Mononoke, una princesa guerrera. Ashikata deberá escoger bando y decidir si ayudar a los hombres o las deidades intentando detener la maldición de su herida que se extiende por su cuerpo sin cuartel.",8.321,https://image.tmdb.org/t/p/w500/xP466sdt19CPLVljpRwI7luEgFn.jpg
Robot salvaje,The Wild Robot,2024,"Familia, Animación, Ciencia ficción, Aventura",101,"Esta aventura épica cuenta la historia de una robot, Rozzum 7-1-3-4, ""Roz"" para abreviar, que naufraga en una isla inhabitada y debe aprender a adaptarse a los entornos rigurosos construyendo relaciones con los animales de la isla y convirtiéndose en la madre adoptiva de una cría de ganso huérfana.",8.314,https://image.tmdb.org/t/p/w500/a0a7RC01aTa7pOnskgJb3mCD2Ba.jpg
Vivir,生きる,1952,Drama,123,"Kanji Watanabe es un viejo funcionario público que arrastra una vida monótona y gris; sin embargo, no es consciente del vacío de su existencia hasta que le diagnostican un cáncer incurable. Con la certeza de que el fin de sus días se acerca, surge en él la necesidad de buscarle un sentido a la vida. Y cuando lo consigue se produce un cambio radical en su actitud respecto a los demás.",8.302,https://image.tmdb.org/t/p/w500/eDg67pLOtZAewt0hKIoinECpzCG.jpg
Michael,Michael,2026,"Música, Drama",128,"El viaje de Michael Jackson más allá de la música, desde el descubrimiento de su extraordinario talento como líder de los Jackson Five hasta convertirse en una visionaria estrella cuya ambición creativa despertó un incansable afán por consagrarse como el mayor icono de la industria del entretenimiento.",8.366,https://image.tmdb.org/t/p/w500/2uK36ujoDXOfNiJ5Yp3raVprB51.jpg
El club de los poetas muertos,Dead Poets Society,1989,Drama,128,"En un elitista y estricto colegio privado de Nueva Inglaterra, un grupo de alumnos descubrirá la poesía, el significado de ""Carpe Diem"" -aprovechar el momento- y la importancia de perseguir los sueños, gracias a un excéntrico profesor que despierta sus mentes por medio de métodos poco convencionales.",8.3,https://image.tmdb.org/t/p/w500/vsLcmuk8KBN73spAIEwm1nLNSjc.jpg
La leyenda de Hei,罗小黑战记,2019,"Animación, Fantasía, Acción",102,"Durante generaciones, los humanos han creído que los demonios eran leyendas, sin saber que realmente coexisten con nosotros. Hei es un gato demonio que ha vivido siempre feliz en los bosques de las montañas, hasta que la expansión de la ciudad acaba destruyendo su propio hogar. En ese momento, Hei comienza a vagar por el mundo buscando un nuevo lugar en el que cobijarse.  Una película precuela de la serie web Luo Xiao Hei Zhan Ji. Los espectadores descubrirán cómo Xiao Hei obtuvo el apellido Luo. También se espera que el episodio 28 de la serie sea lanzado justo antes de que la película se transmita en los cines después de un paréntesis de 2 años.",8.297,https://image.tmdb.org/t/p/w500/ogqmdo6Vuofr1FkDQgwB1PHw4ZC.jpg
El profesional (Léon),Léon,1994,"Crimen, Drama, Acción",110,"Stan es un corrupto agente de la DEA cuya codicia le lleva a cometer asesinatos en las calles de Nueva York. El mortal juego del gato y el ratón empieza cuando se cruza en su camino un solitario hombre, llamado León. León es asesino a sueldo, un personaje indestructible e indocumentado, que sólo bebe leche y se ocupa de sus plantas. En medio se encuentra una huerfanita de 12 años, que no puede olvidar al hombre que asesinó a su familia.",8.295,https://image.tmdb.org/t/p/w500/9Ztxqq9mAeGiXDkyqXJPaACUcbd.jpg
Violet Evergarden: La película,劇場版 ヴァイオレット・エヴァーガーデン,2020,"Animación, Drama, Fantasía, Romance",140,"La historia se retoma desde los últimos hechos acontecidos en la serie. Violet sigue trabajando como muñeca sin olvidar a Gilbert. En su camino se cruza Ulysse Yurith, un niño enfermo que le pide a la muñeca que redacte cartas de despedida para su familia. Además, Violet se topa con una carta que cambiará el destino de su vida. ¿Podría Gilbert haberse salvado y seguir vivo en algún lugar?",8.294,https://image.tmdb.org/t/p/w500/dXQ0UVNJTFi7YhDgchFJJCBOxQO.jpg
Las Quintillizas: La Película,映画 五等分の花嫁,2022,"Animación, Comedia, Romance",136,"Como tutor a tiempo parcial, a Fuutarou se le asigna la tarea de guiar a las cinco hermosas chicas, que están “a punto de suspender” y “odian los estudios”, hasta la “graduación”. Fuutarou se esfuerza por preparar el festival escolar mientras vigila los estudios de Ichika, que ha decidido tomarse una licencia para concentrarse en la actuación, y Yotsuba está aún más decidida que de costumbre a que sea un festival escolar sin remordimientos.  Fuutarou se siente animado por la decisión de Itsuki de no rendirse, y busca respuestas a los sentimientos de Nino, la determinación de Miku y sus sentimientos por Ichika, Yotsuba e Itsuki. Con cada uno de ellos con sus propios pensamientos y sentimientos, el primer día del festival escolar, el último evento de su vida en el instituto, finalmente comenzó. “Ven al salón de clases a las 15:00, el primer día del festival escolar”. Las quintillizas se reúnen en el aula y Fuutarou finalmente les informa que tomará una decisión…",8.3,https://image.tmdb.org/t/p/w500/6QsExD8uP3vLk64yLnxD8MSS4A6.jpg
Dedicada A Mi Ex,Dedicada A Mi Ex,2019,"Drama, Comedia",94,"La película cuenta la historia de Ariel, un joven de 21 años que decide formar una banda de rock para competir por un premio de diez mil dólares en un concurso de bandas musicales, esta es la última opción cuando intenta obtener dinero para salvar su relación. y se reúne con su ex novia, que se rompe debido al viaje que debe hacer a Finlandia para una pasantía. Ariel con su amiga Ortega, decide hacer un casting para encontrar a los otros miembros de la banda, aunque no saben nada de música, formando así una banda con miembros que tienen personalidades diversas y opuestas.",8.3,https://image.tmdb.org/t/p/w500/xc4bTXVwYNXi10jG9dwcaYt5IpU.jpg
Una mujer y tres hombres,C'eravamo tanto amati,1974,"Drama, Comedia",125,"Amarga crónica de la historia de Italia, desde la posguerra hasta los años setenta, narrada a través de un grupo de amigos de izquierdas que se conocieron cuando en 1944 lucharon contra los nazis. Este retrato del idealismo, pero también de la inevitable pérdida de las ilusiones a causa del acomodamiento burgués, fue el primer éxito internacional del realizador italiano Ettore Scola.",8.3,https://image.tmdb.org/t/p/w500/oz9q8fI9j5dcxowuFagFzhaiK2z.jpg
¡Qué bello es vivir!,It's a Wonderful Life,1946,"Drama, Familia, Fantasía",129,"George Bailey es un honrado y modesto ciudadano que dirige y mantiene a flote un pequeño banco familiar, a pesar de los intentos de un poderoso banquero por arruinarlo. El dia de Nochebuena de 1945, abrumado por la repentina desaparición de una importante suma de dinero, que supondría no solo la quiebra de su banco sino también un gran escándalo, decide suicidarse, pero cuando está a punto de hacerlo ocurre algo extraordinario.",8.3,https://image.tmdb.org/t/p/w500/63W4MsB8e5whhPNyxhRVTzSsCje.jpg
El gran dictador,The Great Dictator,1940,"Comedia, Bélica",125,"Un humilde barbero judío tiene un parecido asombroso con el dictador de la nación Tomania, que promete sacar adelante y que culpa a los judíos de la situación del país. El dictador ataca al país fronterizo, pero es confundido con el barbero por sus propios guardias, siendo ingresado en un campo de concentración. Simultáneamente, el pobre barbero es confundido con el dictador...",8.3,https://image.tmdb.org/t/p/w500/w7ovs2B2AlNRig68HOmuYVQRroQ.jpg
En la misma clase,同級生,2016,"Romance, Animación",60,"Sajô y Kusakabe son más o menos igual de altos, tienen la misma edad y van a la misma clase. Por lo demás, no puede decirse que tengan mucho en común. Kusakabe, de carácter inquieto y despreocupado, toca en un grupo de rock con sus amigos y deja pasar los días sin pensar mucho en el futuro. Sajô, en cambio, es un alumno modélico que no termina de encajar en ese instituto de macarras, al que nadie sabe muy bien cómo fue a parar. Un día, Kusakabe se da cuenta de que su compañero no canta en los ensayos del coro para intentar disimular su falta de oído musical, así que se ofrece a darle unas lecciones. Entre refrescos compartidos bajo el sol de verano, nace entre ellos un amor de adolescencia que crecerá con el devenir de las estaciones. De la mano, compartiendo sinsabores y alegrías, ambos se encaminarán hacia el final de sus días de instituto y el comienzo de la vida adulta.",8.3,https://image.tmdb.org/t/p/w500/7byisQANRFHf9SC60n5PaLywuMa.jpg
Tiempos modernos,Modern Times,1936,"Comedia, Drama, Romance",87,"Extenuado por el frenético ritmo de la cadena de montaje, un obrero metalúrgico acaba perdiendo la razón. Después de recuperarse en un hospital, sale y es encarcelado por participar en una manifestación en la que se encontraba por casualidad. En la cárcel, también sin pretenderlo, ayuda a controlar un motín, gracias a lo cual queda en libertad. Una vez fuera, reemprende la lucha por la supervivencia en compañía de una joven huérfana a la que conoce en la calle.",8.3,https://image.tmdb.org/t/p/w500/f3uOJseH4oPEo0Sq7WyQ6IwMG4l.jpg
El crepúsculo de los dioses,Sunset Boulevard,1950,Drama,110,"Joe Gillis es un joven escritor de segunda fila que, acosado por sus acreedores, se refugia casualmente en la mansión de Norma Desmond, antigua estrella del cine mudo, que vive fuera de la realidad, acompañada únicamente de su fiel criado Max. A partir de ese momento, la actriz pretende que Joe corrija un guión que ella ha escrito y que va a significar su regreso al cine.",8.276,https://image.tmdb.org/t/p/w500/sVILYytrnjsEXBcZyxHMJ5jP74t.jpg
Hasta que llegó su hora,C'era una volta il West,1968,"Drama, Western",166,"Mientras los constructores del ferrocarril avanzan imparables por el desierto de Arizona en su camino hacia el mar, Jill llega al pequeño pueblo de Flagstone con la intención de empezar una nueva vida.",8.3,https://image.tmdb.org/t/p/w500/upiek8u4rHTrOJW9B0woXe4A4h7.jpg
Intocable,Intouchables,2011,"Drama, Comedia",112,"Un hombre tetraplégico y millonario contrata como cuidador a domicilio a Driss, un inmigrante de un barrio marginal recién salido de la cárcel. Aunque no parece la persona más indicada, congenian hasta forjar una amistad tan sólida como inesperada.",8.271,https://image.tmdb.org/t/p/w500/edPWyHqknFuxFY3sdmC3LtJITWC.jpg
Apocalypse Now,Apocalypse Now,1979,"Drama, Bélica",147,"Durante la guerra de Vietnam, al joven Capitán Willard, un oficial de los servicios de inteligencia del ejército estadounidense, se le ha encomendado entrar en Camboya con la peligrosa misión de eliminar a Kurtz, un coronel renegado que se ha vuelto loco. El capitán deberá ir navegar por el río hasta el corazón de la selva, donde parece ser que Kurtz reina como un buda despótico sobre los miembros de la tribu Montagnard, que le adoran como a un dios.",8.3,https://image.tmdb.org/t/p/w500/zJXRrkJTlcb5x87v4VWN1zZX0Xk.jpg
"Josee, el tigre y los peces",ジョゼと虎と魚たち,2020,"Animación, Drama, Romance",98,"Tsuneo, un estudiante que trabaja medio tiempo, conoce a Josee, una joven parapléjica que sueña con un mundo más allá de su realidad. Lo que empieza como amistad pronto se transforma en amor.",8.268,https://image.tmdb.org/t/p/w500/buF1mmMRAiJZMOK5Qg3DBTtZ5XO.jpg
Érase una vez un estudio,Once Upon a Studio,2023,"Animación, Familia, Fantasía, Drama, Comedia",9,Los queridos personajes de los 100 años de Disney Animation tienen un reencuentro inolvidable.,8.3,https://image.tmdb.org/t/p/w500/81BdCKeRtyHr0muZY72zYr0JM3j.jpg
Incontrolable (I Swear),I Swear,2025,Drama,120,"La historia real de John Davidson. Diagnosticado con Tourette a los 15 años, señalado como loco por sus compañeros, luchó con una condición que pocos habían presenciado. Ya adulto, hizo campaña en favor del síndrome de Tourette .",8.268,https://image.tmdb.org/t/p/w500/zcbGacD569vOB1iXthB7bVe2sW2.jpg
Como caído del cielo,Como caído del cielo,2019,"Comedia, Drama, Música",112,El legendario actor y cantante mexicano Pedro Infante es enviado de regreso a la Tierra en el cuerpo de un imitador para enmendar sus errores por la forma en que trató a las mujeres y así ganar su entrada al cielo.,8.263,https://image.tmdb.org/t/p/w500/o9cSEHrXzPOO4OIoT9yrdxc216w.jpg
En el bosque de la luz de las luciérnagas,蛍火の杜へ,2011,"Romance, Animación, Fantasía",45,"De niña, Hotaru se pierde en un bosque y conoce a Gin, un joven enmascarado que no puede ser tocado por humanos debido a un hechizo. Cada verano, ella regresa para verlo, creando un vínculo especial que desafía el paso del tiempo.",8.257,https://image.tmdb.org/t/p/w500/xE763r1dnYji0gOxrSxBtzyouSf.jpg
La evasión,Le Trou,1960,"Drama, Suspense, Crimen",132,"Francia, 1947. Gaspard Claude ha sido acusado del intento de asesinato de su mujer, pero es inocente. Una vez en la cárcel, comparte celda con cuatro duros criminales que han decidido escapar de la prisión construyendo un laborioso túnel. A duras penas, convencen al joven para que se una al plan de fuga y participe en la construcción del túnel.",8.257,https://image.tmdb.org/t/p/w500/Al1F9o6fDkOBRngeG2FTJ0f9xTv.jpg
Neon Genesis Evangelion: The End of Evangelion,新世紀エヴァンゲリオン劇場版 Air／まごころを、君に,1997,"Animación, Ciencia ficción, Drama, Fantasía",90,Seele ordena un ataque sin cuartel contra NERV con el objetivo de destruir los Evas antes de que Gendo pueda provocar el Tercer Impacto y la unión de las almas humanas.,8.3,https://image.tmdb.org/t/p/w500/9jbxvKB937BWeYAmMKZTqPxBLsk.jpg
Senderos de gloria,Paths of Glory,1957,"Bélica, Drama",88,"Primera Guerra Mundial (1914-1918). En 1916, en Francia, el general Boulard ordena la conquista de una inexpugnable posición alemana y encarga esa misión al ambicioso general Mireau. El encargado de dirigir el ataque será el coronel Dax. La toma de la colina resulta un infierno, y el regimiento emprende la retirada hacia las trincheras. El alto mando militar, irritado por la derrota, decide imponer al regimiento un terrible castigo que sirva de ejemplo a los demás soldados.",8.3,https://image.tmdb.org/t/p/w500/vz8J8nTbF5JP7PQK4VNVsO8rzCy.jpg
El rey león,The Lion King,1994,"Animación, Familia, Drama",85,"La sabana africana es el escenario en el que tienen lugar las aventuras de Simba, un pequeño león que es el heredero del trono. Sin embargo, se ve forzado a exiliarse al ser injustamente acusado de la muerte de su padre. Durante su destierro, hará buenas amistades y, finalmente, regresará para recuperar lo que legítimamente le corresponde.",8.254,https://image.tmdb.org/t/p/w500/b0MxU37dNmMwKtoPVYPKOZSIrIn.jpg
Michael Jackson's Thriller,Michael Jackson's Thriller,1983,"Terror, Suspense, Música",13,"Tras asistir a la proyección de una película, una pareja es atacada por una horda de zombies hambrientos de sangre. Legendario videoclip musical, uno de los más influyentes jamás realizados, que contó con una versión corta y otra larga, de 13 min, y que cuenta con una historia narrativa además del número musical de Jackson. En 2009 fue seleccionado por la Biblioteca del Congreso de los Estados Unidos como una de las obras cinematográficas más relevantes de la historia, y en 2017 fue restaurado en 3D y proyectado en el Festival de Cine de Venecia, en una versión supervisada por el propio John Landis.",8.252,https://image.tmdb.org/t/p/w500/dYHGoPMkZMVuBA4EydmDQMo1EEv.jpg
Milagro en la celda 7,Koğuştaki Mucize,2019,Drama,132,"Un hombre con discapacidad intelectual es injustamente encarcelado por la muerte de una niña, y debe demostrar su inocencia para poder estar de nuevo con su hija.",8.251,https://image.tmdb.org/t/p/w500/scxBIHaT1ZiPDPJu3vKd9Yn5gBA.jpg
Un día de verano,牯嶺街少年殺人事件,1991,"Crimen, Drama, Romance",237,"Taiwan, años '60. Los jóvenes taiwaneses, aunque dominados por China, se sienten deslumbrados por los Estados Unidos y organizan bandas para afirmar su identidad. La versión original duraba 237 minutos, pero por motivos comerciales Yang la recortó para su exhibición hasta los 188 minutos.",8.3,https://image.tmdb.org/t/p/w500/gXvyDspzokDAjG0C3rSrszTj12j.jpg
Luces de la ciudad,City Lights,1931,"Comedia, Drama, Romance",87,Un pobre vagabundo (Charles Chaplin) pasa mil y un avatares para conseguir dinero y ayudar a una pobre chica ciega (Virginia Cherill) de la que se ha enamorado.,8.3,https://image.tmdb.org/t/p/w500/15bnFY02iqWB6jN0sjxsxMNrmWS.jpg
Matrix,The Matrix,1999,"Acción, Ciencia ficción",138,"Thomas Anderson lleva una doble vida: por el día es programador en una importante empresa de software, y por la noche un hacker informático llamado Neo. Su vida no volverá a ser igual cuando unos misteriosos personajes le inviten a descubrir la respuesta a la pregunta que no le deja dormir: ¿qué es Matrix?",8.247,https://image.tmdb.org/t/p/w500/8rT9kG2EYkZpJmYCuTJNnPDEube.jpg
Contraataque,Contraataque,2025,"Acción, Aventura, Suspense",85,"En una misión de rescate de rehenes, el capitán Guerrero y sus soldados de élite sufren una emboscada de un despiadado cártel de la droga.",8.243,https://image.tmdb.org/t/p/w500/vaRGCGxYeKKgI9df2YZj5vlJebr.jpg
Clouds,Clouds,2020,"Música, Drama, Romance",121,"En esta inspiradora historia basada en hechos reales, el joven músico Zach Sobiech descubre que su cáncer se ha extendido y que le quedan pocos meses de vida. A pesar de eso, decide cumplir su sueño de grabar un álbum, sin saber que pronto se convertirá en un fenómeno viral. Al final, la música le da un nuevo sentido a la vida de Zach y le ayuda a despedirse de todos... con una canción que acabará escuchándose en todo el mundo.",8.243,https://image.tmdb.org/t/p/w500/2YvT3pdGngzpbAuxamTz4ZlabnT.jpg
La leyenda del pianista en el océano,La leggenda del pianista sull'oceano,1998,"Drama, Música",125,"Historia de un niño que fue abandonado sobre el piano del Virginia, un enorme trasatlántico. El niño es adoptado por un maquinista y le pone por nombre ""Novecento"", ya que lo encuentra justo en el cambio de siglo. Novecento se convertirá en un fabuloso pianista y amenizará las noches del Virginia. Pero nunca pisará tierra firme, ni tan sólo tras las súplicas de su amigo Max.",8.2,https://image.tmdb.org/t/p/w500/td38NLfhvwotZhKKHGXd71BKiox.jpg
Old Boy,올드보이,2003,"Drama, Suspense, Misterio, Acción",119,"Sin tener idea de cómo llegó a ser encarcelado, drogado y torturado durante 15 años, un hombre desesperado busca vengarse de sus captores.",8.238,https://image.tmdb.org/t/p/w500/45kRW1xgTq3QrZltL9mY9e9iYkH.jpg
Vengadores: Infinity War,Avengers: Infinity War,2018,"Aventura, Acción, Ciencia ficción",149,"El todopoderoso Thanos ha despertado con la promesa de arrasar con todo a su paso, portando el Guantelete del Infinito, que le confiere un poder incalculable. Los únicos capaces de pararle los pies son los Vengadores y el resto de superhéroes de la galaxia, que deberán estar dispuestos a sacrificarlo todo por un bien mayor. Capitán América e Ironman deberán limar sus diferencias, Black Panther apoyará con sus tropas desde Wakanda, Thor y los Guardianes de la Galaxia e incluso Spider-Man se unirán antes de que los planes de devastación y ruina pongan fin al universo. ¿Serán capaces de frenar el avance del titán del caos?",8.237,https://image.tmdb.org/t/p/w500/ksBQ4oHQDdJwND8H90ay8CbMihU.jpg
Vengadores: Endgame,Avengers: Endgame,2019,"Aventura, Ciencia ficción, Acción",181,"Tras el chasquido de Thanos que eliminó a la mitad de la vida en el universo, los Vengadores supervivientes quedan devastados y divididos. Cinco años después, una inesperada oportunidad les permite intentar revertir la catástrofe. Reuniéndose una vez más, los héroes emprenden una misión extrema que los obliga a viajar al pasado, enfrentarse a sus propias pérdidas y hacer sacrificios definitivos para restaurar el equilibrio del universo.",8.237,https://image.tmdb.org/t/p/w500/br6krBFpaYmCSglLBWRuhui7tPc.jpg
Given: The Movie,映画 ギヴン,2020,"Animación, Drama, Música, Romance",59,"Después de la emisión del episodio final de la adaptación de anime de Given, la cuenta oficial de Twitter anunció que se lanzará una adaptación de largometraje en 2020, retomando directamente donde se detuvo la serie de televisión.  La historia se centra en Ritsuka, un guitarrista que ha perdido el interés por tocar. Un día, conoce a Mafuyu, que tiene una guitarra rota, y Ritsuka de mala gana comienza a enseñarle a Mafuyu a tocar la guitarra, pero cuando escucha la voz de Mafuyu, las cosas comienzan a cambiar de repente para Ritsuka.",8.227,https://image.tmdb.org/t/p/w500/fsEq2LddodaHvhs4mTZAaqOV6sR.jpg
Gladiator,Gladiator,2000,"Acción, Drama, Aventura",155,"En el año 180, el Imperio Romano domina todo el mundo conocido. Tras una gran victoria sobre los bárbaros del norte, el anciano emperador Marco Aurelio decide transferir el poder a Máximo, bravo general de sus ejércitos y hombre de inquebrantable lealtad al imperio. Pero su hijo Cómodo, que aspiraba al trono, no lo acepta y trata de asesinar a Máximo.",8.227,https://image.tmdb.org/t/p/w500/90QFOG5zSN4cbrIVs4DL4ePAuA5.jpg
Quiero comerme tu páncreas,君の膵臓をたべたい,2018,"Animación, Drama, Romance",109,"Un estudiante descubre el diario de su compañera Sakura, quien padece una enfermedad terminal. Al ser el único fuera de su familia que lo sabe, decide apoyarla y compartir tiempo con ella en sus últimos meses.",8.226,https://image.tmdb.org/t/p/w500/1rgR2oMVFuk4ltx6tYXYskPaA6Y.jpg
Quiero comerme tu páncreas,君の膵臓をたべたい,2018,"Animación, Drama, Romance",109,"Un estudiante descubre el diario de su compañera Sakura, quien padece una enfermedad terminal. Al ser el único fuera de su familia que lo sabe, decide apoyarla y compartir tiempo con ella en sus últimos meses.",8.226,https://image.tmdb.org/t/p/w500/1rgR2oMVFuk4ltx6tYXYskPaA6Y.jpg
Seishun Buta Yarou wa Yumemiru Shoujo no Yume wo Minai,青春ブタ野郎はゆめみる少女の夢を見ない,2019,"Animación, Romance, Drama, Fantasía",90,"En Fujisawa, donde los cielos son brillantes y los mares brillan, Sakuta Azusagawa está en su segundo año de secundaria. Sus días felices con su novia y estudiante de último año, Mai Sakurajima, se ven interrumpidos con la aparición de su primer amor, Shouko Makinohara. Por razones desconocidas, se encuentra con dos Shouko: una en la escuela secundaria y otra que se ha convertido en una adulta.  Cuando Sakuta se encuentra impotente viviendo con las dos Shouko, la versión adulta causa una gran grieta en su relación con Mai.  En medio de todo esto, descubre que la otra Shouko de escuela secundaria sufre de una enfermedad grave y su cicatriz comienza a latir ...",8.2,https://image.tmdb.org/t/p/w500/2Tpyv4cwwyE2xV9bqx7DOWnUCZ5.jpg
Green Book,Green Book,2018,"Drama, Comedia, Historia",130,"Años 60. Cuando Tony Lip, un rudo italoamericano del Bronx, es contratado como chófer del virtuoso pianista negro Don Shirley durante una gira de conciertos por el Sur de Estados Unidos, deberá confiar en ""El libro verde"", una guía de los pocos establecimientos seguros para los afroamericanos, para encontrar alojamiento. Son dos personas que tendrán que hacer frente al racismo y los prejuicios, pero a las que la bondad y el sentido del humor unirán, obligándoles a dejar de lado las diferencias para sobrevivir y prosperar en el viaje de su vida.",8.225,https://image.tmdb.org/t/p/w500/phwmfaEe43uY2OAI2oeSZNlD4A9.jpg
Klaus,Klaus,2019,"Animación, Familia, Comedia",97,"Un cartero egoísta y un juguetero huraño forjan una amistad muy especial, que sembrará la alegría en un pueblo frío y oscuro.",8.223,https://image.tmdb.org/t/p/w500/aLniylyJlbXEdxvaGSuQkRACWUx.jpg
Toda una vida en un año,Life in a Year,2020,"Drama, Romance",107,"Sigue a Daryn, un adolescente de 17 años que tras descubrir que su novia se está muriendo, decide entregarse por completo a ella en lo que le reste de vida.",8.223,https://image.tmdb.org/t/p/w500/xGDbQI7Gtgurt9W5ez6Tim2lpS2.jpg
"El niño, el topo, el zorro y el caballo","The Boy, the Mole, the Fox and the Horse",2022,"Animación, Familia, Drama, Aventura",34,"Sé testigo del improbable vínculo entre cuatro amigos mientras exploran el significado de la bondad, el valor y la esperanza.",8.221,https://image.tmdb.org/t/p/w500/jfkVV2RrD5tXAy8P0JLl90ELS0S.jpg
La escapada,Il sorpasso,1962,"Drama, Comedia, Aventura",105,"Bruno Cortona, un simpático juerguista, encuentra casualmente a Roberto, un tímido estudiante, y lo invita a pasar con él un día de vacaciones fuera de Roma. Durante el viaje, el joven se siente cada vez más atraído por la alocada forma de vida de su maduro compañero. Tras permanecer unas horas en compañía de la familia de su nuevo amigo, el viaje continúa hacia un final inesperado.",8.218,https://image.tmdb.org/t/p/w500/dvSRwMYHrIZ8VIHB3NAMseFsoiP.jpg
Malditos bastardos,Inglourious Basterds,2009,"Drama, Suspense, Bélica",153,"Segunda Guerra Mundial. Durante la ocupación de Francia por los alemanes, Shosanna Dreyfus presencia la ejecución de su familia por orden del coronel nazi Hans Landa. Ella consigue huir a París, donde adopta una nueva identidad como propietaria de un cine. En otro lugar de Europa, el teniente Aldo Raine adiestra a un grupo de soldados judíos ""Los bastardos"" para atacar objetivos concretos. Los hombres de Raine y una actriz alemana, que trabaja para los aliados, deben llevar a cabo una misión que hará caer a los jefes del Tercer Reich. El destino quiere que todos se encuentren bajo la marquesina de un cine donde Shosanna espera para vengarse.",8.218,https://image.tmdb.org/t/p/w500/dqu7nUtKTLdpM7DaJvD4zcSXhn1.jpg
A dos metros de ti,Five Feet Apart,2019,"Romance, Drama",125,"Will y Stella son dos adolescentes que padecen fibrosis quística y están ingresados en el hospital para tratarse. Aunque ambos tratan de refugiarse en su propio mundo, de forma inevitable acaban enamorándose. La pareja deberá luchar para mantener viva su relación, con una única regla: separarse con una distancia de alrededor de dos metros para evitar que ambos se puedan contagiar. Sin embargo, la vida de ambos estará en peligro.",8.216,https://image.tmdb.org/t/p/w500/4F5LggLzv2VIa0MJT2ETN8bWtr2.jpg
Los niños lobo,おおかみこどもの雨と雪,2012,"Animación, Familia, Drama, Fantasía",117,"Hana tiene dos hijos mitad humanos, mitad lobos, fruto de su amor con un Hombre Lobo. Tras quedar viuda, se muda al campo para criarlos en un entorno seguro. Con el tiempo, Yuki y Ame deberán decidir si seguir su lado humano o su naturaleza salvaje.",8.216,https://image.tmdb.org/t/p/w500/ixTNHHU8Wx0F8V4NzGJaiRcl18F.jpg
Masacre (Ven y mira),Иди и смотри,1985,"Drama, Bélica",142,"Tras encontrar un viejo rifle, un joven se une a las fuerzas de la resistencia soviética, que lucha por expulsar a las fuerzas nazis del frente oriental. Allí, será testigo de algunos los mayores horrores cometidos en la Segunda Guerra Mundial.",8.2,https://image.tmdb.org/t/p/w500/3trCyueh2CBTlRrpq7xElqSWHTh.jpg
Guardianes de la Noche: Tren infinito,劇場版「鬼滅の刃」無限列車編,2020,"Animación, Acción, Fantasía",117,"Tanjiro y sus compañeros se unen al Pilar de las Llamas Kyojuro Rengoku para investigar una misteriosa serie de desapariciones que han ocurrido dentro del “Tren Infinito”. Poco saben que Enmu, uno de los miembros de las Doce Lunas Demoníacas, también está a bordo y les ha preparado una trampa.",8.211,https://image.tmdb.org/t/p/w500/8t29MfbEkEZixjVbjRkqI5NyFR4.jpg
El truco final (El prestigio),The Prestige,2006,"Drama, Misterio, Ciencia ficción",130,"Robert Angier es un ilusionista respetado que se obsesiona con uno de los trucos de su rival Alfred Borden. Para conseguir el truco hará todo lo posible, sin saber hasta qué punto cambiará su vida...",8.208,https://image.tmdb.org/t/p/w500/lIl2CrnWohGrZSO9eyKRptxZ7Hs.jpg
El Gato con Botas: El último deseo,Puss in Boots: The Last Wish,2022,"Animación, Aventura, Fantasía, Comedia, Familia",103,El Gato con Botas se embarca en un viaje épico para encontrar al mítico Último Deseo y recuperar sus nueve vidas.,8.207,https://image.tmdb.org/t/p/w500/b5Jb7GoQaqIXy4VEdnQa0UrQZI.jpg
La mujer de la arena,砂の女,1964,"Drama, Suspense",147,"Un entomólogo en busca de insectos en un desierto de arena se ve de repente atrapado conviviendo con una mujer que vive sola en una vieja casa, y con la que establecerá una extraña relación.",8.207,https://image.tmdb.org/t/p/w500/8HXTSiDquKF9g88rSK5XHCcC1TJ.jpg
Mommy,Mommy,2014,Drama,134,"Una madre viuda se encarga de la educación de su violento hijo sola. Pero cuando parecía que todo estaba perdido, un soplo de esperanza llega al conocer a su misteriosa nueva vecina: una mujer que se integra ella misma en la vida de la madre y su hijo propocionando a la madre el apoyo que anhelaba.",8.2,https://image.tmdb.org/t/p/w500/1mjhmc2iG8Oe5WTqevECTUQ5iWP.jpg
Testigo de cargo,Witness for the Prosecution,1957,"Drama, Misterio, Crimen",116,"Leonard Vole, un hombre joven y atractivo, es acusado del asesinato de la señora French, una rica anciana con quien mantenía una relacion de carácter amistoso. El presunto móvil del crimen era la posibilidad de heredar los bienes de la difunta. A pesar de que las pruebas en su contra son demoledoras, Sir Wilfrid Roberts, un prestigioso abogado criminalista londinense, se hace cargo de su defensa.",8.2,https://image.tmdb.org/t/p/w500/zvhSdC8NmanfKdmE2em57Eei5TG.jpg
La guerra de las galaxias,Star Wars,1977,"Aventura, Acción, Ciencia ficción",121,"La princesa Leia, líder del movimiento rebelde que desea reinstaurar la República en la galaxia en los tiempos ominosos del Imperio, es capturada por las malévolas Fuerzas Imperiales, capitaneadas por el implacable Darth Vader, el sirviente más fiel del emperador. El intrépido Luke Skywalker, ayudado por Han Solo, capitán de la nave espacial ""El Halcón Milenario"", y los androides, R2D2 y C3PO, serán los encargados de luchar contra el enemigo y rescatar a la princesa para volver a instaurar la justicia en el seno de la Galaxia.",8.205,https://image.tmdb.org/t/p/w500/ahT4ObS7XKedQkOSpGr1wQ97aKA.jpg
Evangelion: 3.0+1.01 Thrice Upon a Time,シン・エヴァンゲリオン劇場版:||,2021,"Animación, Acción, Ciencia ficción, Drama",155,"En la última entrega de Rebuild of Evangelion, Misato y Wille intentan restaurar París en 720 segundos, enfrentándose a una horda de Evas. Mientras tanto, Shinji, Asuka y Rei vagan por Japón buscando su propósito.",8.204,https://image.tmdb.org/t/p/w500/2QiEVEePwGGwzCWaxrVR5B4LLnu.jpg
El resplandor,The Shining,1980,"Terror, Suspense",146,"Jack Torrance se traslada, junto a su mujer y a su hijo, al impresionante hotel Overlook, en Colorado, para encargarse del mantenimiento del mismo durante la temporada invernal, en la que permanece cerrado y aislado por la nieve. Su idea es escribir su novela al tiempo que cuida de las instalaciones durante esos largos y solitarios meses de invierno, pero desde su llegada al hotel, Jack comienza a padecer inquietantes transtornos de personalidad, al mismo tiempo que en el lugar comienzan a suceder diversos fenómenos paranormales.",8.204,https://image.tmdb.org/t/p/w500/mm003Mj2e9kJRsrxiVdPn2BSBPh.jpg
Criadas y Señoras,The Help,2011,Drama,146,"Mississippi, años 60. Skeeter es una joven sureña que regresa de la universidad decidida a convertirse en escritora. Su llegada altera la vida de la ciudad e incluso la de sus amigos porque se ha propuesto entrevistar a las mujeres negras que se han pasado la vida al servicio de las grandes familias sufriendo todas las formas de discriminación racial.",8.202,https://image.tmdb.org/t/p/w500/jki2RrXEE4x6RT2qyQzOVIXYlsn.jpg
Shutter Island,Shutter Island,2010,"Drama, Suspense, Misterio",138,"Verano de 1954. Los agentes judiciales Teddy Daniels y Chuck Aule son destinados a una remota isla del puerto de Boston para investigar la desaparición de una peligrosa asesina recluida en el hospital psiquiátrico Ashecliffe, un centro penitenciario para criminales perturbados dirigido por el siniestro doctor John Cawley. Pronto descubrirán que el centro guarda muchos secretos, y que la isla esconde algo más peligroso que los pacientes.",8.198,https://image.tmdb.org/t/p/w500/56utveUWJwmG12YU7c2zKw6pbRZ.jpg
Liga de la Justicia Oscura: La Guerra Apokolips,Justice League Dark: Apokolips War,2020,"Animación, Acción, Aventura, Fantasía",90,"Culminando seis años de una aventura que comenzó con el lanzamiento de Justice League: War en 2014, Justice League Dark: Apokolips War presenta un planeta Tierra totalmente devastado por el tirano intergaláctico Darkseid en el que los superhéroes apenas han podido hacer frente a la guerra. Los últimos bastiones de guerreros que aún quedan en pie deben reagruparse para crear una estrategia que les permita enfrentarse a Darkseid con el propósito de salvar al planeta y a sus pocos supervivientes. Esta es la guerra que acabará con todas las guerras.",8.198,https://image.tmdb.org/t/p/w500/osrf7VTgAwTLIr38dxJl2Y7q35H.jpg
Coco,Coco,2017,"Familia, Animación, Música, Aventura",109,"Un joven aspirante a músico llamado Miguel se embarca en un viaje extraordinario a la mágica tierra de sus ancestros. Allí, el encantador embaucador Héctor se convierte en su inesperado amigo y le ayuda a descubrir los misterios detrás de las historias y tradiciones de su familia.",8.198,https://image.tmdb.org/t/p/w500/vwsFGblLYxWBNjg9pdWN1Mm5YfW.jpg
Django desencadenado,Django Unchained,2012,"Drama, Western",165,"Dos años antes de estallar la Guerra Civil (1861-1865), Schultz, un cazarrecompensas alemán que le sigue la pista a unos asesinos, le promete al esclavo Django dejarlo en libertad si le ayuda a atraparlos. Terminado con éxito el trabajo, Django prefiere seguir al lado del alemán y ayudarle a capturar a los delincuentes más buscados del Sur. Se convierte así en un experto cazador de recompensas, pero su único objetivo es rescatar a su esposa Broomhilda, a la que perdió por culpa del tráfico de esclavos. La búsqueda llevará a Django y a Schultz hasta Calvin Candie, el malvado propietario de la plantación ""Candyland"". La presencia de ambos en los alrededores de la propiedad, despierta las sospechas de Stephen, el esclavo de confianza de Candie.",8.192,https://image.tmdb.org/t/p/w500/fIxAE6BKfAzhPRYm7DdldBaYu5T.jpg
El apartamento,The Apartment,1960,"Comedia, Drama, Romance",125,C.C. Baxter es un modesto pero ambicioso empleado de una compañía de seguros de Manhattan. Está soltero y vive solo en un discreto apartamento que presta ocasionalmente a sus superiores para sus citas amorosas. Tiene la esperanza de que estos favores le sirvan para mejorar su posición en la empresa. Pero la situación cambia cuando se enamora de una ascensorista que resulta ser la amante de uno de los jefes que usan su apartamento.,8.191,https://image.tmdb.org/t/p/w500/2kJMgHi8vNY8a0UJiBU3HEyiqOa.jpg
Hasta el último hombre,Hacksaw Ridge,2016,"Drama, Historia, Bélica",131,"La historia de Desmond T. Doss, quien, debido a que se lo prohibía su fe, combatió en la Segunda Guerra Mundial sin portar un arma. No disparó ni una bala, pero salvó a 75 personas de la muerte en la batalla de la isla de Okinawa.",8.19,https://image.tmdb.org/t/p/w500/m3jj8IJ7uP5p4MqMzgtGW5l4ECd.jpg
Hoppers,Hoppers,2026,"Aventura, Animación, Comedia, Familia, Ciencia ficción",104,"Una amante de los animales aprovecha la oportunidad de utilizar una tecnología que coloca su conciencia en un castor robótico, descubriendo misterios dentro del mundo animal que van más allá de lo que podría haber imaginado.",8.182,https://image.tmdb.org/t/p/w500/4Z0E1W7YvQ0aVtgj7KKtktb9ukd.jpg
Wolfwalkers,Wolfwalkers,2020,"Animación, Familia, Aventura, Fantasía",102,"La joven Robyn viaja a Irlanda con su padre para participar en una cacería de lobos. Todo se complica cuando conoce a Mebh, una niña misteriosa que vive en el bosque y de la que dicen que por las noches, junto a su tribu nómada, se transforma en lobo.",8.188,https://image.tmdb.org/t/p/w500/4AbbGAiz1t5Hxa9c35avWeyB3dA.jpg
La doncella,아가씨,2016,"Suspense, Drama, Romance",145,"Corea, década de 1930, durante la colonización japonesa. Una joven llamada Sookee es contratada como doncella de una rica mujer japonesa, Hideko, que vive recluida en una gran mansión bajo la influencia de un tirano. Sookee guarda un secreto y con la ayuda de un estafador que se hace pasar por un conde japonés, planea algo para Hideko.",8.187,https://image.tmdb.org/t/p/w500/1CJWo3mJwNEi0RsSZyxbgVFOj8B.jpg
Doctor Who: El Día del Doctor,Doctor Who: The Day of the Doctor,2013,"Ciencia ficción, Aventura",77,"Episodio especial de ""Doctor Who"" realizado con motivo de la celebración del 50º aniversario de la serie. En la Tierra, el Undécimo Doctor y Clara descubren una peligrosa conspiración en una galería de arte. En 1562, el Décimo Doctor caza Zygons con la ayuda de la Reina Isabel. El último día de la Guerra del Tiempo, un hombre que ya no quiere llamarse ""El Doctor"" toma una terrible decisión: debe cometer un genocidio contra su propia raza para impedir la destrucción del Universo. Todos estos sucesos resultan estar conectados cuando tres encarnaciones del mismo Doctor deben enfrentarse al momento más terrible de sus vidas.",8.2,https://image.tmdb.org/t/p/w500/6c0CjymaupC5xerJCemuaSV4CLj.jpg
Minha Mãe é uma Peça 3: O Filme,Minha Mãe é uma Peça 3: O Filme,2019,Comedia,110,,8.2,https://image.tmdb.org/t/p/w500/zw77BFPGJ73Lig8GwRzYj1XHq53.jpg
La fragua,The Forge,2024,"Drama, Familia",123,"Isaiah Wright aún tiene que madurar. Tras graduarse en el instituto sin ningún plan para el futuro, Isaiah recibe un empujón para empezar a tomar mejores decisiones en la vida. El plan de Dios para él es mucho mayor de lo que jamás hubiera imaginado.",8.175,https://image.tmdb.org/t/p/w500/loYpxub1ZZVmI4JzPC0jLkerq3g.jpg
Steven Universe: La película,Steven Universe: The Movie,2019,"Película de TV, Animación, Familia, Aventura, Fantasía",83,"Ambientada dos años después de los acontecimientos acaecidos en la quinta temporada, un Steven de 16 años se enfrenta a un mundo repleto de novedades. Aunque cree que su papel como guardián de la Tierra ya ha terminado, una nueva amenaza se cierne sobre Beach City, por lo que el joven héroe tendrá que enfrentarse a su mayor desafío hasta la fecha.",8.177,https://image.tmdb.org/t/p/w500/bewhxwbmWTMe16dEQa8ICGe9Y1Y.jpg
La naranja mecánica,A Clockwork Orange,1971,"Ciencia ficción, Crimen",136,"Gran Bretaña, en un futuro indeterminado. Alex es un joven muy agresivo que tiene dos pasiones: la violencia desaforada y Beethoven. Es el jefe de la banda de los drugos, que dan rienda suelta a sus instintos más salvajes apaleando, violando y aterrorizando a la población. Cuando esa escalada de terror llega hasta el asesinato, Alex es detenido y, en prisión, se someterá voluntariamente a una innovadora experiencia de reeducación que pretende anular drásticamente cualquier atisbo de conducta antisocial.",8.177,https://image.tmdb.org/t/p/w500/p40pYh2EBPoyVyqw6qy2PAZkFVA.jpg
Taylor Swift: Reputation Stadium Tour,Taylor Swift: Reputation Stadium Tour,2018,Música,125,"Taylor Swift se sube al escenario en Dallas durante su Reputation Stadium Tour y festeja una gran noche de música, recuerdos y magia visual.",8.176,https://image.tmdb.org/t/p/w500/u6oXUTtOuJRPdUgUuPAVVJPSKCo.jpg
Memento,Memento,2000,"Misterio, Suspense",113,"Leonard Shelby sigue la pista del hombre que violó y asesinó a su mujer. Sin embargo, la dificultad de localizar al asesino de su esposa se ve agravada por el hecho de que padece una forma rara e intratable de pérdida de memoria a corto plazo. Aunque puede recordar detalles de la vida antes de su accidente, Leonard no puede recordar qué ha pasado hace quince minutos, adónde va o por qué.",8.2,https://image.tmdb.org/t/p/w500/neHrQLVfT3KPqvv30pNPyRb6chQ.jpg
El arte de vivir bajo la lluvia,The Art of Racing in the Rain,2019,"Drama, Romance",110,"El argumento está basado en la novela publicada por Garth Stein, la cual responde al mismo nombre que el filme. La historia combina diferentes sentimientos y situaciones comprometidas para la sociedad como son el dolor, la liberación, el cariño o el riesgo. Enzo, un perro que ha experimentado muchas aventuras interesantes a lo largo de su vida, es el personaje que pone voz a la película. Pese a no ser una persona de carne y hueso, este entrañable animal será capaz de dar diferentes lecciones a los seres humanos sobre cuál tendría que ser la manera adecuada de actuar sea cual sea la situación en la que se encuentren.",8.174,https://image.tmdb.org/t/p/w500/jqeLKlKpaS4v89dT9tLhkZRv14d.jpg
Investigación sobre un ciudadano libre de toda sospecha,Indagine su un cittadino al di sopra di ogni sospetto,1970,"Drama, Suspense",111,"Roma, Italia. Después de cometer un crimen atroz, un alto oficial de la policía expone pruebas que le incriminan directamente porque su compromiso moral le impide eludir la ley y el orden social que esta protege.",8.174,https://image.tmdb.org/t/p/w500/5eUBcyilUy0sy6AcqNpjgXQX4A4.jpg
Ladrón de bicicletas,Ladri di biciclette,1948,Drama,88,"En la Roma de la posguerra, un obrero sin empleo consigue un sencillo trabajo pegando carteles a condición de que posea una bicicleta. Obra maestra del neorrealismo italiano que forma junto con ""Umberto D."" y ""Miracolo a Milano"" la famosa trilogía de De Sica.",8.171,https://image.tmdb.org/t/p/w500/hjo6BPzCuhUkpSzxElOQ68mydrx.jpg
"Alien, el octavo pasajero",Alien,1979,"Terror, Ciencia ficción",117,"De regreso a la Tierra, la nave de carga Nostromo interrumpe su viaje y despierta a sus siete tripulantes. El ordenador central, MADRE, ha detectado la misteriosa transmisión de una forma de vida desconocida, procedente de un planeta cercano aparentemente deshabitado. La nave se dirige entonces al extraño planeta para investigar el origen de la comunicación.",8.2,https://image.tmdb.org/t/p/w500/pZ9cAe5FxexJjpCaeiETbXzz3Fs.jpg
Sospechosos habituales,The Usual Suspects,1995,"Drama, Crimen, Suspense",106,"Dave Kujan (Chazz Palminteri), un agente especial que trabaja para el servicio de aduanas de EEUU, está investigando las consecuencias de un incendio a bordo de un barco en el puerto de San Pedro de Los Ángeles, con un balance de 27 víctimas mortales -todas aparentemente asesinadas-. La única fuente de información de Kujan es Roger Kint (Kevin Spacey), un estafador lisiado que sobrevivió al incendio. En comisaría, Kint cuenta que todo comenzó 6 semanas atrás en Nueva York, cuando 5 delincuentes, 5 ""sospechosos habituales"", fueron detenidos para una rueda de reconocimiento referente al robo de un camión de armas...",8.169,https://image.tmdb.org/t/p/w500/zI2ESVtVBJTo68aWuwCku78q4dZ.jpg
Ne Zha 2,哪吒之魔童闹海,2025,"Animación, Acción, Fantasía, Aventura",144,"Cuando los cuerpos de los dos amigos, Aobing y Nezha, están a punto de ser destruidos, se les permite que sus almas sigan existiendo. Su maestro, Taiyi Zhenren, restaura sus cuerpos con la ayuda de una flor de loto. Después de esto, Nezha parte en busca de enfrentar al Rey Dragón del Mar del Este, Ao Guang.",8.167,https://image.tmdb.org/t/p/w500/jz5sGlPGf0cWZ0uJPDc8cSjjFcZ.jpg
Cuentos de Tokio,東京物語,1953,Drama,139,"Una pareja de ancianos viaja a Tokio para visitar a sus hijos, pero ninguno de ellos tiene tiempo para atenderlos, por lo que deciden enviarlos a un balneario. Cuando regresan, la madre pasa una noche en la casa de una nuera, viuda de uno de sus hijos. A diferencia de sus cuñados, Noriko muestra afecto por sus suegros y conforta a la anciana.",8.2,https://image.tmdb.org/t/p/w500/36G6HwEN3K9BrPEC8icOIOdCUb4.jpg
Voces inocentes,Voces inocentes,2005,"Drama, Bélica",101,"En un pueblo de la periferia de San Salvador, vive Chava (Carlos Padilla), un niño de 11 años, que se encuentra atrapado entre el ejército y la guerrilla salvadoreña. Cuando su padre abandona a la familia, en plena guerra civil, Chava pasa a ser ""el hombre de la casa"". En esta época, el gobierno de El Salvador reclutaba niños de doce años. Así que a Chava sólo le queda un año de escuela antes de ser movilizado.",8.165,https://image.tmdb.org/t/p/w500/4n17GclsQnAMr8zGDFc22ZlGocU.jpg
Sangre por sangre,Bound by Honor,1993,"Crimen, Drama, Suspense",91,"Tres primos crecen como hermanos en medio de la violencia de las bandas del este de Los Ángeles. Con el tiempo sus vidas siguen caminos muy diferentes: uno trabaja para la brigada antidroga de la Policía, otro cae en las redes de las brutales bandas de San Quintín y el tercero se deja arrastrar por el sórdido mundo de la drogadiccion. Pero el sentido del honor y sobre todo los lazos de sangre los mantendrán siempre unidos.",8.163,https://image.tmdb.org/t/p/w500/Wc4S6rFHKJ7jyghOdZVWVVC49j.jpg
El indomable Will Hunting,Good Will Hunting,1997,Drama,126,"Will es un joven rebelde con una inteligencia asombrosa, especialmente con las matemáticas. El descubrimiento de su talento por parte de los académicos le obligará a elegir entre seguir con su vida de siempre -un trabajo fácil, buenos amigos, muchas cervezas y alguna bronca- o aprovechar sus grandes cualidades intelectuales en alguna universidad. Sólo los consejos de un solitario y bohemio profesor le ayudará a decidirse.",8.162,https://image.tmdb.org/t/p/w500/4Yy63A10sPQZ9kd2kWj13S4WUkn.jpg
Super Mario Galaxy la película,The Super Mario Galaxy Movie,2026,"Familia, Comedia, Aventura, Fantasía, Animación",98,"Secuela de 'Super Mario Bros: La película', basada en la saga 'Mario Galaxy'. Los hermanos Mario y Luigi y la princesa Peach emprenden una aventura hasta los confines del espacio y a través de la galaxia.",8.161,https://image.tmdb.org/t/p/w500/79EVB4qhyfrdlMgT8GIRAikdzsQ.jpg
Silenced,도가니,2011,Drama,125,"Basada en el best seller de la escritora Gong Ji Young, trata un caso real de violación y abusos sexuales ocurridos en una escuela para sordomudos en Gwangju. Gong Yoo interpreta el papel de un profesor que descubre el caso al lado de una activista de derechos humanos, interpretada por Jeong Yu Mi. Juntos intentarán por todos los medios dar a conocer los hechos, a pesar de que para ello deban enfrentarse al personal docente y algunos oficiales que tratan de ocultar el incidente.",8.161,https://image.tmdb.org/t/p/w500/bBNkmna3iDVpNJmIc8QlECTmiUH.jpg
Infiltrados,The Departed,2006,"Drama, Suspense, Crimen",149,"El Departamento de Policía de Massachussets se enfrenta a la mayor banda de crimen organizado de la ciudad de Boston. La estrategia consiste en acabar desde dentro con Frank Costello, el poderoso jefe de la mafia irlandesa. El encargado de infiltrarse en la banda es un joven novato, Billy Costigan. Mientras Billy intenta ganarse la confianza de Costello, otro joven policía, Colin Sullivan, sube rápidamente de categoría y ocupa un puesto en la unidad de Investigaciones Especiales, grupo de élite cuya misión también es acabar con Costello. Lo que nadie sabe es que Colin es un topo infiltrado en la policía por el propio Costello.",8.2,https://image.tmdb.org/t/p/w500/hf0Hgw1snmBwinkHYLCxGIs6DgO.jpg
Top Gun: Maverick,Top Gun: Maverick,2022,"Acción, Drama",131,"Después de más de 30 años de servicio como uno de los mejores aviadores de la Armada, Pete ""Maverick"" Mitchell se encuentra dónde siempre quiso estar, empujando los límites como un valiente piloto de prueba y esquivando el alcance en su rango, que no le dejaría volar emplazándolo en tierra. Cuando se encuentra entrenando a un destacamento de graduados de Top Gun para una misión especializada, Maverick se encuentra allí con el teniente Bradley Bradshaw, el hijo de su difunto amigo ""Goose"".",8.158,https://image.tmdb.org/t/p/w500/AlWpEpQq0RgZIXVHAHZtFhEvRgd.jpg
El precio del poder,Scarface,1983,"Acción, Crimen, Drama",170,"Un emigrante cubano frío y sanguinario, Tony Montana, llega de Cuba para instalarse en Miami, donde se propone hacerse con un nombre dentro del crimen organizado de Florida. Junto a su amigo, Manny Rivera, inicia una ascendente carrera delictiva.",8.156,https://image.tmdb.org/t/p/w500/iDABT5GD9OQmFiXM3wR0DJIxtkY.jpg
Una chica del siglo XX,20세기 소녀,2022,"Romance, Drama",119,"Yeon-du le pide a su mejor amiga Bora que recopile toda la información que pueda sobre Baek Hyun-jin mientras ella está en los Estados Unidos para someterse a una cirugía de corazón. Bora decide acercarse primero al mejor amigo de Baek, Pung Woon-ho. Sin embargo, el torpe plan de Bora se desarrolla en una dirección inesperada. En 1999, un año antes del nuevo siglo, Bora, que cumple diecisiete años, cae en la fiebre del primer amor.",8.2,https://image.tmdb.org/t/p/w500/4kU4QFgExCgybhcKv1mzZ0vuND6.jpg
TAYLOR SWIFT | THE ERAS TOUR,TAYLOR SWIFT | THE ERAS TOUR,2023,Música,165,El fenómeno cultural de la cantante Taylor Swift continúa en la pantalla grande con este documental que se sumerge en los conciertos de la histórica gira de la artista.,8.154,https://image.tmdb.org/t/p/w500/jf3YO8hOqGHCupsREf5qymYq1n.jpg
El show de Truman,The Truman Show,1998,"Comedia, Drama",103,"Truman Burbank es un hombre corriente y algo ingenuo que ha vivido toda su vida en uno de esos pueblos donde nunca pasa nada. Sin embargo, de repente, unos extraños sucesos le hacen sospechar que algo anormal está ocurriendo. Todos sus amigos son actores, toda su ciudad es un plató, toda su vida está siendo filmada y emitida como el reality más ambicioso de la historia.",8.153,https://image.tmdb.org/t/p/w500/4BGVZSwv5n0hMIAWwiSjMFDQ63K.jpg
El séptimo sello,Det sjunde inseglet,1957,"Fantasía, Drama",96,"Suecia, mediados del siglo XIV. La Peste Negra asola Europa. Tras diez años de inútiles combates en las Cruzadas, el caballero sueco Antonius Blovk y su leal escudero regresan de Tierra Santa. Blovk es un hombre atormentado y lleno de dudas. En el camino se encuentra con la Muerte que lo reclama. Entonces él le propone jugar una partida de ajedrez, con la esperanza de obtener de Ella respuestas a las grandes cuestiones de la vida: la muerte y la existencia de Dios.",8.2,https://image.tmdb.org/t/p/w500/qo3JypyrkPvH8Na3Ir0IpjCwOCS.jpg
Terminator 2: El juicio final,Terminator 2: Judgment Day,1991,"Acción, Suspense, Ciencia ficción",137,"Ha pasado once años desde que Sarah Connor fue marcada como objetivo para ser eliminada por un cyborg del futuro. Ahora su hijo John, el futuro líder de la resistencia, es el objetivo de un Terminator más moderno, más mortífero. Una vez más, la resistencia se las ha ingeniado para enviar un protector de vuelta al pasado para intentar salvar a John y a su madre Sarah.",8.2,https://image.tmdb.org/t/p/w500/10xtoK2SFv6ADIeWxr3mcrjko72.jpg
Piper,Piper,2016,"Familia, Animación",6,"Piper es una cría de 'correlimos' (una especie de ave común en zonas húmedas) que se aventura fuera del nido por primera vez para buscar comida en la costa. El único problema es que la comida está enterrada bajo la arena de la orilla, donde llegan las olas húmedas, frías y aterradoras. Con la ayuda de un nuevo amigo, el pequeño pájaro se sumerge con la esperanza de superar sus miedos y llenar su tripa.",8.147,https://image.tmdb.org/t/p/w500/pWreJldRrODmxreUWUnXudSbLNI.jpg
GOAT: Como cabras,GOAT,2026,"Animación, Comedia, Familia",100,"Will es una pequeña cabra con grandes sueños que recibe una oportunidad única en la vida para unirse a los profesionales y jugar al rugebol, un deporte de alta intensidad, mixto y de contacto total dominado por los animales más rápidos y feroces del mundo. A los nuevos compañeros de equipo de Will no les entusiasma tener a una cabrita en su plantilla, pero Will está decidido a revolucionar el deporte y demostrar de una vez por todas que «¡los pequeños saben jugar!».",8.146,https://image.tmdb.org/t/p/w500/l8Y8o3RpFg54gmQQ8GVaxVroFmY.jpg
"Maquia, una historia de amor inmortal",さよならの朝に約束の花をかざろう,2018,"Animación, Drama, Fantasía",115,"Maquia pertenece a un grupo de gente que deja de envejecer en la adolescencia. Aunque vive tranquila, se siente sola. Esa tranquilidad se rompe cuando un ejército les invade para buscar el secreto de la inmortalidad. Maquia escapa, pero pierde a sus amigos y su hogar. En el bosque conocerá a Ariel, un pequeño que ha perdido a sus padres. La historia desarrolla la relación entre Maquia, que no envejece, y Ariel, que sí.",8.146,https://image.tmdb.org/t/p/w500/hUJvmSl8EOFAYgXO1VfwNoQPRLX.jpg
Cafarnaúm,کفرناحوم,2018,Drama,120,"Beirut, Líbano. Zain es un niño de doce años inteligente y valiente, que sobrevive a los peligros de las calles de la ciudad gracias a su ingenio. Huyendo de sus padres, y haciendo valer sus derechos, recurre a la justicia para demandarles por el 'crimen' de haberle dado la vida. Una fábula contemporánea de carácter político sobre un niño que se rebela contra la vida que le han impuesto vivir .",8.144,https://image.tmdb.org/t/p/w500/9eTR8jfNbdMhEQhtuTVVC8oY2fp.jpg
El Chico,The Kid,1921,"Comedia, Drama",68,"Una mujer londinense, sumamente pobre, se ve en la necesidad de abandonar a su hijo en una casa de millonarios, aunque por una serie de circustancias el niño terminará siendo cuidado por un vagabundo que se convierte así en su padre. Cinco años después, y con la madre convertida en una popular cantante, el destino tratará de separarlos...",8.1,https://image.tmdb.org/t/p/w500/we8AMv9ufyoXgmOlfX0SmubKOrd.jpg
Casablanca,Casablanca,1943,"Drama, Romance",102,"Durante la Segunda Guerra Mundial, Casablanca era una ciudad a la que llegaban huyendo del nazismo gentes de todas partes: llegar era fácil, pero salir era casi imposible, especialmente si el nombre del fugitivo figuraba en las listas de la Gestapo. En esta ocasión el principal objetivo de la policía secreta alemana es el líder checo y héroe de la resistencia Victor Laszlo, cuya única esperanza es Rick Blaine, propietario del 'Rick’s Café' y antiguo amante de su mujer, Ilsa. Cuando Ilsa se ofrece a quedarse a cambio de un visado para sacar a Laszlo del país, Rick deberá elegir entre su propia felicidad o el idealismo que rigió su vida en el pasado.",8.139,https://image.tmdb.org/t/p/w500/a7EjycGNSYw6QqJqDooD9eQGZ4r.jpg
Vértigo (De entre los muertos),Vertigo,1958,"Misterio, Romance, Suspense",120,"Scottie Fergusson es un detective de la policía de San Francisco que padece de vértigo. Cuando un compañero cae al vacío desde una cornisa mientras persiguen a un delincuente, Scottie decide retirarse. Gavin Elster, un viejo amigo del colegio, lo contrata para que vigile a su esposa Madeleine, una bella mujer que está obsesionada con su pasado.",8.1,https://image.tmdb.org/t/p/w500/r94qq1BK2VE3z9i5agO3llvvIp8.jpg
My Hero Academia: El despertar de los héroes,僕のヒーローアカデミア THE MOVIE ヒーローズ：ライジング,2019,"Animación, Acción, Fantasía, Aventura",104,"Mientras ponen en práctica sus habilidades de héroe en la pacífica isla de Nabu, los niños de la clase 1-A se enfrentan al ataque de un temible villano llamado Nine.",8.137,https://image.tmdb.org/t/p/w500/vH5stD5pTogbZVXadIKQyMSKzTt.jpg
GOAT: Como cabras,GOAT,2026,"Animación, Comedia, Familia",100,"Will es una pequeña cabra con grandes sueños que recibe una oportunidad única en la vida para unirse a los profesionales y jugar al rugebol, un deporte de alta intensidad, mixto y de contacto total dominado por los animales más rápidos y feroces del mundo. A los nuevos compañeros de equipo de Will no les entusiasma tener a una cabrita en su plantilla, pero Will está decidido a revolucionar el deporte y demostrar de una vez por todas que «¡los pequeños saben jugar!».",8.146,https://image.tmdb.org/t/p/w500/l8Y8o3RpFg54gmQQ8GVaxVroFmY.jpg
Cantando bajo la lluvia,Singin' in the Rain,1952,"Comedia, Romance",103,"Antes de conocer a la aspirante a actriz Cathy Seldon, el ídolo del cine mudo Don Lockwood pensaba que lo tenía todo; fama, fortuna y éxito. Pero, tras conocerla, se da cuenta de que ella es lo que realmente faltaba en su vida. Con el nacimiento del cine sonoro, Don quiere filmar los musicales con Kathy, pero entre ambos se interpone la reina del cine mudo Lina Lamont.",8.13,https://image.tmdb.org/t/p/w500/5r8jD5R6EzpQ5VLodbzTNhvKcGw.jpg
Persona,Persona,1966,Drama,83,"Elisabeth, una célebre actriz teatral, es hospitalizada tras perder la voz durante una representación de 'Electra'. Una doctora la somete a toda una serie de pruebas, y afirma que está sana y bien, pero ella sigue sin hablar y permanece en el pabellón. Alma, la enfermara encargada de cuidarla, intenta establecer una relación con ella y se dedica a hablarle todo el tiempo.",8.1,https://image.tmdb.org/t/p/w500/pnJMAumh0gaZC02r9t5YmN9HR74.jpg
Estación central de Brasil,Central do Brasil,1998,Drama,115,"En los asfixiantes pasillos de la Estación Central, en Río de Janeiro, una antigua maestra se gana la vida escribiendo las cartas que le dictan los analfabetos. Endurecida por la soledad y por la adversidad, Dora ha ido cayendo en una estoica indiferencia. Sin embargo, cuando una de sus clientes muere atropellada a la salida de la estación, decide hacerse cargo de su hijo y llevarlo a casa de su padre en una remota zona del nordeste de Brasil.",8.13,https://image.tmdb.org/t/p/w500/8eViBbWLYqIqbxqHP96gTfpPQFQ.jpg
Dune: Parte dos,Dune: Part Two,2024,"Ciencia ficción, Aventura",167,"Sigue el viaje mítico de Paul Atreides mientras se une a Chani y los Fremen en una guerra de venganza contra los conspiradores que destruyeron a su familia. Al enfrentarse a una elección entre el amor de su vida y el destino del universo conocido, Paul se esfuerza por evitar un futuro terrible que solo él puede prever.",8.1,https://image.tmdb.org/t/p/w500/xCHmhHeO7aOCMlzcNukGH6Q7EiD.jpg
Joker,Joker,2019,"Crimen, Suspense, Drama",122,"Arthur Fleck es un hombre ignorado por la sociedad, cuya motivación en la vida es hacer reír. Pero una serie de trágicos acontecimientos le llevarán a ver el mundo de otra forma. Película basada en Joker, el popular personaje de DC Comics y archivillano de Batman, pero que en este film toma un cariz más realista y oscuro.",8.1,https://image.tmdb.org/t/p/w500/g9l7iLYusH82bbEbwGCJzhVkOe2.jpg
Taxi Driver,Taxi Driver,1976,"Crimen, Drama",113,"Para sobrellevar el insomnio crónico que sufre después de su regreso de Vietnam, Travis decide trabajar como taxista nocturno. Como individuo tiene poco contacto con la gente, pero observa la violencia y desolación en la que se hunde la ciudad de Nueva York. Travis anota en su diario todas sus impresiones, hasta que un día decide pasar a la acción.",8.1,https://image.tmdb.org/t/p/w500/mZMl0YVHJOrkCUSH9oDOEgDwbHT.jpg
Togo,Togo,2019,"Aventura, Familia",111,"'Togo' es la historia real no contada ambientada en el invierno de 1925 de un periplo por el terreno traicionero de la tundra de Alaska en busca de una aventura emocionante que pondrá a prueba la fuerza, el coraje y la determinación de un hombre, Leonhard Seppala, y de su perro de trineo guía, Togo.",8.125,https://image.tmdb.org/t/p/w500/921q4gPNN4J6UxvKaw6SCNBe3F8.jpg
¿Teléfono rojo? Volamos hacia Moscú,Dr. Strangelove or: How I Learned to Stop Worrying and Love the Bomb,1964,"Comedia, Bélica",95,"Convencido de que los comunistas están contaminando los Estados Unidos, un general ordena, en un acceso de locura, un ataque aéreo nuclear sorpresa contra la Unión Soviética. Su ayudante, el capitán Mandrake, trata de encontrar la fórmula para impedir el bombardeo. Por su parte, el presidente de los EE.UU. se pone en contacto con Moscú para convencer al gobierno soviético de que el ataque no es más que un estúpido error. Mientras tanto, el asesor estadounidense, un antiguo científico nazi, el doctor Strangelove, confirma la existencia de la «Máquina del Juicio Final», un dispositivo de represalia soviético capaz de acabar con la humanidad para siempre.",8.119,https://image.tmdb.org/t/p/w500/snsOoRb1d4WD6q62PRfBuGLJ8xr.jpg
La chaqueta metálica,Full Metal Jacket,1987,"Drama, Bélica",120,"Un grupo de reclutas se prepara en Parish Island, centro de entrenamiento de la marina Norteamericana. Allí está el sargento Hartmann, duro e implacable, cuya única misión en la vida es endurecer el cuerpo y el alma de los novatos, para que puedan defenderse del enemigo. Pero no todos los jóvenes soportan igual sus métodos...",8.119,https://image.tmdb.org/t/p/w500/6CX7BcyD8Xd5AQ7myNs0UE4mu6c.jpg
Better Days,少年的你,2019,"Drama, Crimen, Romance",135,"El examen ""gaokao"" paraliza a todo el país. Para casi diez millones de estudiantes, este examen para entrar en el programa nacional de estudios determinará su vida. Nian ha estado muy ocupada preparando el examen, dejando todo de lado, aunque una compañera de clase se ha suicidado y ella misma ha sufrido bullying. Nian conocerá en esos días a un delincuente de poca monta con el que hará un pacto.",8.1,https://image.tmdb.org/t/p/w500/bjhoWPRihKSQNbqxvQgcEkOVN3j.jpg
Palmer,Palmer,2021,Drama,110,"Tras 12 años en prisión, el exjugador de fútbol Palmer vuelve a casa para rehacer su vida. Mientras se adapta a su nueva realidad, entabla una amistad con un niño abandonado, pero su pasado le persigue y amenaza con destruir su nueva familia.",8.116,https://image.tmdb.org/t/p/w500/xSDdRAjxKAGi8fUBLOqSrBhJmF0.jpg
Reservoir Dogs,Reservoir Dogs,1992,"Crimen, Suspense",99,"Una banda organizada formada por seis individuos es contratada para dar un golpe. Anteriormente varios de los miembros no se conocían entre sí, por lo que entre ellos usan nombres en clave. El objetivo: atracar una empresa para llevarse unos diamantes. Pero, antes de que suene la alarma, la policía ya está allí. Algunos mueren en el atraco, y el resto se reúne en el lugar convenido.",8.115,https://image.tmdb.org/t/p/w500/hxmJqXFFnXLlvPIdCW2k3UGLCgZ.jpg
Habitación para cuatro,Amici miei,1975,Comedia,109,"Cuatro amigos cincuentones, que llevan toda la vida juntos, se pasan el día organizando bromas pesadas para burlarse de los demás. Son el periodista Giorgio Perozzi, perseguido por la reprobación de su hijo y su ex-mujer; el arquitecto Rambaldo Melandri, sensible a los asuntos del corazón; el barman Guido Necchi, propietario del bar en el que el grupo se reúne cada noche; y el conde Mascetti, un noble venido a menos, obligado a vivir en un sótano, que no tiene ningún escrúpulo a la hora de alejar a su mujer y su hija para disfrutar de una relación clandestina con su joven amante, Titti. Todos ellos, conscientes de que les ayuda a seguir unidos, recurren a las bromas para prolongar su juventud y defenderse de las penas de la vida.",8.114,https://image.tmdb.org/t/p/w500/nLwubjxL3NpEo1rMAf1V7E5X0eM.jpg
WALL·E: Batallón de limpieza,WALL·E,2008,"Animación, Familia, Ciencia ficción",97,"En el año 2800, en un planeta Tierra devastado y sin vida, tras cientos de solitarios años haciendo aquello para lo que fue construido -limpiar el planeta de basura- el pequeño robot WALL•E descubre una nueva misión en su vida cuando se encuentra con una moderna y lustrosa robot exploradora llamada EVE. Ambos viajarán a lo largo de la galaxia y vivirán una emocionante e inolvidable aventura.",8.113,https://image.tmdb.org/t/p/w500/5CXpoYB2YAZRPBcv9pjkgR6tZ0X.jpg
Incendios,Incendies,2010,"Drama, Bélica, Misterio",125,"Jeanne y Simon Marwan son dos mellizos cuya madre, que lleva mucho tiempo sin hablar, está a punto de morir. Pero, antes del fatal desenlace, les da dos cartas que deben ser entregadas a un padre al que creían muerto y a un hermano cuya existencia desconocían. Ambos emprenderán un viaje al Líbano para localizarlos y encontrar respuestas a su existencia. Basada en una obra de teatro de Wajdi Mouawad.",8.109,https://image.tmdb.org/t/p/w500/rA40sUH6bHD5pAJ1jOcJFZPhlOe.jpg
Cómo hacerse millonario antes de que muera la abuela,หลานม่า,2024,Drama,126,"Un hombre deja el trabajo para cuidar de su abuela moribunda, aunque sus aparentemente buenas intenciones vienen motivadas por la fortuna de la anciana. El nieto tratará de ganarse el favor de su abuela antes de que fallezca.",8.112,https://image.tmdb.org/t/p/w500/fgWhmlpxPEJQTZeKOAEPlgrD0lB.jpg
"“I Corti” di Aldo, Giovanni e Giacomo","“I Corti” di Aldo, Giovanni e Giacomo",1996,Comedia,130,,8.107,https://image.tmdb.org/t/p/w500/y3hEulMYSTQuvmI5jBTyWrcvJQX.jpg
Wonder,Wonder,2017,"Familia, Drama",120,"Un niño de 10 años nacido con una deformidad facial que le ha obligado a ser operado 27 veces de cirugía, se esfuerza por encajar en su nuevo colegio.",8.106,https://image.tmdb.org/t/p/w500/wowB0C4S5KX5SNbhGMkbZZEOqCR.jpg
Prisioneros,Prisoners,2013,"Drama, Suspense, Crimen",153,"Keller Dover se enfrenta a la peor de las pesadillas: Anna, su hija de seis años, ha desaparecido con su amiga Joy y, a medida que pasa el tiempo, el pánico lo va dominando. Desesperado, decide ocuparse personalmente del asunto. Pero, ¿hasta dónde está dispuesto a llegar para averiguar el paradero de su hija?",8.106,https://image.tmdb.org/t/p/w500/i6CcmOvJxBFH3mfhCHa3Njtelix.jpg
Jujutsu Kaisen 0,劇場版 呪術廻戦 0,2021,"Animación, Acción, Fantasía",105,"Yuta Okkotsu es un nervioso estudiante de instituto que sufre un grave problema: su amiga de la infancia Rika se ha convertido en una maldición y no le deja en paz. Como Rika no es una maldición cualquiera, su situación es percibida por Satoru Gojo, un profesor del instituto Jujutsu, una escuela donde los exorcistas noveles aprenden a combatir las maldiciones. Gojo convence a Yuta para que se matricule, pero ¿podrá aprender lo suficiente a tiempo para enfrentarse a la Maldición que le persigue?",8.105,https://image.tmdb.org/t/p/w500/2ndvx03fmREMxEgaZ1vWt756TOQ.jpg
Black Clover: La espada del rey mago,映画 ブラッククローバー 魔法帝の剣,2023,"Animación, Fantasía, Acción, Aventura",110,"Mientras un audaz chico sin poderes mágicos intenta proclamarse Rey de los Magos, cuatro proscritos que antes ostentaban ese título vuelven para destruir el Reino Trébol.",8.102,https://image.tmdb.org/t/p/w500/jm2BckEhy1upr4iPpOZ6WTx1tWw.jpg
Retrato de una mujer en llamas,Portrait de la jeune fille en feu,2019,"Drama, Romance",122,"Bretaña francesa, 1770. Marianne es una pintora que debe realizar el retrato matrimonial de Héloïse, una joven que acaba de dejar el convento. Héloïse no acepta su destino como mujer casada y se niega a posar, por lo que Marianne debe trabajar en secreto. Para ello, se hace pasar por dama de compañía, para así observarla de día y pintarla de noche. Su relación se vuelve más intensa a medida que comparten juntas los últimos momentos de libertad de Héloïse antes de su boda.",8.1,https://image.tmdb.org/t/p/w500/muAsDE6qAqdKB2VJsIzo1uVSSuM.jpg
Mortal Kombat Legends: La venganza de Scorpion,Mortal Kombat Legends: Scorpion's Revenge,2020,"Animación, Acción, Fantasía",80,"Basado en el popular videojuego creado por Ed Boon y John Tovias, Mortal Kombat Legends: Scorpion’s Revenge pone el foco en un torneo único que se celebra una vez por generación y en el que se enfrentan los campeones de distintos reinos. El ganador determinará el destino de la Tierra y de sus habitantes.",8.099,https://image.tmdb.org/t/p/w500/sqBl12v4AXVoc5PmeGnd8oZ7HHY.jpg
Stalker,Сталкер,1979,"Ciencia ficción, Drama",162,"En un lugar de Rusia llamado ""La Zona"", hace algunos años se estrelló un meteorito. A pesar de que el acceso a este lugar está prohibido, los ""stalkers"" se dedican a guiar a quienes se atreven a aventurarse en este inquietante paraje.",8.096,https://image.tmdb.org/t/p/w500/c6lF6PYnq6rtYTUM8me0D0DCpwa.jpg
"Fellini, ocho y medio",8½,1963,Drama,138,"Después de obtener un éxito rotundo, un director de cine atraviesa una crisis de creatividad e intenta inútilmente hacer una nueva película. En esta situación, empieza a pasar revista a los hechos más importantes de su vida y a recordar a todas las mujeres a las que ha amado.",8.1,https://image.tmdb.org/t/p/w500/nCbEu0JLfCIXLnFAxuTs5i5AYN9.jpg
Lock & Stock,"Lock, Stock and Two Smoking Barrels",1998,"Comedia, Crimen",106,"Eddie convence a tres amigos para jugarse sus ahorros en una partida de cartas contra Harry el Hacha, un mafioso del barrio. La partida está amañada, y Eddie no sólo pierde todo el dinero sino que contrae una deuda de medio millón de libras, que debe pagar en el plazo de una semana. El mafioso pretende quedarse con el local de su padre para resarcirse de la deuda, pero los cuatro amigos planean saldarla de una forma mucho más arriesgada.",8.096,https://image.tmdb.org/t/p/w500/prewFR5HkUNpU1tNGUBPMal20rI.jpg
El padre,The Father,2020,Drama,97,"Anthony, un hombre de 80 años mordaz, algo travieso y que tercamente ha decidido vivir solo, rechaza todos y cada uno de las cuidadoras que su hija Anne intenta contratar para que le ayuden en casa. Está desesperada porque ya no puede visitarle a diario y siente que la mente de su padre empieza a fallar y se desconecta cada vez más de la realidad. Anne sufre la paulatina pérdida de su padre a medida que la mente de éste se deteriora, pero también se aferra al derecho a vivir su propia vida.",8.095,https://image.tmdb.org/t/p/w500/oOYti9KmH3MP5R2rtXrRL06t8i0.jpg
La caza,Jagten,2012,Drama,115,"Tras un divorcio difícil, Lucas, de cuarenta años, ha encontrado una nueva novia, un nuevo trabajo y se dispone a reconstruir su relación con Marcus, su hijo adolescente. Pero algo va mal. Un detalle. Un comentario inocente. Una mentira fortuita. Y mientras la nieve comienza a caer y las luces de Navidad se iluminan, la mentira se extiende como un virus invisible. El estupor y la desconfianza se propagan y la pequeña comunidad se sumerge en la histeria colectiva, obligando a Lucas a luchar por salvar su vida y su dignidad.",8.096,https://image.tmdb.org/t/p/w500/kOIf3U36sLKaVjO5sUsifCsfQ4i.jpg
Kill Bill: The Whole Bloody Affair,Kill Bill: The Whole Bloody Affair,2011,"Acción, Crimen",275,"Kill Bill es una película de acción y suspense de dos partes estrenada en 2003 y 2004 respectivamente, que fue escrita y dirigida por Quentin Tarantino. Kill Bill originalmente fue propuesta para tener un lanzamiento único en los cines, pero con una duración de más de cuatro horas, fue separada en dos volúmenes: Kill Bill: Volumen 1, lanzada a finales de 2003, y Kill Bill: Volumen 2, lanzada a inicios de 2004. Las dos películas fueron bien recibidas por la crítica, muchos notando su estilo de dirección y su homenaje a géneros cinematográficos como las películas de artes marciales hongkonesa, las películas de samuráis, spaghetti western, chicas con armas, violación y venganza. En 2011, las dos películas fueron unidas y, junto a una secuencia animada extensa, fueron estrenadas bajo título de Kill Bill: The Whole Bloody Affair en el New Beverly Cinema, en Los Ángeles, California.",8.1,https://image.tmdb.org/t/p/w500/rrdOoifC74O7YLdQsaIXA393RlR.jpg
El cuento de la princesa Kaguya,かぐや姫の物語,2013,"Animación, Drama, Fantasía",137,"Basada en un cuento popular japonés anónimo del siglo IX, 'El cortador de bambú', la historia comienza cuando una pareja de ancianos campesinos encuentran a una niña diminuta dentro de una planta de bambú y deciden adoptarla como si fuera su hija. Convertida rápidamente en una hermosa mujer, es pretendida por muchos hombres, incluido el emperador, pero ella los rechaza a todos porque asegura venir de la Luna y debe volver allí...",8.093,https://image.tmdb.org/t/p/w500/tCw5ZR5RkmAtCztmkP8dYh1nkoX.jpg
Soul,Soul,2020,"Animación, Familia, Drama, Música, Fantasía",107,"¿Alguna vez te has preguntado de dónde provienen tu pasión, tus sueños y tus intereses? ¿Qué es lo que te hace ser... tú? Viaja desde las calles de Nueva York a los reinos cósmicos para descubrir las respuestas a las preguntas más importantes de la vida.",8.092,https://image.tmdb.org/t/p/w500/xJ7MCAy4oCLerPo3JjnB8lKOhl4.jpg
Deseando amar,花樣年華,2000,"Drama, Romance",95,"Hong Kong, 1962. Chow, redactor jefe de un diario local, se muda con su mujer a un edificio habitado principalmente por gentes de Shanghai. Allí conoce a Li-zhen, una joven que acaba de instalarse en el mismo edificio con su esposo. Ella es secretaria de una empresa de exportación y su marido está continuamente de viaje de negocios. Como la mujer de Chow también está casi siempre fuera de casa, Li-zhen y Chow pasan cada vez más tiempo juntos y se hacen muy amigos. Un día, ambos descubrirán que sus respectivos cónyuges los están traicionando.",8.092,https://image.tmdb.org/t/p/w500/ivyPPBVdDcwJy8LI8xccDFZqIaU.jpg
"París, Texas","Paris, Texas",1984,Drama,147,"Un hombre aparece andando en el desierto de Texas sin recordar quién es. Su hermano va en su busca, intentando que recuerde su vida cuatro años atrás, cuando abandonó a su mujer y a su hijo. Mientras la memoria va volviendo a él y recupera el contacto con personas de su pasado, descubre la oportunidad de rehacer su vida.",8.1,https://image.tmdb.org/t/p/w500/ba8edzVOul1uDHaLgDImALqhsN1.jpg
La liga de la justicia de Zack Snyder,Zack Snyder's Justice League,2021,"Acción, Aventura, Fantasía",242,"Con la determinación de asegurar que el sacrificio definitivo de Superman no fue en vano, Bruce Wayne une fuerzas con Diana Prince para reclutar a un equipo de metahumanos que protejan el mundo de una amenaza inminente de proporciones catastróficas. La tarea es más difícil de lo que Bruce imaginaba, ya que cada uno de los reclutas deberá enfrentarse a sus propios demonios para trascender aquello que los detenía, para unirse y formar de manera definitiva una liga de héroes sin precedentes. Ahora unidos, Batman, Wonder Woman, Aquaman, Cyborg y Flash deberán salvar al planeta de la amenaza de Steppenwolf, DeSaad y Darkseid, antes de que sea demasiado tarde.",8.1,https://image.tmdb.org/t/p/w500/wcIJgChypo0s6ILm9Dkr13rV5q0.jpg
Call Me by Your Name,Call Me by Your Name,2017,"Romance, Drama",122,"Elio Perlman (Timothée Chalamet), un joven de 17 años, pasa el cálido y soleado verano de 1983 en la casa de campo de sus padres en el norte de Italia. Se pasa el tiempo holgazaneando, escuchando música, leyendo libros y nadando hasta que un día el nuevo ayudante americano de su padre llega a la gran villa. Oliver (Armie Hammer) es encantador y, como Elio, tiene raíces judías; también es joven, seguro de sí mismo y atractivo. Al principio Elio se muestra algo frío y distante hacia el joven, pero pronto ambos empiezan a salir juntos de excursión y, conforme el verano avanza, la atracción mutua de la pareja se hace más intensa.",8.1,https://image.tmdb.org/t/p/w500/cfqc9Z287VPRV85NrOIS1bxHlBT.jpg
¡Olvídate de mí!,Eternal Sunshine of the Spotless Mind,2004,"Ciencia ficción, Drama, Romance",108,"Una mujer usa los servicios de una empresa para borrar de su memoria todo recuerdo de su ex pareja. Ofendido, el hombre intenta hacer lo mismo que ella, pero el proceso no sucede según lo esperado y el protagonista debe atravesar la gigantesca marea de recuerdos de su propio cerebro para recomponer las cosas.",8.1,https://image.tmdb.org/t/p/w500/2bHEXzzccUsBNOS6rn9uvi3vAGW.jpg
Mundo Prodigiosa: Las aventuras de Ladybug en Nueva York,"Miraculous World : New York, les héros unis",2020,"Animación, Familia, Acción, Aventura, Película de TV",62,"Ladybug al lado de sus amigos, son enviados a la universidad de Nueva York con una finalidad, celebrar la Semana de la Amistad Franco-Americana, pero no cuentan con que se toparán con superhéroes estadounidenses que les cambiarán la estadía.",8.089,https://image.tmdb.org/t/p/w500/mFoxoluhrUYHJNIfE1j1ZikdLeo.jpg
Perdición,Double Indemnity,1944,"Crimen, Suspense",107,"MacMurray es un vendedor de seguros que, en connivencia con Barbara Stanwyck, elabora un plan para asesinar al marido de ella y quedarse con el dinero de su seguro. Obra cumbre del género, uno de los ejercicios de suspense más fascinantes de todos los tiempos.",8.089,https://image.tmdb.org/t/p/w500/wiFsjxbmlyP7O8PMASPh18ftRez.jpg
Rufufú,I soliti ignoti,1958,"Comedia, Crimen",100,"Un grupo de ladronzuelos, aconsejados por un ladrón ya retirado, decide preparar un gran robo en las oficinas romanas del Monte de Piedad, con la esperanza de que les saque de la miseria en la que viven. Uno de los grandes éxitos de la ""comedia a la italiana"", con espléndido reparto.",8.1,https://image.tmdb.org/t/p/w500/dicsLg5NGUvznacv8J7VtDK0jC6.jpg
Metrópolis,Metropolis,1927,"Drama, Ciencia ficción",153,"En una megalópolis del año 2000, los obreros están condenados a vivir recluidos en un gueto subterráneo, donde se encuentra el corazón industrial de la ciudad. Sin embargo, incitados por un robot, se rebelan contra la clase dominante y amenazan con destruir la ciudad exterior. Freder (Gustav Frölich), el hijo del soberano de Metrópolis, y María, una muchacha de origen humilde, intentarán evitar la destrucción apelando a los sentimientos y al amor.",8.1,https://image.tmdb.org/t/p/w500/fCWd45ybxghuvaeSMcBsLFKY6PG.jpg
El odio,La Haine,1995,Drama,98,"Tras una caótica noche de disturbios en un suburbio marginal de París, tres jóvenes amigos, Vinz, Hubert y Saïd, deambulan desocupados esperando noticias sobre el estado de salud de un amigo común que ha resultado gravemente herido al enfrentarse a la policía.",8.087,https://image.tmdb.org/t/p/w500/cRhjRtGfUvm9pOVid2BrrNUnjR5.jpg
"Flow, un mundo que salvar",Straume,2024,"Aventura, Animación, Familia, Fantasía",84,"En un mundo al borde del colapso, un gato solitario pierde su hogar por una inundación y encuentra refugio en un barco con otras especies. Juntos, deberán superar diferencias y desafíos mientras navegan por un misterioso paisaje sumergido.",8.085,https://image.tmdb.org/t/p/w500/337MqZW7xii2evUDVeaWXAtopff.jpg
Eva al desnudo,All About Eve,1950,Drama,138,"Una joven que aspira a convertirse en actriz y triunfar en los escenarios se las ingenia para introducirse en un grupo de actores de teatro y hacerse amiga y confidente de una famosa y veterana actriz. El deseo de actuar y los celos la consumen hasta el punto de traicionar a sus compañeros en su escalada hacia el éxito. Ella halaga, atrae, seduce, pero también pisotea a todo el que se cruza en su camino: escritores, directores, productores. Sólo un inteligente crítico teatral adivina lo que se esconde tras su dulce apariencia, sólo él es capaz de ver a Eva al desnudo.",8.1,https://image.tmdb.org/t/p/w500/or4l6YmNSQlkN5QRaAFsqxd0wWX.jpg
Violet Evergarden: La eternidad y la muñeca de recuerdos automáticos,ヴァイオレット・エヴァーガーデン 外伝 - 永遠と自動手記人形 -,2019,"Drama, Fantasía, Animación",90,"Isabella es una chicca de la nobleza, que vive ""recluida"" por las estrictas reglas de su padre, hasta que recupera la esperanza al conocer a cierta persona… una chica llamada Violet Evergarden, una veterana de la guerra, que encontró un peculiar trabajo como escritora de cartas en los cuales tiene el reto de entender a los demás y escribir los sentimientos de sus clientes.",8.085,https://image.tmdb.org/t/p/w500/m4TcBgEoyVZjSGqmhctz5uQQkxi.jpg
El odio que das,The Hate U Give,2018,"Crimen, Drama",133,"Starr Carter oscila constantemente entre dos mundos: el barrio pobre, en su mayoría afroamericano, donde vive, y la escuela preparatoria rica, en su mayoría blanca, a la que asiste. Este equilibrio incómodo entre esos mundos se hace añicos cuando Starr es testigo de la muerte de su amigo de la infancia, Khalil, a manos de un oficial de policía. Ante las presiones de la comunidad, Starr deberá encontrar su voz y defender lo que cree que es correcto.",8.1,https://image.tmdb.org/t/p/w500/xsLdnoDBRh1LlfxLJVJZgQAUVii.jpg
Harry Potter y las Reliquias de la Muerte - Parte 2,Harry Potter and the Deathly Hallows: Part 2,2011,"Aventura, Fantasía",130,La segunda parte de la batalla final entre las fuerzas del bien y el mal. El juego nunca ha sido tan peligroso y nadie está a salvo. Se acerca el momento de la confrontación final entre Harry Potter y Lord Voldemort. Todo termina aquí…,8.08,https://image.tmdb.org/t/p/w500/aM1TuUiPtV8OAZyu61CTdy9Ymtk.jpg
Yojimbo (El mercenario),用心棒,1961,"Drama, Suspense",110,"En el siglo XIX, en un Japón todavía feudal, un samurái llega a un poblado, donde dos bandas de mercenarios luchan entre sí por el control del territorio. Muy pronto el recién llegado da muestras de ser un guerrero invencible, por lo que los jefes de las dos bandas intentan contratar sus servicios.",8.08,https://image.tmdb.org/t/p/w500/ay90WBc6vrC7IYneuuyAS00hw2F.jpg
Fresas salvajes,Smultronstället,1957,Drama,91,"El profesor Borg, un eminente físico, debe ir a Estocolmo para recibir un homenaje de su universidad. Sobrecogido, tras un sueño en el que contempla su propio cadáver, decide emprender el viaje en coche con su nuera, que acaba de abandonar su casa, tras una discusión con su marido, que se niega a tener hijos. Durante el viaje se detiene en la casa donde pasaba las vacaciones cuando era niño, un lugar donde crecen las fresas salvajes y donde vivió su primer amor.",8.08,https://image.tmdb.org/t/p/w500/k4f0IpHOJqAK9Cvy3FLH9w90qWX.jpg
Con faldas y a lo loco,Some Like It Hot,1959,"Comedia, Romance, Crimen",120,"Época de la Ley Seca (1920-1933). Joe y Jerry son dos músicos del montón que se ven obligados a huir después de ser testigos de un ajuste de cuentas entre dos bandas rivales. Como no encuentran trabajo y la mafia los persigue, deciden vestirse de mujeres y tocar en una orquesta femenina. Joe para conquistar a Sugar Kane, la cantante del grupo, finge ser un magnate impotente; mientras tanto, Jerry es cortejado por un millonario que quiere casarse con él.",8.1,https://image.tmdb.org/t/p/w500/y2DPBWFMiwVJeBq0vBX9Um8AqOE.jpg
Siempre nos quedará mañana,C'è ancora domani,2023,"Drama, Comedia, Historia",118,"Es primavera y toda la familia está alborotada por el inminente compromiso de la querida hija mayor, Marcella, quien, por su parte, sólo espera casarse rápidamente con un simpático chico de clase media, Giulio, y librarse por fin de esa incómoda familia.",8.079,https://image.tmdb.org/t/p/w500/4v92mnLAfVfRcaQaEVmg2Ss2t72.jpg
Contratiempo,Contratiempo,2017,"Drama, Misterio, Suspense",107,"Barcelona, España. Adrián Doria, un joven y exitoso empresario acusado de homicidio, se reúne una noche con Virginia Goodman, una abogada experta en interrogatorios, con el propósito de urdir una estrategia de defensa.",8.079,https://image.tmdb.org/t/p/w500/2aDS5gmgvcw7P7BfoxqtnIktHDk.jpg
El submarino (Das Boot),Das Boot,1981,"Drama, Historia, Bélica",149,"Un submarino alemán de la Segunda Guerra Mundial es el escenario en el que un grupo de jóvenes soldados, dispuesto a defender su patria, tendrá que someterse a una dura convivencia, tras descubrir que han sido enviados a realizar una misión probablemente suicida.",8.078,https://image.tmdb.org/t/p/w500/qXeULeu5uHHXYHRsbITzuLN51EB.jpg
La serpiente verde,白蛇2：青蛇劫起,2021,"Animación, Fantasía, Acción, Aventura",132,"Mientras intenta liberar a su hermana de las garras de Fahai, Xiao Qing acaba en una ciudad distópica y conoce a un misterioso hombre que no recuerda su pasado.",8.1,https://image.tmdb.org/t/p/w500/wpDfbawubKtY6JteqNv7wbNsSZx.jpg
La gran guerra,La grande guerra,1959,"Comedia, Bélica, Drama",137,"Italia, 1916 (Primera Guerra Mundial). La lucha en las trincheras es una auténtica carnicería. En un regimiento italiano, los soldados Oreste y Giovanni son dos cobardes, cuya amistad se basa, sobre todo, en la búsqueda de la supervivencia. Pero, de repente, van a convertirse en un ejemplo de heroísmo.",8.1,https://image.tmdb.org/t/p/w500/eUn3Uynf4YJVaOABqgQcLWcmsBv.jpg
Pozos de ambición,There Will Be Blood,2007,Drama,158,"Texas, principios del siglo XX. Una historia sobre la familia, la avaricia y la religión. Daniel Plainview (Daniel Day-Lewis) se traslada a una miserable ciudad con el propósito de hacer fortuna, pero, a medida que se va enriqueciendo, sus principios y valores desaparecen y acaba dominado por la ambición. Tras encontrar un rico yacimiento de petróleo en 1902, se convierte en un acaudalado magnate. Cuando, años después, intenta apoderarse de un nuevo yacimiento, tiene que enfrentarse al predicador Eli Sunday (Paul Dano). Adaptación de la novela de Upton Sinclair ""Petróleo"", escrita en 1927.",8.077,https://image.tmdb.org/t/p/w500/fho18jHViMUC2Ax8xdkkGwimbTe.jpg
La momia de Lee Cronin,Lee Cronin's The Mummy,2026,"Terror, Misterio",133,"La joven hija de un periodista desaparece en el desierto sin dejar rastro—ocho años más tarde, la familia rota se conmociona cuando ella es devuelta a ellos, y lo que debiera haber sido una reunión jubilosa se convierte en una auténtica pesadilla.",8.1,https://image.tmdb.org/t/p/w500/sKYkjA9H4Qlzz5M1oqGCFVsTOfL.jpg
Lejos del árbol,Far from the Tree,2021,"Animación, Familia",7,"En una playa idílica en el noroeste del Pacífico, la curiosidad se apodera de un mapache joven cuyo padre frustrado intenta mantenerlos a ambos a salvo.",8.1,https://image.tmdb.org/t/p/w500/ebQ8RXIjKZoGnpZ7mFs7z2iklb6.jpg
El bazar de las sorpresas,The Shop Around the Corner,1940,"Comedia, Drama, Romance",94,"Alfred Kralik es el tímido jefe de vendedores de Matuschek y Compañía, una tienda de Budapest. Todas las mañanas, los empleados esperan juntos la llegada de su jefe, Hugo Matuschek. A pesar de su timidez, Alfred responde al anuncio de un periódico y mantiene un romance por carta. Su jefe decide contratar a una tal Klara Novak en contra de la opinión de Alfred. En el trabajo, Alfred discute constantemente con ella, sin sospechar que es su corresponsal secreta.",8.1,https://image.tmdb.org/t/p/w500/ylExFY65lH1WIg7KQrTa8Zqz6nc.jpg
La cosa (El enigma de otro mundo),The Thing,1982,"Terror, Misterio, Ciencia ficción",109,"En una estación experimental de la Antártida, un equipo de investigadores descubre a un ente extraño venido del espacio, que según todos los indicios ha permanecido enterrado en la nieve durante más de 100.000 años. Al descongelarse, experimenta una metamorfosis sorprendente...",8.073,https://image.tmdb.org/t/p/w500/5hkM27bPdkgQli5g5zR5pp9bkNZ.jpg
Doctor Who: El tiempo del Doctor,Doctor Who: The Time of the Doctor,2013,"Drama, Ciencia ficción, Película de TV",60,"Orbitando un pequeño y pacífico planeta, los ejércitos de las especies más letales del universo se reúnen, atraídas por un misterioso mensaje que se repite por las estrellas. Y entre ellos, está el Doctor. Rescatando a Clara de una cena navideña en familia, el Señor del Tiempo y su mejor amiga descubren lo que esta enigmática señal significa para su propio destino y para el resto del universo.",8.1,https://image.tmdb.org/t/p/w500/8GSVpMPlvymndYheKMtQb1aLDBh.jpg
Secretos de un matrimonio,Scener ur ett äktenskap,1974,"Drama, Romance",170,"El matrimonio formado por Johan, profesor de psicología, y Marianne, abogada, recibe una noche en su casa la visita de sus amigos Peter y Katerina. Al poco tiempo, los invitados empiezan una fuerte discusión en la que los anfitriones intentan mediar sin éxito alguno. Cuando se quedan solos, Johan y Marianne empiezan a hablar de su matrimonio y de sus problemas.",8.066,https://image.tmdb.org/t/p/w500/opIaj9znzDAsYh5pohuVIz6ZpwJ.jpg
¡Vivir!,活着,1994,"Drama, Romance, Bélica",132,"Después de verse obligado a abandonar su casa y su familia por deudas de juego, un hombre rehace su vida como titiritero hasta que se ve envuelto en la revolución maoísta. Cuando consigue volver con su mujer y sus hijos, ya nada es como antes.",8.1,https://image.tmdb.org/t/p/w500/mIx0Mk2XkYS7TjLZsMcLiWv0SHy.jpg
Look Back: Continúa dibujando,ルックバック,2024,"Animación, Drama",58,"Fujino, una chica popular y extrovertida, es aclamada por sus compañeros de clase por sus cómics divertidos en el periódico de la clase. Un día, su profesora le pide que comparta el espacio con Kyomoto, un recluso que se ausenta de la escuela y cuyas hermosas obras de arte despiertan en ella un fervor competitivo. Lo que comienza como celos se transforma cuando Fujino se da cuenta de su pasión compartida por el dibujo.",8.065,https://image.tmdb.org/t/p/w500/yGPEQdlYbAINCK7DbhhEY0UUycS.jpg
El intendente Sansho,山椒大夫,1954,Drama,124,"A finales de la Era Heian en el siglo XII, el gobernador de un pueblo es enviado al exilio. A pesar de que su familia quiere ir con él, ninguno podrá acompañarle, pues, engañados por una vieja que se hace pasar por sacerdotisa, son vendidos como esclavos por separado: la madre por un lado y los hijos por otro.",8.1,https://image.tmdb.org/t/p/w500/z7IZYt4nsNig12RGtMhW4uPyRr7.jpg
Amar te duele,Amar te duele,2002,"Drama, Romance",104,"Renata (Martha Higareda) pertenece a una familia de la alta sociedad mexicana. Ulises (Luis Fernando Peña) es pobre, y trabaja con su padre en el mercado. Los dos jóvenes se enamoran en un centro comercial, pero ese idilio adolescente se encuentra con el rechazo de sus familias y amigos...",8.064,https://image.tmdb.org/t/p/w500/wK5UVMVjWMLV71SLpCjUFrO8mHI.jpg
Mi vecino Totoro,となりのトトロ,1988,"Fantasía, Animación, Familia",86,"Dos chicas jóvenes, Mei y Satsuki, se mudan a una nueva casa cerca del hospital en el que se encuentra su madre. En el patio junto a la casa, existe un gran árbol que es el hogar de tres Totoros, dioses de la selva. Poco después, reciben noticias desde el hospital de que su madre no puede venir a casa como había prometido, por lo que Mei (la más joven) se escapa para ir a visitarla. Satsuki tiene que recurrir a un Totoro para ayudar a encontrarla.",8.064,https://image.tmdb.org/t/p/w500/uu6RaEAfkIQaolf20axWaRU4h3w.jpg
Nezha: El renacer de un dios,新神榜：哪吒重生,2021,"Animación, Fantasía, Acción",117,"La historia tiene lugar tres mil años después de ""Nezha nao hai"". Nezha nace de nuevo ¿Qué desafíos enfrentará en esta vida? Un nuevo superhéroe está naciendo en silencio...",8.063,https://image.tmdb.org/t/p/w500/bPj2YRLOnYtY7dQCZl3hHef9PZA.jpg
"M, el vampiro de Düsseldorf",M - Eine Stadt sucht einen Mörder,1931,"Drama, Suspense, Crimen",111,"Un asesino de niñas tiene atemorizada a toda la ciudad. La policía lo busca frenética y desesperadamente, deteniendo a cualquier persona mínimamente sospechosa. Por su parte, los jefes del hampa, furiosos por las redadas que están sufriendo por culpa del asesino, deciden buscarlo ellos mismos.",8.062,https://image.tmdb.org/t/p/w500/drwll2kXZpmRYBEtWMWZbHcFkJF.jpg
Tropa de élite,Tropa de Elite,2007,"Drama, Acción, Crimen",114,"Inspirada en hechos reales del Batallón de Operaciones Policiales Especiales (BOPE). En 1997, el capitán Nascimento tiene que encontrara su sucesor,  entre tanto continúa intentando limpiar las calles de Río de narcos y criminales antes de la llegada del Papa.",8.061,https://image.tmdb.org/t/p/w500/uNmhgNiUzZAknt4sjY1id8nbFCG.jpg
Memories of Murder (Crónica de un asesino en serie),살인의 추억,2003,"Crimen, Drama, Suspense",131,"Corea del Sur, 1986. Una joven aparece brutalmente violada y asesinada. Dos meses después, se producen una serie de violaciones y asesinatos en circunstancias similares. Para buscar al asesino, se organiza un destacamento especial, encabezado por un detective de la policía local (Park Doo-man) y un detective de la policía de Seúl (Seo Tae-yoon), que ha solicitado ser asignado al caso.",8.1,https://image.tmdb.org/t/p/w500/eq4oNv2fcDw8murQ9RYyCVbhPHC.jpg
Tu mejor amigo: Un nuevo viaje,A Dog's Journey,2019,"Familia, Aventura, Drama",110,"Narra la historia de Bailey, un perro leal que encuentra el significado de su propia existencia a través de la vida de los humanos a los que les enseña a reír y amar.",8.056,https://image.tmdb.org/t/p/w500/cq7oRDzpSSldtyUuhW8aDL53OCV.jpg
Tres anuncios en las afueras,"Three Billboards Outside Ebbing, Missouri",2017,"Crimen, Drama",115,"Mildred Hayes, una mujer de 50 años cuya hija adolescente ha sido violada y asesinada, decide iniciar por su cuenta una guerra contra la policía de su pueblo, Ebbing, al considerar que no hacen lo suficiente para resolver el caso y que se haga justicia. Su primer paso será contratar unas vallas publicitarias denunciando la situación y señalando al jefe de policía, William Willoughby, como responsable principal de la pasividad policial.",8.055,https://image.tmdb.org/t/p/w500/5VtVgiwgQ2DOIS1EtIPpvXLOOmG.jpg
Orgullo y prejuicio,Pride & Prejudice,2005,"Drama, Romance",127,"Las cinco hermanas Bennet han sido criadas por una madre obsesionada por encontrarles marido. Pero una de ellas, Lizzie, inteligente y con carácter, desea una vida con perspectivas más abiertas, un anhelo respaldado por su padre. Cuando el señor Bingley, un soltero rico, y su círculo de sofisticados amigos se instalan en una mansión vecina para pasar el verano, las Bennett se entusiasman con la posibilidad de encontrar pretendientes. En el baile de bienvenida, Lizzie conoce al apuesto y elegante señor Darcy, pero, a primera vista, le parece demasiado orgulloso y arrogante.",8.1,https://image.tmdb.org/t/p/w500/oixzLjpyaLagLa8UREts1NiHr6F.jpg
Oraciones para Bobby,Prayers for Bobby,2009,"Drama, Historia, Película de TV",89,"Bobby Griffith (Ryan Kelley), un chico adolescente gay, se suicida a causa de la intolerancia religiosa de su madre (Sigourney Weaver), una devota cristiana. Después de este trágico hecho, su madre se replanteará su escala de valores y su posición ante la homosexualidad... Basada en un suceso real ocurrido en los años setenta detallado en el libro homónimo de Leroy Aarons.",8.053,https://image.tmdb.org/t/p/w500/fICDD2xJTEXlsLhqbuUM80oObon.jpg
Una jornada particular,Una giornata particolare,1977,"Drama, Romance",106,"El 6 de mayo de 1938, Hitler visita Roma. Es un día de fiesta para la Italia fascista, que se vuelca en el recibimiento. En una casa de vecinos sólo quedan la portera, un ama de casa, Antonietta, y Gabriele, que teme a la policía por algún motivo desconocido. Al margen de la celebración política, Antonietta y Gabriele establecen una relación afectiva muy especial que les permite evadirse durante unas horas de la tristeza y monotonía de la vida cotidiana.",8.052,https://image.tmdb.org/t/p/w500/mLjWMw2tDKA4xvrGMFpY5e4TbGP.jpg
Los niños del paraíso,Les Enfants du Paradis,1945,"Drama, Romance",190,"París, 1820. Dos jóvenes artistas, Baptiste Debureau y Frédéric Lemâitre, debutan en el teatro de los Funámbulos y entablan amistad. Un día, Garance, una misteriosa y atractiva mujer, irrumpe en sus vidas. Mientras que el tímido Baptiste no se atreve a declararle su amor, Frédéric la convierte en su amante. Sin embargo, al estar implicada en una serie de crímenes, la mujer desaparece.",8.052,https://image.tmdb.org/t/p/w500/5JdJCE93pWWx34UtHg62fj2qJ9g.jpg
Me contro Te: Il film - La vendetta del Signor S,Me contro Te: Il film - La vendetta del Signor S,2020,"Familia, Fantasía",64,"Una joven pareja que hace videos populares de YouTube para niños se propone ganar un premio, pero una mente maestra malvada se interpone en el camino de su éxito.",8.1,https://image.tmdb.org/t/p/w500/qnmbb2de5Bh3xNsBRqozQsbwBLh.jpg
Junto a los dioses: Los últimos 49 días,신과함께-인과 연,2018,"Acción, Aventura, Fantasía, Suspense",142,"La continuación de ""Along with the Gods: The Two Worlds"" no se hace de rogar. Aquí, Su-Hong y sus tres guardianes del más allá viajan a través de los siete infiernos para conseguir reencarnarse. Mientras, un dios desafía todas las reglas para ayudar a gente común en el mundo de los vivos.",8.05,https://image.tmdb.org/t/p/w500/jR1oAKk8m71THgpAEWkBkW5mtrr.jpg
El hombre elefante,The Elephant Man,1980,"Drama, Historia",124,"A finales del siglo XIX, el doctor Frederick Treves descubre en un circo a un hombre llamado John Merrick. Se trata de un ciudadano británico con la cabeza monstruosamente deformada, que vive en una situación de constante humillación y sufrimiento al ser exhibido diariamente como una atracción de feria.",8.049,https://image.tmdb.org/t/p/w500/8oif8Zz7Nlf0vMVIiqX1rxDLoXl.jpg
2001: Una odisea del espacio,2001: A Space Odyssey,1968,"Ciencia ficción, Misterio, Aventura",149,"Mientras investigan la aparición de misteriosos monolitos en el universo, dos astronautas luchan contra la inteligencia artificial de su nave.",8.0,https://image.tmdb.org/t/p/w500/sln50uQYigvu5AvN72JfYfu1ckq.jpg
Figuras ocultas,Hidden Figures,2016,"Drama, Historia",127,"Narra la historia nunca contada de tres brillantes mujeres científicas afroamericanas que trabajaron en la NASA a comienzos de los años sesenta (en plena carrera espacial, y asimismo en mitad de la lucha por los derechos civiles de los negros estadounidenses) en el ambicioso proyecto de poner en órbita al astronauta John Glenn.",8.044,https://image.tmdb.org/t/p/w500/yiufjE3kfM9e0qIlEdGEmkUcXky.jpg
La mejor juventud,La meglio gioventù,2003,"Drama, Historia, Romance",366,"Historia de una familia italiana desde los años 60 hasta nuestros días. Dos hermanos, Nicola (Luigi Lo Cascio) y Matteo (Alessio Boni), comparten las mismas esperanzas, los mismos sueños; disfrutan de los mismos libros y de los mismos amigos hasta que conocen a una chica desequilibrada, Giorgia (Jasmine Trinca), que perturba su destino. Mientras Nicola ejerce como psicólogo, Matteo abandona sus estudios e ingresa en el cuerpo de policía.",8.043,https://image.tmdb.org/t/p/w500/tHyMkciechhnTHTM1ky5OGWrb7N.jpg
Corazones malheridos,Purple Hearts,2022,"Romance, Drama",122,Una aspirante a música y un marine a punto de irse a Irak deciden casarse por conveniencia. Pero una tragedia pronto convierte su relación falsa en algo muy real.,8.042,https://image.tmdb.org/t/p/w500/ndp4yIfg04i3raprDJ0UKWD8IK9.jpg
KonoSuba. La Película. La Leyenda del Carmesí,映画 この素晴らしい世界に祝福を！紅伝説,2019,"Animación, Comedia, Fantasía",90,"La vida del amante de los videojuegos, Satou Kazuma, termina cuando es arrollado por un camión. En un inesperado giro del destino reencarna en otro mundo gracias a la diosa Aqua, a una torpe hechicera llamada Megumin y a una delirante caballero llamada Darkness. En esta película este peculiar grupo se enfrentará a una increíble amenaza. ¿Podrán salvar la Villa Carmesí? ¿Qué pasará con Kazuma?",8.042,https://image.tmdb.org/t/p/w500/5aaAySq2nI9kYQZzom7ymvoN2Kh.jpg
Along with the Gods: Los dos mundos,신과함께-죄와 벌,2017,"Acción, Aventura, Drama, Fantasía, Suspense",135,"Tras morir de forma inesperada, el bombero Ja-hong es llevado al más allá por tres guardianes. Sólo si pasa una serie de juicios durante y demuestra que es inocente en su vida, es apto para reencarnarse. Sus tres guardianes le apoyarán y le defenderán.",8.044,https://image.tmdb.org/t/p/w500/hEuIC6M7PnBewZo91DrRr3RIXYx.jpg
A Taxi Driver: Los héroes de Gwangju,택시운전사,2017,"Acción, Drama, Historia",145,"Mayo de 1980. Man-seob (SONG Kang-ho) es un taxista en Seúl que vive al dia, criando a su pequeña hija solo después de que su esposa lo abandonara, con altas facturas de hospital detrás. Un día, él escucha que hay un extranjero dispuesto a pagar mucho dinero por un viaje de ida y vuelta a la ciudad de Gwangju. Sin saber que el extranjero es un periodista alemán (Thomas Kretschmann) con una agenda oculta para investigar los rumores extraños de Gwangju, Man-seob toma el trabajo y los dos comienzan su viaje juntos.",8.041,https://image.tmdb.org/t/p/w500/45oP9Fng0vf6yO4wanjM70NPBFY.jpg
Lion,Lion,2016,Drama,118,"El pequeño Saroo, de cinco años, se pierde en un tren en el que recorrerá miles de kilómetros por la India, lejos de su casa y de su familia. Saroo tendrá que aprender a vivir solo en Calcuta, antes de que una pareja australiana lo adopte. Veinticinco años después, y contando tan sólo con sus recuerdos, una determinación inquebrantable y las posibilidades que le proporciona la herramienta de búsqueda Google Earth, comenzará a buscar a su familia perdida, para reencontrarse con ellos.",8.04,https://image.tmdb.org/t/p/w500/jp0Q2YPjMdJVkVY2cHudit4klFX.jpg
Los Vengadores,The Avengers,2012,"Ciencia ficción, Acción, Aventura",142,"Cuando un enemigo inesperado surge como una gran amenaza para la seguridad mundial, Nick Fury, director de la Agencia SHIELD, decide reclutar a un equipo para salvar al mundo de un desastre casi seguro.",8.04,https://image.tmdb.org/t/p/w500/ugX4WZJO3jEvTOerctAWJLinujo.jpg
El moderno Sherlock Holmes,Sherlock Jr.,1924,"Acción, Comedia, Misterio",45,"Película sobre el mundo del cine, Keaton es un proyeccionista que sueña con ser un detective cuando, milagrosamente, se encuentra dentro de la película que está proyectando. Allí intentará salvar a su amada de las garras del villano. Una de las más aclamadas cintas de cine mudo llena de gags visuales y con un portentoso Buster Keaton.",8.0,https://image.tmdb.org/t/p/w500/1G9r3rqtbFAQuyWKOZm4Y5J5s7Q.jpg
Los olvidados,Los olvidados,1950,"Drama, Crimen",82,"Un grupo de delincuentes juveniles vive una vida violenta en los infectos barrios bajos de Ciudad de México; entre ellos Pedro, cuya moralidad es gradualmente corrompida y destruida por los demás.",8.04,https://image.tmdb.org/t/p/w500/4LJqMc5nM48O18iNSrbSbMCKQu7.jpg
La vida de los otros,Das Leben der Anderen,2006,"Drama, Suspense",137,"El capitán Gerd Wiesler (Ulrich Mühe) es un oficial extremadamente competente de la Stasi, la todopoderosa policía secreta del régimen comunista de la antigua República Democrática Alemana. Pero, cuando en 1984 le encomiendan que espíe a la pareja formada por el prestigioso escritor Georg Dreyman (Sebastian Koch) y la popular actriz Christa-Maria Sieland (Martina Gedenk), no sabe hasta qué punto esa misión va a influir en su propia vida...",8.0,https://image.tmdb.org/t/p/w500/huApj1ufTmVTDcKqi2SY3zmqcyJ.jpg
Cómo entrenar a tu dragón: Vuelta a casa,How to Train Your Dragon: Homecoming,2019,"Animación, Fantasía, Aventura, Familia",22,"Han pasado diez años desde que los dragones se mudaron al Mundo Oculto, y aunque Toothless ya no vive en New Berk, Hiccup continúa las tradiciones navideñas que una vez compartió con su mejor amigo. Pero los vikingos de New Berk comenzaban a olvidarse de su amistad con los dragones. Hiccup, Astrid y Gobber saben exactamente qué hacer para mantener a los dragones en los corazones de los aldeanos. Y al otro lado del mar, los dragones tienen un plan propio ...",8.038,https://image.tmdb.org/t/p/w500/n12wESAYZNqa88h4EzdD25bJRYR.jpg
Rashomon,羅生門,1950,"Crimen, Drama, Misterio",83,"Japón, siglo XII. En Kioto, bajo las puertas del derruido templo de Rashomon, se guarecen de la torrencial lluvia un leñador, un sacerdote budista y un peregrino. Los tres discuten sobre el juicio a un bandido, acusado de haber dado muerte a un señor feudal y violado a su esposa. Los detalles del crimen son narrados desde el punto de vista del bandido, de la mujer, del señor feudal -con la ayuda de un médium- y del leñador, único testigo de los hechos.",8.0,https://image.tmdb.org/t/p/w500/hTzw4ectHlJw1gZciFNsemTPARM.jpg
La dolce vita,La dolce vita,1960,"Comedia, Drama",174,"Marcello Rubini es un desencantado periodista romano, en busca de celebridades, que se mueve con insatisfacción por las fiestas nocturnas que celebra la burguesía de la época. Merodea por distintos lugares de Roma, siempre rodeado de todo tipo de personajes, especialmente de la élite de la sociedad italiana. En una de sus salidas se entera de que Sylvia, una célebre diva del mundo del cine, llega a Roma, cree que ésta es una gran oportunidad para conseguir una gran noticia, y, en consecuencia, la perseguirá por las noches por diferentes lugares de la ciudad.",8.034,https://image.tmdb.org/t/p/w500/zjtrLL2cFlBWnAL1z4qrokRU0ZT.jpg
Ultraman: El ascenso,Ultraman: Rising,2024,"Animación, Ciencia ficción, Familia, Acción",116,"Una estrella del deporte vuelve a casa a regañadientes para seguir los pasos de su padre y convertirse en Ultraman, el héroe encargado de proteger Tokio de unos monstruos gigantes.",8.0,https://image.tmdb.org/t/p/w500/2D7SsqU8VZOl838KR7q9pzljaLe.jpg
Memorias de un caracol,Memoir of a Snail,2024,"Animación, Comedia, Drama",94,"Separada a la fuerza de su hermano gemelo cuando quedan huérfanos, una melancólica inadaptada aprende a encontrar la confianza en sí misma en medio del desorden de las desgracias y la vida cotidiana.",8.0,https://image.tmdb.org/t/p/w500/itb0oMYkglNqMUkXE7mrDyFtwuL.jpg
Sátántangó,Sátántangó,1994,Drama,432,"La historia relata gradualmente los problemas de una granja colectiva durante unos pocos días de otoño en los años de la Hungría post-comunista, observada desde la perspectiva de distintos personajes. (FILMAFFINITY)",8.037,https://image.tmdb.org/t/p/w500/hySy5g6xncM3U1iRsdPgYyahXM0.jpg
Oppenheimer,Oppenheimer,2023,"Drama, Historia",181,Película sobre el físico J. Robert Oppenheimer y su papel como desarrollador de la bomba atómica. Basada en el libro 'American Prometheus: The Triumph and Tragedy of J. Robert Oppenheimer' de Kai Bird y Martin J. Sherwin.,8.029,https://image.tmdb.org/t/p/w500/ncKCQVXgk4BcQV6XbvesgZ2zLvZ.jpg
El gran hotel Budapest,The Grand Budapest Hotel,2014,"Comedia, Drama",99,"El Sr. Gustave H., un legendario conserje de un famoso hotel europeo de entreguerras, entabla amistad con Zero Moustafa, un joven empleado al que convierte en su protegido. La historia trata sobre el robo y la recuperación de una pintura renacentista de valor incalculable y sobre la batalla que enfrenta a los miembros de una familia por una inmensa fortuna. Como telón de fondo, los levantamientos que transformaron Europa durante la primera mitad del siglo XX.",8.028,https://image.tmdb.org/t/p/w500/1wk0vpNCX5T40KsGQKjfoDAhmJw.jpg
El lobo de Wall Street,The Wolf of Wall Street,2013,"Crimen, Drama, Comedia",180,"Película basada en hechos reales del corredor de bolsa neoyorquino Jordan Belfort. A mediados de los años 80, Belfort era un joven honrado que perseguía el sueño americano, pero pronto en la agencia de valores aprendió que lo más importante no era hacer ganar a sus clientes, sino ser ambicioso y ganar una buena comisión. Su enorme éxito y fortuna le valió el mote de ""El lobo de Wall Street"". Dinero. Poder. Mujeres. Drogas. Las tentaciones abundaban y el temor a la ley era irrelevante. Jordan y su manada de lobos consideraban que la discreción era una cualidad anticuada; nunca se conformaban con lo que tenían.",8.0,https://image.tmdb.org/t/p/w500/uthRoUeTtiep5HCoySlOjQSPCbJ.jpg
Una segunda madre,Que Horas Ela Volta?,2015,Drama,110,"Val es una interna que se toma su trabajo muy en serio. Sirve a un adinerado matrimonio de São Paulo día y noche, y cuida a su hijo adolescente, al que ha criado desde su infancia. El orden de este hogar parece inquebrantable, hasta que un día llega desde su ciudad de origen la inteligente y ambiciosa hija de Val, Jessica, a la que había dejado al cuidado de unos familiares en el norte de Brasil 13 años atrás. La presencia de la joven pone en peligro el balance de poder en la casa. Esta nueva situación pondrá en tela de juicio las lealtades de Val y la obligará a valorar lo que está dispuesta a perder.",8.027,https://image.tmdb.org/t/p/w500/a73RKpmk2jrbzQ43xUeG4dtQji7.jpg
Mi nombre es Khan,My Name Is Khan,2010,"Drama, Romance",165,"Rizwan Khan (Tanay Chheda) es un niño musulmán que se crió con su madre (Zarina Wahab) en el Borivali sección de Bombay en la India y que sufre de síndrome de Asperger. Ya como un adulto (Shahrukh Khan), Rizwan se enamora de una hindú madre soltera, Mandira (kajol) que vive en San Francisco. Después de los atentados del 9/11, Rizwan es detenido como sospechoso de terrorismo por la autoridades por la conducta sospechosa que tiene a razon de su discapacidad. Después de su arresto, él se reúne con Radha (Sheetal Menon), un terapeuta que ayuda a superar los traumas vividos. Rizwan entonces comienza un viaje para encontrar y reunirse con el Presidente Barack Obama (Christopher B. Duncan), a fin de limpiar su nombre.",8.027,https://image.tmdb.org/t/p/w500/jtpPxVJkYKCaxVrnetK2YYH9Fqy.jpg
La muerte tenía un precio,Per qualche dollaro in più,1965,Western,132,"Dos cazadores de asesinos, rivales entre sí al principio, acaban por unirse para conseguir una misma presa, ""El Indio"", un peligroso y sanguinario bandido por el que se ofrece la más alta recompensa conocida. Cada uno tiene motivos diferentes para dar caza al bandido, uno, su obsesión por conseguir el dinero que ofrecen, y el otro, para vengar el asesinato de su hija a manos del brutal asesino. También sus estilos son distintos, aunque infalibles, uno rápido y el otro frío y técnico.",8.0,https://image.tmdb.org/t/p/w500/7kLBhkuAAcRwRn7Xdnl9JTyhhDH.jpg
Believe Me: The Abduction of Lisa McVey,Believe Me: The Abduction of Lisa McVey,2018,"Drama, Película de TV, Crimen",87,"La noche que planea quitarse la vida, Lisa McVey, de 17 años, es secuestrada y se encuentra luchando por mantenerse con vida. Consigue convencer a su atacante para que la libere, pero cuando vuelve a casa, nadie se cree su historia, salvo un detective, que sospecha que fue secuestrada por un asesino en serie. Basado en hechos reales horripilantes.",8.0,https://image.tmdb.org/t/p/w500/ndLQXjvF5yvW51rreLDTr85o1gv.jpg
Las guerreras k-pop,KPop Demon Hunters,2025,"Fantasía, Música, Comedia, Animación",95,"Cuando no están llenando estadios, las superestrellas del K-pop Rumi, Mira y Zoey usan sus poderes secretos para proteger a sus fans de una amenaza sobrenatural.",8.025,https://image.tmdb.org/t/p/w500/6EQMqEmdG5HoGe2zT1WwWUMvVhv.jpg
Amadeus,Amadeus,1984,"Drama, Historia, Música",160,"Antonio Salieri es el músico más destacado de la corte del Emperador José II de Austria. Entregado completamente a la música, le promete a Dios humildad y castidad si, a cambio, conserva sus extraordinarias dotes musicales. Pero, después de la llegada a la corte de un joven llamado Wolfang Amadeus Mozart, Salieri queda relegado a un segundo plano. Irritado por la pérdida de protagonismo, hará todo lo posible para arruinar la carrera del joven músico. Mientras tanto, Mozart, ajeno a las maquinaciones de Salieri, sorprende a todos con su genialidad como músico, pero también con sus excentricidades.",8.023,https://image.tmdb.org/t/p/w500/nI24KqCadkHbjF4LpVHmUhQRNDn.jpg
Primavera tardía,晩春,1949,Drama,108,"Somiya era un viudo viejo con una hija, Noriko, madura para el matrimonio, pero curiosamente sigue viviendo con su padre. Para hacerla cambiar de manera de pensar, Somiya finje tomar una esposa joven e intentar que su hija se de cuenta de su situación...",8.0,https://image.tmdb.org/t/p/w500/ioAmh4wbyIhc8GeuHJG8jebf3RS.jpg
Ran,乱,1985,"Acción, Drama, Historia",162,"En el Japón medieval, el poderoso señor Hidetora decide abdicar y repartir sus dominios entre sus tres hijos. El menor considera que la idea es absurda y sólo servirá para causar problemas. Su padre, enfurecido, lo deshereda. Muy pronto descubrirá su error: la ambición hará que sus hijos mayores se enfrenten por el poder en una cruenta guerra. Se inspira en el drama de Shakespeare ""El rey Lear"".",8.0,https://image.tmdb.org/t/p/w500/feChXPgGQhhRfvkzhzoKVp8RLpQ.jpg
Pinocho de Guillermo del Toro,Guillermo del Toro's Pinocchio,2022,"Animación, Fantasía, Aventura, Drama",117,"Versión musical en animación stop motion del famoso cuento de 'Pinocho', ambientada en la Italia fascista, durante la década de 1930.",8.017,https://image.tmdb.org/t/p/w500/lGQR8HybJkO20DFTlrX3egEmvpR.jpg
En mi propia piel,Sulla mia pelle,2018,Drama,100,"Stefano Cucchi, detenido en Roma por un delito de drogas, sufre una semana horrible de encarcelamiento que afecta a su familia para siempre.",8.017,https://image.tmdb.org/t/p/w500/jOvvIZjdbGVpPaQ8upPpZzttO3T.jpg
El golpe,The Sting,1973,"Comedia, Crimen, Drama",122,"En Illinois, en 1936, dos ladrones dan un golpe a un hombre de confianza de un gángster y se embolsan un montón de dinero. El gángster decide vengarse y mata a uno de los que dieron el golpe, mientras que el otro logra escapar y entra en contacto con un ex compinche. Los dos deciden intentar un gran timo que hará temblar las finanzas del jefe de la mafia.",8.015,https://image.tmdb.org/t/p/w500/1CuTYAQrU3PVZFH4aPp6tQARmUt.jpg
Réquiem por un sueño,Requiem for a Dream,2000,"Crimen, Drama",102,"Harry (Jared Leto) vive con su atormentada madre Sara (Ellen Burstyn), y mientras él sueña con una vida mejor, ella está permanentemente a dieta para el día que pueda cumplir su mayor ilusión; aparecer en su concurso televisivo preferido. La ambición de Harry y su novia Marion (Jennifer Connelly) es hacerse ricos vendiendo droga con su amigo Tyrone (Marlon Wayans), y utilizar las ganancias para abrir un negocio propio, pero nunca llega el dinero suficiente para iniciar su plan. A pesas de todo, Harry y Marion no se resignan a vivir una existencia que consideran despreciable, por lo que harán lo impensable para conseguir la vida que anhelan.",8.014,https://image.tmdb.org/t/p/w500/2B5brHMhaHN1d9KmdeZI6RlU3aE.jpg
"Roma, ciudad abierta",Roma città aperta,1945,"Drama, Bélica",100,"Segunda Guerra Mundial (1939-1945). Estando Roma ocupada por los nazis, la temible Gestapo trata de arrestar a Manfredi, el líder del Comité Nacional de Liberación. Annie Marie ofrece refugio en su casa a Manfredi y a algunos de sus camaradas, pero los alemanes descubren su escondrijo y rodean la vivienda; algunos partisanos consiguen escapar por los tejados, pero Manfredi es apresado.",8.013,https://image.tmdb.org/t/p/w500/mgBiTwHjd9ILQXUCSS4v3eAaCIu.jpg
El salario del miedo,Le Salaire de la peur,1953,"Drama, Suspense, Aventura",131,La tensión entre cuatro trabajadores de una compañía petrolífera estallará durante un peligroso viaje durante el cual transportan nitroglicerina.,8.013,https://image.tmdb.org/t/p/w500/lvKUfnwElQEKekHitpLi8CUD866.jpg
¿Vencedores o vencidos? (El juicio de Núremberg),Judgment at Nuremberg,1961,"Drama, Historia",186,"En 1948, tres años después del final de la Segunda Guerra Mundial (1939-1945), cuatro jueces, cómplices de la política nazi de esterilización y limpieza étnica, van a ser juzgados en Nuremberg. Sobre Dan Haywood (Spencer Tracy), un juez norteamericano retirado, recae la importante responsabilidad de presidir este juicio contra los crímenes de guerra nazis.",8.0,https://image.tmdb.org/t/p/w500/mIlp23l4dAURod8LBG0rnhcazNS.jpg
Los cuatrocientos golpes,Les Quatre Cents Coups,1959,Drama,92,"A sus doce años, Antoine Doinel se ve obligado no sólo a convivir con los problemas conyugales que sus padres no se atreven a afrontar, sino también a soportar las exigencias de un severo profesor. Un día, asustado porque no ha cumplido un castigo que el maestro le ha impuesto, decide hacer novillos con su amigo René. Inesperadamente, ve a su madre en compañía de otro hombre; la culpa y el miedo lo arrastran a una serie de mentiras y riñas que poco a poco van calando en su ánimo. Deseando dejar atrás todos sus problemas, sueña con conocer el mar y traza con René un plan para escaparse.",8.01,https://image.tmdb.org/t/p/w500/1uqxcqhTNXZLyZoNKeqVkMVzuU4.jpg
Flipped,Flipped,2010,"Romance, Drama",90,"Corre el año 1957. Juli y Bryce, dos niños de siete años aparentemente muy distintos, son vecinos y compañeros de clase. Juli se enamora de Bryce, pero él no siente lo mismo y durante seis años tratará de evitarla. Cuando, en 1963, siendo ya adolescentes, van a la escuela secundaria, las cosas cambian: Bryce empieza a mirar a Juli con otros ojos.",8.0,https://image.tmdb.org/t/p/w500/ynxs5b9sAo8Lztha796x7PfuhAK.jpg
Harry Potter y el prisionero de Azkaban,Harry Potter and the Prisoner of Azkaban,2004,"Aventura, Fantasía",141,"Harry está deseando que termine el verano para comenzar un nuevo curso en Hogwarts, y abandonar lo antes posible la casa de sus despreciables tíos, los Dursley. Lo que desconoce Harry es que va a tener que abandonar Privet Drive antes de tiempo e inesperadamente después de convertir a su tía Marge en un globo gigante. Un autobús noctámbulo, y encantado por supuesto, le llevará a la taberna El Caldero Chorreante, donde le espera nada menos que Cornelius Fudge, el Ministro de Magia.",8.008,https://image.tmdb.org/t/p/w500/wF9aoo4YZmpKP4bZPSy4Zwwek6G.jpg
Le Mans '66,Ford v Ferrari,2019,"Drama, Acción, Historia",153,Se centra en un excéntrico y decidido equipo americano de ingenieros y diseñadores liderados por el visionario automovilístico Carroll Shelby y su conductor británico Ken Miles. Henry Ford II y Lee Iacocca les dan la misión de construir desde cero un nuevo automóvil con el fin de derrocar el dominio de Ferrari en el Campeonato del Mundo de Le Mans de 1966.,8.007,https://image.tmdb.org/t/p/w500/kFkZFPBU7vnDDu4m9eOgk7w9W7O.jpg
"Totò, Peppino y la mala mujer","Totò, Peppino e la... malafemmina",1956,"Comedia, Romance",101,"Antonio, Peppino y Lucia son tres hermanos que viven en el campo, cerca de Nápoles. El hijo de Lucia, Gianni, se va a Nápoles a estudiar medicina, y allí conocerá a una bailarina de la que se enamora. Su madre y sus tíos no ven con buenos ojos esta relación, e intentarán separarlos.",8.007,https://image.tmdb.org/t/p/w500/jHe65nUmr2DBuzEAAkuiFbUssYT.jpg
Siempre a tu lado (Hachiko),Hachi: A Dog's Tale,2009,"Drama, Familia",93,"Basada en una historia real. Un profesor de universidad adopta a un perro vagabundo en una estación del tren. Tras recabar información sobre el animal, el profesor descubre que el perro iba a los andenes a diario durante semanas para esperar el regreso de su amo, pero éste había muerto en un accidente en la ciudad. El perro Hachiko, al lado de su nuevo amo a quien también le cambiará la vida cuando descubre los lazos que se pueden crear entre un animal y una persona.",8.007,https://image.tmdb.org/t/p/w500/rLPMD8BOHjvvjjCX7BZQdqNWBm2.jpg
"Ayla, la hija de la guerra",Ayla,2017,"Drama, Bélica, Historia",124,"Corea, 1950. En una oscura y fría noche en medio de la guerra coreana, el general Süleyman encuentra a una niña sola y abandonada en pleno campo de batalla. Conmovido por la ternura de la pequeña, el general decidirá salvarla y acogerla en su base militar turca. La adoptará como si fuera su propia hija y la llamará Ayla. Poco a poco se creará una unión difícil de romper entre ambos. Sin embargo, al acabar la guerra, la brigada turca deberá volver a su país, aunque Süleyman no se ve capaz de abandonar a esa niña.",8.006,https://image.tmdb.org/t/p/w500/cSIBNrxtJJnzMvOlGvmoFd0T1Pz.jpg
Cuentos de la luna pálida,雨月物語,1953,"Fantasía, Drama, Misterio",96,"En el Japón del siglo XVI, los campesinos Genjuro y Tobei venden sus vasijas de barro a un grupo de soldados en un pueblo cercano, desafiando la advertencia de un sabio local contra la búsqueda de ganancias en la guerra. La búsqueda de riquezas de Genjuro y de la misteriosa Lady Wakasa, así como el deseo de Tobei de convertirse en samurái, corren el riesgo de destruirlos a ellos mismos y a sus esposas, Miyagi y Ohama.",8.005,https://image.tmdb.org/t/p/w500/91moI7d2k2KSkixuecsfhf3gBh5.jpg
Crimen perfecto,Dial M for Murder,1954,"Suspense, Crimen, Drama",104,"Tony Wendice maquina un plan para deshacerse de Margot, su esposa infiel. Pero la casualidad hará que sea a ella a quien finalmente acusen de asesinato. La inestimable ayuda de un inspector de policía ayudará a resolver el misterioso crimen.",8.002,https://image.tmdb.org/t/p/w500/wEdTSmjWddEmEeOIWWmXrRThvzY.jpg
3 Idiots,3 Idiots,2009,"Drama, Comedia",162,"Cuenta la historia de Rancho. Un chico con una pasión por estudiar y aprender. En la escuela de ingenieros, entablará amistad con Raju y Farham que acabarán por convertirse en sus dos mejores amigos. Pero al graduarse pierden el contacto y sus dos amigos deciden ir en su búsqueda.",8.001,https://image.tmdb.org/t/p/w500/gmSRHU1Wtiatj8KoyVt8rT9ockx.jpg
Bo Burnham: Inside,Bo Burnham: Inside,2021,"Comedia, Drama",87,"Bo Burnham interpretó y grabó en solitario este especial de comedia musical a lo largo de un año muy, muy raro.",8.0,https://image.tmdb.org/t/p/w500/ku1UvTWYvhFQbSesOD6zteY7bXT.jpg
American Beauty,American Beauty,1999,Drama,122,"Divertida, inquietante y sorprendente incursión en la América suburbana a través de las vidas de Lester y Carolyn, una pareja perteneciente a la clase medio-alta cuyo matrimonio -y cuyas vidas- lentamente se deshacen. Carolyn odia a su marido, su hija lo desprecia y su jefe está a punto de despedirlo. Así que Lester decide cambiar algunas cosas en su vida; a medida que va siendo más libre, consigue ser más feliz, lo que enfurece más a su esposa y a su hija.",8.0,https://image.tmdb.org/t/p/w500/wdXHzwh4DCifigYD50YEYM6CJS3.jpg
Belleza Negra,Black Beauty,2020,Drama,90,Una adolescente profundamente afligida por haber perdido a sus padres comienza a tener un vínculo muy especial con un caballo que ha sido alejado de su familia.,7.999,https://image.tmdb.org/t/p/w500/hmeP0Fd7TipMllhOdFeSimrLTCs.jpg
Un don excepcional,Gifted,2017,"Drama, Comedia",101,"Ambientada en un pueblo costero de Florida, Gifted cuenta la historia de Frank Adler, un hombre soltero que cría a su sobrina Mary tras el fallecimiento de su madre. La niña tiene una gran habilidad para las matemáticas y su abuela Evelyn lo sabe bien. Mientras que su tío intenta que la vida de la pequeña sea lo más normal posible y que disfrute de su infancia, Evelyn tiene otros planes para ella. Como consecuencia, Frank se verá obligado a luchar desesperadamente por su custodia.",7.998,https://image.tmdb.org/t/p/w500/wVPGBiFx8y20tac8ayS2HANZ9aB.jpg
Lazos de guerra,태극기 휘날리며,2004,"Acción, Aventura, Drama, Historia, Bélica",140,"Jin-tae es un zapatero que lleva años trabajando sin descanso para que su hermano menor, Jin-seok, pueda ir a la universidad. Pero todos sus sueños y esperanzas se desvanecen cuando los dos son obligados a incorporarse al ejército en contra de su voluntad. Separado de su casa y de su familia, Jin-tae promete proteger a Jin-sok. Pero la guerra pondrá a prueba sus lazos de fe, amor y confianza.",8.0,https://image.tmdb.org/t/p/w500/tPR5ecnXLypzOdEV5TLxQ8CkczF.jpg
Rocco y sus hermanos,Rocco e i suoi fratelli,1960,"Drama, Romance, Crimen",168,"Rosaria y sus cuatro hijos (Simone, Rocco, Ciro y Luca) abandonan su tierra natal, Lucania (la actual Basilicata), para emigrar a Milán en busca de trabajo y oportunidades que les permitan mejorar sus condiciones de vida. Allí encuentran a Vincenzo, el hermano mayor, que trabaja de albañil pero que está relacionado con el mundo del boxeo.",7.998,https://image.tmdb.org/t/p/w500/vwgfYkKflAsEvxC11zaPFPWWIfa.jpg
Barry Lyndon,Barry Lyndon,1975,"Drama, Romance, Bélica, Historia",188,"Siglo XVIII. El joven Redmond Barry, huérfano de padre, se ha enamorado de su prima, a la que también pretende el Capitán John Quin. El asunto se resuelve por medio de un duelo, del que Redmond resulta vencedor. A continuación se va a Dublín y decide alistarse en el ejército inglés, donde empieza a desarrollar sus extraordinarias habilidades para sobrevivir. Estando en Alemania, se le presenta la posibilidad de desertar, pero es capturado por el Capitán Potzdorf, un oficial prusiano que le ofrece la posibilidad de unirse a sus tropas o ser colgado por desertor. Una vez en el ejército prusiano, tiene la fortuna de salvarle la vida a Potzdorf, lo que le abre las puertas del servicio secreto prusiano.",7.998,https://image.tmdb.org/t/p/w500/x28u4tvapVCPaVWHyvrEyLZWyk8.jpg
Nadie sabe,誰も知らない,2004,Drama,141,"En Tokyo, la imprudente madre soltera Keiko se muda a un pequeño apartamento con su hijo de doce años Akira Fukushima y, ocultos en maletas, sus hermanos Kyoko, Shigeru y Yuki. Los niños tienen diferentes padres y no van al colegio, pero llevan una vida feliz con su madre. Cuando Keiko encuentra un nuevo novio deja a los niños solos, dándole algo de dinero a Akira para que se encarge de sus hermanos. Cuando el dinero se acaba, Akira se las apaña para encontrar formas de sobrevivir con los pequeños sin electricidad, gas o agua en casa, y con el dueño pidiendo el alquiler.",7.998,https://image.tmdb.org/t/p/w500/i3kXfpVgnTy3GkrRZDdzhWVOPar.jpg
Lawrence de Arabia,Lawrence of Arabia,1962,"Aventura, Historia, Bélica",228,"Biografía de T.E. Lawrence. El Cairo, 1917. Un conflictivo y enigmático oficial británico es enviado al desierto árabe durante la Gran Guerra en la campaña de ayuda a Arabia contra Turquía. En el desierto, se hace amigo de Sherif Ali Ben El Kharish y pone todo su empeño en la ayuda a los árabes. Éstos creen que Lawrence es otro amante del desierto que ayuda porque cree que Arabia es débil, mientras que sus superiores británicos creen que se ha vuelto loco. Cuando los planes de Lawrence consiguen llevarse a cabo con éxito, comienza a ganarse enemigos.",7.997,https://image.tmdb.org/t/p/w500/UmgjvObk7ugIDLLcwJsqNF1TIC.jpg
"Veinteañera, divorciada y fantástica","Veinteañera, divorciada y fantástica",2020,Comedia,93,"Regina, la joven protagonista, siempre soñó con casarse. Y lo hizo, pero el sueño duró mucho menos de lo que pensaba y ahora tiene que enfrentar la vida de una manera muy divertida como divorciada.",7.996,https://image.tmdb.org/t/p/w500/oSbCdDI0SAAOdywGe0YVO2iDdV9.jpg
¡Scooby Doo! conoce a Kiss: Misterio a ritmo de Rock and Roll,Scooby-Doo! and KISS: Rock and Roll Mystery,2015,"Familia, Animación, Comedia, Misterio",79,"Los miembros de Kiss, Gene Simmons, Paul Stanley, Eric Singer y Tommy Thayer interpretan a sus propios personajes en la película, que se centra en un concierto de Halloween en el parque de atracciones del grupo, KISS World. Scooby, Shaggy y el resto de Misterios S.A., acuden para escuchar algunas de sus canciones, pero acaban asociándose con los músicos para enfrentarse a la Bruja Carmesí, una dama fantasmagórica con un plan nefasto para invocar al malvado y poderoso Destructor proveniente de la dimensión alternativa de Kissteria.",8.0,https://image.tmdb.org/t/p/w500/d2VonLicr2CVkXYMpy0Lm2F3czM.jpg
Casino,Casino,1995,"Crimen, Drama",178,"Las Vegas, 1973. Sam ""Ace"" Rothstein, un profesional de las apuestas, es el eficaz director de un importante casino que pertenece a un grupo de mafiosos. Su misión es controlar el funcionamiento del negocio y garantizar que la corriente de dinero que va a parar a manos de sus jefes siga fluyendo. Las Vegas es un lugar ideal para millonarios y políticos, pero es también lugar de paso de tahúres, prestamistas, traficantes de drogas y matones. Un día el violento Nicky Santoro, al que sus jefes han encargado que cuide de Sam, llega a Las Vegas con la intención de quedarse.",7.996,https://image.tmdb.org/t/p/w500/7x8lsyTB0G7OrLzQ7qxt3ywQ4OY.jpg
Bo Burnham: Make Happy,Bo Burnham: Make Happy,2016,"Comedia, Música",60,"En este monólogo, Bo Burnham nos presenta su singular visión de la vida combinando el humor autocrítico y su característico ingenio con música original.",7.995,https://image.tmdb.org/t/p/w500/qVThhskXZZHDfj4m8jOx2CxIVIW.jpg
La canción del mar,Song of the Sea,2014,"Familia, Animación, Fantasía",93,"Ben y Saoirse son dos hermanos que viven en un faro de una isla junto a su padre que, para protegerlos de los peligros del mar, los envía con su abuela a la ciudad. Allí Ben descubre que su hermana pequeña es una Selkie, un hada del mar, una niña-foca que cantando puede liberar a los Seres Mágicos del sortilegio que les hizo la Bruja de los Búhos. Juntos emprenderán un viaje fantástico.",7.995,https://image.tmdb.org/t/p/w500/5JuW5B0UnD1ihhRXJdZbuvfrgcS.jpg
Matar a un ruiseñor,To Kill a Mockingbird,1962,Drama,129,"En la época de la Gran Depresión, en una población sureña, Atticus Finch es un abogado que defiende a un hombre negro acusado de haber violado a una mujer blanca. Aunque la inocencia del hombre resulta evidente, el veredicto del jurado es tan previsible que ningún abogado aceptaría el caso, excepto Atticus Finch, el ciudadano más respetable de la ciudad. Su compasiva y valiente defensa de un inocente le granjea enemistades, pero le otorga el respeto y la admiración de sus dos hijos, huérfanos de madre.  Adaptación cinematográfica de la novela homónima de Harper Lee.",7.995,https://image.tmdb.org/t/p/w500/elLuuNim93XReUc6vvpC9B6IBGJ.jpg
El mesero,El mesero,2021,Comedia,86,"La historia de un mesero que desea vivir como los clientes que atiende en el lujoso restaurante donde trabaja, su compañero le desanima muy seguido diciéndole que nunca lograra ser como ellos.",7.994,https://image.tmdb.org/t/p/w500/zvGC5jX5wQmU1GgPc0VGZz7Mtcs.jpg
La habitación,Room,2015,"Drama, Suspense",118,"Para Jack, un niño de cinco años, la habitación es el mundo entero, el lugar donde nació, donde come, juega y aprende con su madre. Por la noche, mamá lo pone a dormir en el armario, por si viene el viejo Nick. La habitación es el hogar de Jack, mientras que para su madre es el cubículo donde lleva siete años encerrada, secuestrada desde los diecinueve años. Con gran tesón e ingenio, la joven ha creado en ese reducido espacio una vida para su hijo, y su amor por él es lo único que le permite soportar lo insoportable. Sin embargo, la curiosidad de Jack va en aumento, a la par que la desesperación de su madre, que sabe que la habitación no podrá contener ambas cosas por mucho más tiempo.",7.994,https://image.tmdb.org/t/p/w500/57aCjpdhzg9RnVMI1410jlpRTWr.jpg
Gran Torino,Gran Torino,2008,Drama,112,"Walt Kowalski, un veterano de la guerra de Corea, es un obrero jubilado del sector del automóvil. Su máxima pasión es cuidar de su más preciado tesoro: un coche Gran Torino de 1972. Es un hombre inflexible y con una voluntad de hierro, al que le cuesta trabajo asimilar los cambios que se producen a su alrededor. Sin embargo, las circustancias harán que se vea obligado a replantearse sus ideas.",7.991,https://image.tmdb.org/t/p/w500/7w54KRHdRokgXqxL59GKVau8e6l.jpg
La fortaleza escondida,隠し砦の三悪人,1958,"Drama, Acción, Aventura",139,"En el Japón feudal, durante una sangrienta guerra entre clanes, dos campesinos cobardes y codiciosos, soldados de un ejército derrotado, tropiezan con un hombre misterioso que les guía hasta una fortaleza oculta en las montañas.",8.0,https://image.tmdb.org/t/p/w500/qqW9ILhtVN29Bkr4ZNTjw29Q6nL.jpg
1917,1917,2019,"Bélica, Historia, Drama",119,"En lo más crudo de la Primera Guerra Mundial, dos jóvenes soldados británicos, Schofield y Blake reciben una misión aparentemente imposible. En una carrera contrarreloj, deberán atravesar el territorio enemigo para entregar un mensaje que evitará un mortífero ataque contra cientos de soldados, entre ellos el propio hermano de Blake.",7.987,https://image.tmdb.org/t/p/w500/aeCHv2Cwmum1Wc8a4NiGogdDDoA.jpg
Loving Vincent,Loving Vincent,2017,"Animación, Drama, Historia",80,"Película homenaje a Van Gogh en el que cada fotograma es un cuadro pintado sobre óleo, tal y como el propio Vincent lo hubiera pintado. Sus 80 minutos de duración están compuestos por 56.800 fotogramas que han sido pintados, uno a uno, por una gran cantidad de excelentes pintores a lo largo de varios años, todos inspirándose en el estilo y arte magistral de Van Gogh.",7.986,https://image.tmdb.org/t/p/w500/3EApKIxlgS3plXBR5xCmYzrh2j8.jpg
Paperman,Paperman,2012,"Animación, Familia, Romance, Comedia, Fantasía",7,"Un joven solitario de los años 50 de Nueva York solo cuenta con su corazón, su imaginación y un montón de papeles para conquistar a la mujer de sus sueños.",7.986,https://image.tmdb.org/t/p/w500/9tvF744hwTm2Bn9hkDjMfEsysKz.jpg
Las noches de Cabiria,Le notti di Cabiria,1957,"Drama, Comedia",110,"Cabiria es una prostituta que ejerce como tal en uno de los barrios más pobres de Roma. Sueña, sin embargo, con encontrar el amor verdadero, un hombre que la aparte de la calle y a quien pueda entregarse en cuerpo y alma. Su bondad y su ingenuidad la convierten en víctima propicia de sucesivos vividores que se aprovechan de ella, le roban y la golpean. A pesar de sus fracasos, recobra la esperanza una y otra vez. Todo parece cambiar cuando abre su corazón a un tímido contable que le propone matrimonio.",8.0,https://image.tmdb.org/t/p/w500/3SeL03QzrnOHkybPOTI9Jpzhu2F.jpg
Jojo Rabbit,Jojo Rabbit,2019,"Comedia, Bélica, Drama",108,"Jojo Rabbit es un niño viviendo en plena 2ª Guerra Mundial. Su única vía de escape es su amigo imaginario, una versión de Hitler étnicamente incorrecta que incita los ciegos ideales patrióticos del niño. Todo esto cambia cuando descubre que su madre Rosie está escondiendo a una joven judía en su ático.",7.985,https://image.tmdb.org/t/p/w500/5KRPe0XObWOVGVzDaGSAxG2w8bd.jpg
The Imitation Game (Descifrando Enigma),The Imitation Game,2014,"Historia, Drama, Suspense, Bélica",115,"Durante el invierno de 1952, las autoridades británicas entraron en el hogar del matemático, analista y héroe de guerra Alan Turing, con la intención de investigar la denuncia de un robo. Al final acabaron arrestando a Turing acusándole de indecencia grave, un cargo que le supondría una devastadora condena por una ofensa criminal: ser homosexual. Los oficiales no tenían ni idea de que en realidad estaban incriminando al pionero de la informática actual. Liderando a un heterogéneo grupo de académicos, lingüistas, campeones de ajedrez y oficiales de inteligencia, se le conoce por haber descifrado el código de la inquebrantable máquina Enigma de los alemanes durante la Segunda Guerra Mundial.",7.984,https://image.tmdb.org/t/p/w500/pdd20KgHJec4BM4sfHS8oefaDUI.jpg
Las zapatillas rojas,The Red Shoes,1948,"Drama, Romance",133,Drama ambientado en el mundo del ballet que trata sobre los sacrificios realizados para alcanzar el éxito profesional. Un empresario obliga a una bailarina a anteponer su carrera al amor.,8.0,https://image.tmdb.org/t/p/w500/5RZH2gXSFTWHvVTe2k5zQF6yKqi.jpg
El tiempo contigo,天気の子,2019,"Animación, Drama, Fantasía, Romance",120,"Tenki no Ko - En la actualidad, Tokio está experimentando lluvias que parecen interrumpir el ritmo habitual de todos los que viven allí sin fin. En medio de este aguacero aparentemente eterno llega la fugitiva estudiante de secundaria Hodaka Morishima, que lucha por mantenerse económicamente, terminando con un trabajo en una editorial de poca monta. Al mismo tiempo, la huérfana Hina Amano también se esfuerza por encontrar trabajo para mantenerse a sí misma y a su hermano menor.  Ambos destinos se entrelazan cuando Hodaka intenta rescatar a Hina de hombres sombríos, decidiendo huir juntos. Posteriormente, Hodaka descubre que Hina tiene un poder extraño pero sorprendente: la capacidad de llamar al sol cada vez que reza por él. Con el clima inusual de Tokio en mente, Hodaka ve el potencial de esta habilidad. Sugiere que Hina debería convertirse en una ""chica del sol"", alguien que despeje el cielo para las personas cuando más lo necesiten.",7.979,https://image.tmdb.org/t/p/w500/18lF2eTWAO0tloyBW39fob5ALAW.jpg
Al frente de la clase,Front of the Class,2008,Drama,95,"Front of the class (""Al frente de la Clase""), está basada en la vida de Brad Cohen, un joven que padece el síndrome de Tourette, una enfermedad que se caracteriza por la realización de ciertos ruidos y tics que produce con el cuerpo, ambos incontrolables.  La película comienza con un Brad adulto que decide presentarse en una escuela tras haber sido rechazado en otras veinticinco escuelas. Asiste con su currículum para tomar el puesto de maestro de Educación Primaria. Brad recuerda cómo fue su vida de joven y como ha tenido que ""padecerla"". Cuando era niño no tenía amigos y tuvo que cambiarse de colegio. Una vez en ese colegio se encuentra con un director que lo ayuda a que sus compañeros aprendan a tolerar y aceptar su condición.  Finalmente es contratado para enseñar en segundo grado, y los alumnos deberán convivir con todo lo que implica su enfermedad.",8.0,https://image.tmdb.org/t/p/w500/xHCj3WJvdLqW7SPbL7V94UnieJ6.jpg
Atrápame si puedes,Catch Me If You Can,2002,"Drama, Crimen",141,"Frank Abagnale Jr. trabajó como médico, abogado y copiloto de una de las grandes líneas aéreas, todo ello antes de cumplir los dieciocho años. También fue un genial falsificador y sus habilidades le otorgaron una plaza en la historia. A la edad de 17 años, Frank Abagnale Jr. se convirtió en el ladrón de bancos de más éxito en la historia de Estados Unidos. El agente del FBI Carl Hanratty dedicó la mayor parte de su tiempo a perseguir a Frank para llevarle ante la justicia, pero Frank siempre estaba un paso por delante, retándole a continuar la caza.",7.979,https://image.tmdb.org/t/p/w500/wcWi3xIEzIjDERTZyWoqryQGURA.jpg
Bingo: O Rei das Manhãs,Bingo: O Rei das Manhãs,2017,"Comedia, Drama",113,"Augusto es un artista que busca su lugar y encuentra la oportunidad de conquistar a la gente cuando se convierte en ""Bingo"", un payaso de televisión en uno de los programas de televisón líder de audiencia para los niños en los años 80. Con maquillaje, Augusto se convierte en un éxito absoluto.",7.976,https://image.tmdb.org/t/p/w500/fqIF4ERm1tmBRHZQs32DdIAM9OS.jpg
El secreto de sus ojos,El secreto de sus ojos,2009,"Misterio, Suspense, Drama",129,"Argentina. Benjamín Espósito es oficial de un Juzgado de Instrucción de Buenos Aires recién retirado. Obsesionado por un brutal asesinato ocurrido veinticinco años antes, en 1974, decide escribir una novela sobre el caso, del cual fue testigo y protagonista. Reviviendo el pasado, viene también a su memoria el recuerdo de una mujer, a quien ha amado en silencio durante todos esos años.",7.976,https://image.tmdb.org/t/p/w500/sd6LML87wa9UPZgfuPnGwic82YH.jpg
Toy Story,Toy Story,1995,"Familia, Comedia, Animación, Aventura",77,"Los juguetes de Andy, un niño de seis años, temen que haya llegado su hora y que un nuevo regalo de cumpleaños les sustituya en el corazón de su dueño. Woody, un vaquero que ha sido hasta ahora el juguete favorito de Andy, trata de tranquilizarlos hasta que aparece Buzz Lightyear, un héroe espacial dotado de todo tipo de avances tecnológicos. Woody es relegado a un segundo plano, pero su constante rivalidad se transformará en una gran amistad cuando ambos se pierden en la ciudad sin saber cómo volver a casa.",8.0,https://image.tmdb.org/t/p/w500/jvn7wy3RSNEXnFSXLpH2of2LcV6.jpg
Ciudadano Kane,Citizen Kane,1941,"Misterio, Drama",119,"Un importante financiero estadounidense, Charles Foster Kane, dueño de una importante cadena de periódicos, de una red de emisoras, de dos sindicatos y de una inimaginable colección de obras de arte, muere en su fabuloso castillo de estilo oriental, Xanadú. La última palabra que pronuncia al expirar es Rosebud. El país entero y la prensa en general quedan intrigados por saber el significado de esta palabra. Para descubrirlo, un grupo de periodistas se pone a investigar.",7.975,https://image.tmdb.org/t/p/w500/w7V0bv38Z0q0DgHmMfcGM4WRNTv.jpg
El cazador,The Deer Hunter,1978,"Drama, Bélica",182,"Unos amigos de un pequeño pueblo industrial acuden a la llamada del ejército para combatir en la guerra del Vietnam. Michael Cimino divide el film en dos partes: en la primera nos hace partícipes de la humilde vida de los personajes, de sus sueños, juergas y esperanzas; en la segunda nos muestra con dureza los efectos de la guerra y sus penosas consecuencias.",7.974,https://image.tmdb.org/t/p/w500/qwS3AuvdXlpCqlYAuEwGInOe3pu.jpg
La pasión de Juana de Arco,La Passion de Jeanne d'Arc,1928,"Drama, Historia",81,"Guerra de los Cien Años (siglos XIV y XV). En 1431, Juana de Arco, después de haber conducido a las tropas francesas a la victoria, es arrestada y acusada de brujería. Ella declara haber recibido de Dios la misión de salvar a Francia, pero es procesada y condenada a morir en la hoguera.",7.974,https://image.tmdb.org/t/p/w500/yhuXslS2FumUzpsd7qNxQEMDsnC.jpg
Antes de amanecer,Before Sunrise,1995,"Drama, Romance",105,"Céline (Julie Delpy) es una estudiante francesa que va a visitar a su abuela en Budapest. Jesse (Ethan Hawke) es un joven estadounidense que realiza un viaje a través de Europa luego de ser abandonado por su novia a quien realmente fue a visitar a España. Ambos se encuentran en un tren, en el trayecto entre Budapest y Viena. Llegados a Viena, Jesse debe descender, sin embargo, logra convencer a Céline para que pase una noche con él en la capital austríaca. En el curso de esa noche, se conocen a fondo, discuten y revelan cuestiones diversas como la vida, la muerte, el sexo.",8.0,https://image.tmdb.org/t/p/w500/uw9vx5M0qwkU1QnBNG4CXCgwYB3.jpg
Kill Bill: Volumen 1,Kill Bill: Vol. 1,2003,"Acción, Crimen",111,"Uma Thurman es una asesina que, el día de su boda, es atacada por los miembros de la banda de su jefe, Bill (David Carradine). Logra sobrevivir al ataque, aunque queda en coma. Cinco años después despierta con un trozo de metal en la cabeza y un gran deseo de venganza en su corazón.",7.973,https://image.tmdb.org/t/p/w500/j5HFN6ZbGqZepIQ7sZRX9dMu8uk.jpg
La sociedad de la nieve,La sociedad de la nieve,2023,"Drama, Historia",143,"El 13 de octubre de 1972, el vuelo 571 de la Fuerza Aérea Uruguaya, fletado para llevar a un equipo de rugby a Chile, se estrella en un glaciar en el corazón de los Andes.",7.972,https://image.tmdb.org/t/p/w500/9tkJPQb4X4VoU3S5nqLDohZijPj.jpg
"Con amor, Simon","Love, Simon",2018,"Comedia, Drama, Romance",115,"Simon Spier es un joven 16 años que no se atreve a revelar su homosexualidad, ya que prefiere esperar al musical que se celebra en secundaria. Pero un día, uno de sus correos electrónicos llega a manos equivocadas y las cosas se complican extraordinariamente.",7.972,https://image.tmdb.org/t/p/w500/eQGCjxKFdSHBekdSc4BGK1V2VZ6.jpg
Cruella,Cruella,2021,"Comedia, Crimen, Drama",134,"Ambientada en el Londres de los años 70, en plena revolución del punk rock, muestra a una joven estafadora llamada Estella, una chica inteligente y creativa, decidida a convertirse en una exitosa diseñadora de moda, que se asocia con un par de ladrones para sobrevivir en las calles de la capital británica. Pero cuando su talento para la moda llama la atención de la legendaria diseñadora, la Baronesa von Hellman, Estella cambia el rumbo de su vida hasta que una serie de acontecimientos y revelaciones que harán que Estella asuma su lado malvado y se convierta en la estridente, moderna y vengativa Cruella de Vil.",7.971,https://image.tmdb.org/t/p/w500/tNFBP5OTmKm7CTc5ptUwgmepd8G.jpg
Estrellas en la Tierra,तारे ज़मीन पर,2007,Drama,162,"Ishaan Awashi es un niño de 8 años cuyo mundo está plagado de maravillas que nadie más parece apreciar: colores, peces, perros y cometas, que simplemente no son importantes en la vida de los adultos, que parecen más interesados en cosas como los deberes, las notas o la limpieza. E Ishaan parece no poder hacer nada bien en clase. Cuando los problemas que ocasiona superan a sus padres, es internado en un colegio para que le disciplinen. Las cosas no mejoran en el nuevo colegio, donde Ishaan tiene además que aceptar estar lejos de sus padres. Hasta que un día, el nuevo profesor de arte, Ram Shankar Nikumbh, entra en escena y se interesa por el pequeño Ishaan.",7.971,https://image.tmdb.org/t/p/w500/8SBqDgcYoQHyJbD09ITpjM8MKsx.jpg
Transformers One,Transformers One,2024,"Animación, Ciencia ficción, Aventura, Familia",104,"La historia jamás contada del origen de Optimus Prime y Megatron y de cómo pasaron de ser hermanos de armas que cambiaron el destino de Cybertron para siempre, a convertirse en enemigos acérrimos.",7.971,https://image.tmdb.org/t/p/w500/1jzVCZxBmgvpGILuEU8icfX77Io.jpg
Chungking Express,重慶森林,1994,"Drama, Comedia, Romance",98,"Dos historias de amor independientes que se desarrollan en el popular barrio turístico de Tsimhatsui, en Hong Kong. La primera describe el fugaz encuentro entre un joven policía en plena crisis amorosa y una misteriosa mujer fatal traficante de drogas. La segunda se centra en el singular romance entre un solitario y sencillo agente de policia y la joven camarera del pobre bar donde aquél suele comer.",7.969,https://image.tmdb.org/t/p/w500/nl246bqCp6lmRF4mHF293F9w42O.jpg
El castillo en el cielo,天空の城ラピュタ,1986,"Aventura, Fantasía, Animación, Acción, Familia",125,"La huérfana Sheeta ha heredado un misterioso cristal que la une al mítico reino de las nubes de Laputa. Con la ayuda del  ingenioso Pazu y una graciosa banda de piratas del cielo, dirige su camino hacia las ruinas de la que fué, una gran civilización. Sheeta y Pazu deben ser más listos que el malvado Muska, quien planea usar la tecnología de Laputa para dominar el mundo.",7.969,https://image.tmdb.org/t/p/w500/6EkloGi5FUtPLZl5NtGvVGIfX0B.jpg
Jurassic Park (Parque Jurásico),Jurassic Park,1993,"Aventura, Ciencia ficción",120,"El multimillonario John Hammond tiene una idea para un espectacular parque temático: una isla retirada donde los visitantes puedan observar dinosaurios reales. Con la última tecnología en el desarrollo de ADN, los científicos pueden clonar braquiosaurios, triceratops, velociraptors y un tiranosaurio rex, utilizando para ello la sangre fosilizada en ámbar contenida en insectos que los mordieron hace millones de años. Los paleontólogos Alan Grant, Ellie Sattler y Ian Malcolm visitan el parque y quedan muy sorprendidos con los resultados obtenidos. Pero cuando un problemático empleado manipula el sofisticado sistema de seguridad los dinosaurios escapan, obligando a los visitantes a luchar por su supervivencia.",7.97,https://image.tmdb.org/t/p/w500/h831eszSFmEyr94WKcgscqPIRbh.jpg
La quimera del oro,The Gold Rush,1925,"Aventura, Comedia, Drama",95,"Aventuras de un solitario buscador de oro en Alaska, donde se topa con varios personajes rudos, y se enamora de la hermosa Georgia, a la que trata de conquistar.",7.969,https://image.tmdb.org/t/p/w500/jU1KhFlRm7UTURXjW4vQNzQ4GQj.jpg
El tesoro de Sierra Madre,The Treasure of the Sierra Madre,1948,"Aventura, Drama, Western",126,"Fred C. Dobbs (Humphrey Bogart) decide ir a Tampico en busca de oro con la intención de dejar atrás la miseria. Emprende el viaje en compañía de otros dos vagabundos (Walter Huston y Tim Holt), pero la codicia y la envidia que surge entre ellos les creará poco a poco más problemas que cualquier otra dificultad del camino.",8.0,https://image.tmdb.org/t/p/w500/6K9oljorPmH0UVxUdACazNBuAlg.jpg
Nosotros los nobles,Nosotros los nobles,2013,Comedia,108,Germán Noble es un manipulador y poderoso empresario quien decide fingir la bancarrota para darles una lección a sus tres frívolos e inútiles hijos.,7.966,https://image.tmdb.org/t/p/w500/mBI1WTduABARAPzOhi8k0Sh2F6b.jpg
En un latido,In a Heartbeat,2017,"Animación, Comedia, Romance",4,"La historia sigue a Sherwin, un chico de secundaria que lucha internamente contra su enamoramiento por Jonathan, el chico más popular de la escuela.",8.0,https://image.tmdb.org/t/p/w500/wJUJROdLOtOzMixkjkx1aaZGSLl.jpg
Con la muerte en los talones,North by Northwest,1959,"Suspense, Aventura",136,"Debido a un malentendido, a Roger O. Thornhill, un ejecutivo del mundo de la publicidad, unos espías lo confunden con un agente del gobierno llamado George Kaplan. Secuestrado por tres individuos y llevado a una mansión en la que es interrogado, consigue huir antes de que lo maten. Cuando al día siguiente regresa a la casa acompañado de la policía, no hay rastro de las personas que había descrito.",8.0,https://image.tmdb.org/t/p/w500/8r81l0fxwB5uxlAHzVXZ6IhO0o9.jpg
Tres hombres y una pierna,Tre uomini e una gamba,1997,Comedia,98,"Aldo, Giovanni y Giacomo se dirigen a la boda de éste último cuya prometida es hermana de las dos esposas de los primeros. Aunque entre ellos no existe una buena relación su amistad se va forjando durante el viaje, en el que transportan una costosa pierna de madera obra de un famoso escultor americano llamado Michel Garpez. (FILMAFFINITY)",7.963,https://image.tmdb.org/t/p/w500/lASu78osxKRP34a4Ln1ar7VNGhZ.jpg
Robot Dreams,Robot Dreams,2023,"Animación, Drama, Comedia, Ciencia ficción",103,"DOG es un perro solitario que vive en Manhattan. Un día decide construirse un robot, un amigo. Su amistad crece, hasta hacerse inseparables, al ritmo del Nueva York de los ochenta. Una noche de verano, Dog con gran pena, se ve obligado a abandonar a ROBOT en la playa. ¿Volverán a encontrarse?",7.962,https://image.tmdb.org/t/p/w500/qLtK6DFeuJNuB3THGVDklirhQ8u.jpg
Aliens: El regreso,Aliens,1986,"Acción, Suspense, Ciencia ficción",150,"Alien es un organismo perfecto, una máquina de matar cuya superioridad física sólo puede competir con su agresividad. La oficial Ripley y la tripulación de la nave «Nostromo» se habían enfrentado, en el pasado, a esa monstruosa criatura. Y sólo Ripley sobrevivió a la masacre. Después de vagar por el espacio durante varios años, Ripley fue rescatada. Durante ese tiempo, el planeta de Alien ha sido colonizado. Pero, de repente, se pierde la comunicación con la colonia y, para investigar los motivos, se envía una expedición de marines espaciales, capitaneados por Ripley. Allí les esperan miles de espeluznantes criaturas. Alien se ha reproducido y esta vez la lucha es por la supervivencia de la Humanidad.",7.962,https://image.tmdb.org/t/p/w500/3QU9EP8BFLnTh6w9ycDSCvhqbRU.jpg
Up,Up,2009,"Animación, Comedia, Familia, Aventura",96,"Tras atar miles de globos a su casa, Carl Fredricksen, un vendedor de globos jubilado, se embarca en el mundo de los sueños de la infancia. Pero sin que Carl lo sepa, Russell, un explorador de 8 años, se encuentra en el lugar equivocado en el momento equivocado: el porche delantero de la casa. El dúo más improbable conoce a fantásticos amigos como Dug, un perro con un collar especial que le permite hablar, y Kevin, un pájaro de cuatro metros de altura que no vuela. Atrapados en la selva, Carl se da cuenta de que a veces las mayores aventuras de la vida son las que menos esperabas.",7.961,https://image.tmdb.org/t/p/w500/1N0LtzUueXrlnpL466jQBJ6iAuj.jpg
Trainspotting,Trainspotting,1996,"Drama, Crimen",90,"Mark Renton es un joven escocés adicto a la heroína, al igual que el resto de sus amigos Todos ellos viven en un mundo aparte, al margen de la realidad. Dentro del grupo hay un violento y alcohólico psicópata, un drogadicto desesperado, un mujeriego con un conocimiento enciclopédico de Sean Connery y un entusiasta de las caminatas y de Iggy Pop.",7.96,https://image.tmdb.org/t/p/w500/qN6MomkBcDx0QilCagcwhPBgXU3.jpg
Andrei Rublev,Андрей Рублёв,1966,"Drama, Historia",183,"A comienzos del siglo XV, el monje pintor Andrei Rublev acude junto con sus compañeros a Moscú para pintar los frescos de la catedral de la Asunción del Kremlin. Fuera del aislamiento de su celda, Rublev comenzará a percatarse de las torturas, crímenes y matanzas que tienen aterrorizado al pueblo ruso… La biografía del pintor ruso Andrei Rublev, famoso por sus iconos, sirve de base para hacer un minucioso retrato de la vida social, política y artística en la Rusia de principios del siglo XV.",7.959,https://image.tmdb.org/t/p/w500/3aodTV8q8iIRtaw9dxeU8DuKlta.jpg
Bohemian Rhapsody,Bohemian Rhapsody,2018,"Música, Drama",134,"Londres, 1970. El joven Farrokh (al que sus amigos llaman Freddie) vive en Londres, trabaja en el aeropuerto, estudia diseño gráfico y escribe canciones. Un día, tras escuchar al grupo Smile en un bar, se ofrece como cantante de la banda al enterarse de que se han quedado sin vocalista. Los otros miembros de Smile se llaman Brian May y Roger Taylor.",7.958,https://image.tmdb.org/t/p/w500/gk6IErM0acV6HJRwKZy8ecBoddc.jpg
El espejo,Зеркало,1975,"Drama, Historia",106,"Un hombre, Alekséi, habla con su esposa sobre su situación actual y los motivos por los que se han distanciado. La película es una evocación continua de recuerdos y sentimientos que viajan en diferentes tiempos sin orden aparente: la relación con su madre, su infancia,...que se mezclan con material fílmico de noticiario sobre la Guerra civil española, la Segunda guerra mundial y el enfrentamiento entre la URSS y China por la isla Damanski. En la película suenan poemas escritos y recitados por Arseni Tarkovski, padre del director. Retrata un pasado que es el suyo, pero también el de un país y el del acontecer mundial.",7.956,https://image.tmdb.org/t/p/w500/hLzhdirfOApuoXoS8SnGNotu1bf.jpg
Vidas de papel,Kağıttan Hayatlar,2021,Drama,96,"Mehmet, un hombre enfermo que dirige un depósito de residuos en Estambul, se hace cargo de un niño pequeño. Pero pronto debe afrontar su propia y traumática infancia.",7.955,https://image.tmdb.org/t/p/w500/4AWwCvNfgyEW0i6ZsXcBL5qQk06.jpg
Sound of Freedom,Sound of Freedom,2023,"Acción, Drama",131,"Tim Ballard, un exagente del gobierno de Estados Unidos, que decide renunciar a su trabajo para dedicar su vida a la lucha contra la explotación infantil.",7.955,https://image.tmdb.org/t/p/w500/aKfNw4vqbI62HAMI04imwAPjC05.jpg
El gigante de hierro,The Iron Giant,1999,"Animación, Drama, Familia, Ciencia ficción",89,"En 1957, en la pequeña localidad de Rockwell, alguien ha visto cómo un enorme hombre metálico caía al mar. Un imaginativo niño descubre que se trata de un robot gigante, cuyo apetito de metal es insaciable. Entre ambos nace una fuerte amistad, pero el gobierno envía a un agente para investigar los hechos. El niño esconde a su nuevo compañero en la chatarrería de un amigo. Pero los habitantes del pueblo comienzan a sentirse aterrados porque creen que es una nueva amenaza en plena Guerra Fría.",7.955,https://image.tmdb.org/t/p/w500/voPAzJFyopCnLEwaBWpoX8uDvGI.jpg
Ordet (La palabra),Ordet,1955,Drama,126,"Hacia 1930, en un pequeño pueblo de Jutlandia occidental, el viejo Morten Borgen dirige la granja de Borgensgaard. Tiene tres hijos: Mikkel, Johannes y Anders. El primero está casado con Inger y tiene dos hijas pequeñas, aunque en estos momentos Inger está embarazada y esperan el tercero. Johannnes es un antiguo estudiante de Teología que, por haberse imbuido de las ideas de Kierkegaard e identificarse con la figura de Jesucristo, es considerado por todos como un loco. El tercero, Anders, está enamorado de la hija del sastre, líder intransigente de un sector religioso rival. Tal circunstancia revitaliza la discordia que siempre ha existido entre las dos familias, ya que ninguna ve con muy buenos ojos que sus hijos contraigan matrimonio.",7.954,https://image.tmdb.org/t/p/w500/kd9z7SCv5Ps7E4Ry0udMNlQrRNV.jpg
Million Dollar Baby,Million Dollar Baby,2004,Drama,132,"Frankie Dunn, después de haber entrenado y representado a los mejores púgiles, regenta un gimnasio con la ayuda de Scrap, un ex-boxeador que, además, es su único amigo. Frankie es un hombre solitario y adusto que se refugia desde hace años en la religión buscando una redención que no llega. Un día, entra en su gimnasio Maggie Fitzgerald, una voluntariosa chica que quiere boxear y que está dispuesta a luchar denodadamente para conseguirlo. Pero lo que más desea y necesita es que alguien crea en ella. Frankie la rechaza alegando que es demasiado mayor y que, además, él no entrena a chicas. Pero Maggie no se rinde y se machaca cada día en el gimnasio, con el único apoyo de Scrap. Finalmente, convencido de la inquebrantable determinación de Maggie, Frankie decide entrenarla.",7.954,https://image.tmdb.org/t/p/w500/3mNb5EaO5HfgrxZGx917c8kNp6E.jpg
El sexto sentido,The Sixth Sense,1999,"Misterio, Suspense, Drama",109,"El Dr. Malcom Crowe es un conocido psicólogo infantil obsesionado con el doloroso recuerdo de un joven paciente desequilibrado al que fue incapaz de ayudar. Cole Sear es un aterrorizado y confuso niño de ocho años que necesita tratamiento, y Crowe ve la oportunidad de redimirse haciendo todo lo posible por ayudarle. Sin embargo, el psicólogo infantil no está preparado para conocer la terrible verdad acerca del don sobrenatural de su paciente: recibe visitas no deseadas de espíritus atormentados.",7.953,https://image.tmdb.org/t/p/w500/pvjph7FouToPBY3PhTvTyOYoJDX.jpg
Sanjuro,椿三十郎,1962,"Drama, Acción, Comedia",96,"En el Japón de la era Tokugawa, un grupo de nueve jóvenes samuráis está decidido a acabar con la corrupción reinante y a acabar con todos los que están relacionados con ella. Consiguen el apoyo del inspector de policía Kikui y se preparan para llevar a cabo su plan. Poco después, aparece Sajuro, un personaje salido de entre las sombras, que empezará a actuar y a poner orden en medio del caos.",7.952,https://image.tmdb.org/t/p/w500/v45YU8EQe0zgRI0nYwQ0NcBUEjg.jpg
Sonata de otoño,Höstsonaten,1978,"Drama, Música",99,"Charlotte es una famosa concertista de piano que ha estado tan volcada en su carrera que no ha visto a su hija Eva en siete años. Eva, que vive con su marido, un pastor protestante, y con una hermana gravemente incapacitada, mantiene con su madre una relación de amor-odio. Después de tantos años, Charlotte decide ir a visitarlos, pero el encuentro pronto se convertirá en un tenso duelo entre madre e hija.",8.0,https://image.tmdb.org/t/p/w500/21seIfT4GgEnWSid2d6NuMxEy9l.jpg
No es país para viejos,No Country for Old Men,2007,"Crimen, Suspense, Western",122,"El veterano de la Guerra de Vietnam ahora cazador Llewellyn Moss descubre por casualidad una sangrienta escena en algún lugar de la frontera entre Texas y México, mientras estaba cazando algunos animales en el árido paisaje. Se trata de un negocio que se cerró mal entre contrabandistas de drogas y algunos hombres locales de la zona, provocando la muerte de varios de ellos. Además de los cuerpos y paquetes de heroína, Llewellyn descubre en una maleta algo más de dos millones de dólares. Cuando Llewellyn toma la maleta con el dinero, provoca una reacción en cadena de catastrófica violencia y una carrera sangrienta de los que quieren darle caza.",7.951,https://image.tmdb.org/t/p/w500/x9sQnOXhvec93L6cfWMGIx7BS4h.jpg
Guerreros del viento,風の谷のナウシカ,1984,"Aventura, Animación, Fantasía",95,"En un futuro lejano, en un mundo post-apocalíptico, la Tierra está cubierta por unos bosques llenos de hongos venenosos e insectos gigantescos. Los humanos han quedado reducidos a unos pocos pueblos aislados que intentan sobrevivir a la plaga mientras luchan entre ellos. En medio de todo esto la princesa Nausicaä, del Valle del Viento, quien ama a los insectos, buscará comprender el origen del problema y conseguir la paz entre los hombres, y sobre todo entre éstos y el bosque.",7.951,https://image.tmdb.org/t/p/w500/z7vvu0n1F8pXQtmE113Gwd5KhRN.jpg
Susurros del corazón,耳をすませば,1995,"Animación, Drama, Familia",115,"Una joven estudiante amante de los libros descubre que todos los libros que ha elegido en la biblioteca han sido previamente elegidos por una misma persona. Cuando descubre quién es conoce a Seiji, un joven que está aprendiendo el arte de fabricar violines.",7.9,https://image.tmdb.org/t/p/w500/q5ucEqlNH6ypr6KF8UILssqdasU.jpg
Un condenado a muerte se ha escapado,Un condamné à mort s'est échappé,1956,"Drama, Suspense",99,"Abril de 1943, en plena Segunda Guerra Mundial. Fontaine, un joven de 27 años miembro de la Resistencia francesa, que lucha contra la ocupación nazi, es arrestado por la Gestapo para ser interrogado.",7.948,https://image.tmdb.org/t/p/w500/dly2pAkej6rFRwBElN3XutPgLR4.jpg
Braveheart,Braveheart,1995,"Acción, Drama, Historia, Bélica",177,"¿Qué clase de hombre desafiaría a un rey? 'Braveheart' es una historia épica medieval sobre la independencia de Escocia en el siglo XIII, basada en la leyenda de William Wallace, un montañés escocés que arrastra a su clan a luchar contra la tiranía del rey Eduardo I de Inglaterra. Después del brutal asesinato de su joven esposa por los ingleses, Wallace sólo busca venganza. Hambrientos y en inferior número, Wallace lidera a los patriotas escoceses y consigue organizar un ejército de guerreros sedientos de libertad logrando recuperar con ello el espíritu que haría a Escocia libre para siempre.",7.946,https://image.tmdb.org/t/p/w500/cDMYybBU4COJfTwcPgnihwY5EiP.jpg
Primer plano,کلوزآپ ، نمای نزدیک,1990,"Crimen, Drama",98,El iraní Abbas Kiarostami mezcla documental y drama a través de una historia en el que un fanático del cine finge ser el reputado director Mohsen Makmalbaf.,7.944,https://image.tmdb.org/t/p/w500/bqdgN0SE5qbRXFPoaOPRj0yNv9X.jpg
Akira,AKIRA,1988,"Animación, Ciencia ficción, Acción",124,"Corre el año 2019. Un estado policial, políticos tramposos, sectas religiosas, revolucionarios y un proyecto científico secreto se combinan para causar una atmósfera explosiva en Neo-Tokyo. Todos los grupos rivales quieren controlar a Akira, un chico con extraños poderes psíquicos que ha sido mantenido bajo custodia criogénica por más de 30 años. En medio de esta tensa atmósfera, un joven psíquico llamado Tetsuo libera a Akira.",7.943,https://image.tmdb.org/t/p/w500/vjPt8HYymLOkRv82x9JwVO7M2a5.jpg
Más allá del universo,Depois do Universo,2022,"Romance, Drama, Música",126,Una joven pianista que espera un trasplante de riñón entabla una inesperada relación con su médico y reúne el coraje necesario para cumplir sus sueños musicales.,7.941,https://image.tmdb.org/t/p/w500/fkOHhO1KQyLGOblM7e5bkfnu0Ln.jpg
Yi Yi,一一,2000,Drama,173,"NJ Jian, su esposa Min-Min y sus dos hijos forman una típica familia de clase media, que comparte su apartamento en Taipei con la anciana madre de Min-Min. NJ tiene 45 años y trabaja como socio en una empresa informática que el año anterior obtuvo importantes beneficios, pero que pronto podría quebrar si no cambia de estrategia. Las cosas empiezan a ir mal para los Jian cuando el hermano de Min-Min, Ah-Di, se casa. De alguna manera entre todos los problemas que tienen deben aprender lo hermosa que es la vida y cómo hay que cuidarla, sea cual sea la situación que nos toque vivir.",7.9,https://image.tmdb.org/t/p/w500/uiCcDkz7mcL3upCUmKW4yEYWs8w.jpg
Kitbull,Kitbull,2019,"Animación, Familia, Drama",9,"Una conexión poco probable ocurre entre dos criaturas: un gatito extraviado ferozmente independiente y un pitbull. Juntos, experimentan la amistad por primera vez.",7.943,https://image.tmdb.org/t/p/w500/mwKO3cZbxipgd9QAPboJVTDLPiN.jpg
Blade Runner,Blade Runner,1982,"Ciencia ficción, Drama, Suspense",117,"A principios del siglo XXI, la Tyrell Corporation desarrolló un nuevo tipo de robot llamado Nexus, un ser virtualmente idéntico al hombre y conocido como Replicante.  Los Replicantes Nexus-6 eran superiores en fuerza y agilidad, y al menos iguales en inteligencia, a los ingenieros de genética que los crearon.  En el espacio exterior, los Replicantes fueron usados como trabajadores esclavos en la arriesgada exploración y colonización de otros planetas.  Después de la sangrienta rebelión de un equipo de combate de Nexus-6 en una colonia sideral, los Replicantes fueron declarados proscritos en la Tierra bajo pena de muerte.  Brigadas de policías especiales, con el nombre de Unidades de Blade Runners, tenían órdenes de tirar a matar al ver a cualquier Replicante invasor.  A esto no se le llamó ejecución, se le llamó retiro.",7.9,https://image.tmdb.org/t/p/w500/pBA2J6iQMiP5Zd4ewMKdOWfq1HV.jpg
Exposición de amor,愛のむきだし,2008,"Acción, Comedia, Drama, Romance",236,"Yu es un adolescente que se ha criado en el seno de una familia muy cristiana. Recién ordenado sacerdote, su padre le obliga a confesar sus pecados, que él comete buscando la aprobación paterna. Yu se dedica diligentemente a obrar mal, hasta que sus fotos a hurtadillas de bragas de chicas lo catapultan a la fama. Pero entonces conoce a Yoko y se ve envuelto en una misteriosa secta...",7.937,https://image.tmdb.org/t/p/w500/3gNHyls4PziuShd57fDegpy7qdT.jpg
Heat,Heat,1995,"Crimen, Drama, Acción",170,"Neil McCauley es un experto ladrón. Su filosofía consiste en vivir sin ataduras que puedan constituir un obstáculo, si las cosas se complican. Su banda la forman criminales profesionales tan cualificados que pueden impresionar incluso al detective Vincent Hanna. Pero Hannah vive tan obsesionado con su trabajo que llega incluso a poner en peligro su relación sentimental. Cuando la banda de McCauley prepara el golpe definitivo y el equipo de Hannah intenta evitarlo, cada uno de ellos comprende que tiene que vérselas con una de las mentes más brillantes a la que se ha enfrentado en su carrera.",7.9,https://image.tmdb.org/t/p/w500/kRfh1NCkDXGFrWzL6zDmVnHjRKh.jpg
Spider-Man: No Way Home,Spider-Man: No Way Home,2021,"Acción, Aventura, Ciencia ficción",148,"Peter Parker es desenmascarado y por tanto no es capaz de separar su vida normal de los enormes riesgos que conlleva ser un súper héroe. Cuando pide ayuda a Doctor Strange, los riesgos pasan a ser aún más peligrosos, obligándole a descubrir lo que realmente significa ser Spider-Man.",7.933,https://image.tmdb.org/t/p/w500/miZFgV81xG324rpUknQX8dtXuBl.jpg
El recuerdo de Marnie,思い出のマーニー,2014,"Animación, Drama, Familia",103,"Anna es una chica solitaria, sin amigos, que vive con sus padres adoptivos. Un día es enviada con el señor y la señora Pegg. Allí, donde se extienden las dunas de arena, conoce a una chica llamada Marnie, quien pronto se convertirá en su mejor amiga. Habiendo aprendido muchas cosas sobre la amistad, Anna se dará cuenta de que Marnie no es quien parece...",7.934,https://image.tmdb.org/t/p/w500/yeB3UCvjRsKTuDs6iTS7u9HYpJ2.jpg
Guardianes de la Galaxia: Volumen 3,Guardians of the Galaxy Vol. 3,2023,"Ciencia ficción, Aventura, Acción",153,"La querida banda de los Guardianes se instala en Knowhere. Pero sus vidas no tardan en verse alteradas por los ecos del turbulento pasado de Rocket. Peter Quill, aún conmocionado por la pérdida de Gamora, debe reunir a su equipo en una peligrosa misión para salvar la vida de Rocket, una misión que, si no se completa con éxito, podría muy posiblemente conducir al final de los Guardianes tal y como los conocemos.",7.932,https://image.tmdb.org/t/p/w500/6GkKzdNosVAL7UGgwTtCHSxLQ67.jpg
A primera vista,Hoje Eu Quero Voltar Sozinho,2014,"Drama, Romance",97,"Leonardo es un adolescente ciego en búsqueda de su independencia. Su vida cotidiana, la relación con su mejor amiga Giovana, y la forma en que ve el mundo cambian por completo con la llegada de Gabriel, el cual aflorará un sentimiento hasta ahora desconocido en él. Película secuela del cortometraje ""Eu Não Quero Voltar Sozinho"".",7.9,https://image.tmdb.org/t/p/w500/4v34Em1mUTH0B3Mws95M1Zr3HiA.jpg
La soga,Rope,1948,"Suspense, Crimen, Drama",80,"A casa de dos estudiantes van llegando los invitados a una especie de fiesta de fin de curso. El invitado que más temen es su tutor y profesor, un astuto criminólogo que sostiene que el crimen perfecto no existe, aunque ellos se han propuesto demostrar lo contrario. En efecto, con su llegada crece cada vez más la tensión y el nerviosismo de los jóvenes. Y no es para menos, porque tienen un cadáver encerrado en el arcón que sirve de mesa para la cena. Cuando, al final de la fiesta, profesor y alumnos se quedan solos, los errores y contradicciones en que éstos incurren son tales que el profesor empieza a comprender que han asesinado al joven invitado que han estado esperando en vano toda la noche.",7.932,https://image.tmdb.org/t/p/w500/25ScofCCdU4XtkiGv8nhbZ7nIX5.jpg
Cómo entrenar a tu dragón,How to Train Your Dragon,2025,"Fantasía, Familia, Acción, Aventura",125,"En la escarpada isla de Mema, donde vikingos y dragones han sido enemigos acérrimos durante generaciones, Hipo se desmarca desafiando siglos de tradición cuando entabla amistad con Desdentao, un temido dragón Furia Nocturna. Su insólito vínculo revela la verdadera naturaleza de los dragones y desafía los cimientos de la sociedad vikinga.",7.93,https://image.tmdb.org/t/p/w500/kjQXYc2Abhy3TBgAZGzJRhN1JaV.jpg
12 años de esclavitud,12 Years a Slave,2013,"Drama, Historia",133,"Basada en un hecho real ocurrido en 1850, narra la historia de Solomon Northup, un culto músico negro -y hombre libre- que vivía con su familia en Nueva York. Tras compartir una copa con dos desconocidos, Solomon descubre que ha sido drogado y secuestrado para ser vendido como esclavo en el Sur en una plantación de Louisiana. Renunciando a abandonar la esperanza, Solomon contempla cómo todos a su alrededor sucumben a la violencia, al abuso emocional y a la desesperanza. Entonces decide correr riesgos increíbles y confiar en la gente menos aparente para intentar recuperar su libertad y reunirse con su familia.",7.931,https://image.tmdb.org/t/p/w500/1OoCd3fmjPHt9iCR4QxNGGrDyI0.jpg
El ángel exterminador,El ángel exterminador,1962,"Comedia, Drama, Fantasía",93,"Después de una cena en la mansión de los Nóbile, los invitados descubren que, por razones inexplicables, no pueden salir del lugar. Al prolongarse la situación durante varios días, la cortesía en el trato deja paso al más primitivo y brutal instinto de supervivencia. Una parábola sobre la descomposición de una clase social encerrada en sí misma.",7.931,https://image.tmdb.org/t/p/w500/9uvzmyPGoNRvRQIaNBFAegavkHr.jpg
El gabinete del doctor Caligari,Das Cabinet des Dr. Caligari,1920,"Drama, Terror, Suspense, Crimen",77,"Sentado en un banco de un parque, Francis anima a su compañero Alan para que vayan a Holstenwall, una ciudad del norte de Alemania, a ver el espectáculo ambulante del doctor Caligari. Un empleado municipal que le niega al doctor el permiso para actuar, aparece asesinado al día siguiente. Francis y Alan acuden a ver al doctor Caligari y a Cesare, su ayudante sonámbulo, que le anuncia a Alan su porvenir: vivirá hasta el amanecer.",7.933,https://image.tmdb.org/t/p/w500/xehDbRVWuS31FBU73AUIoiVePIe.jpg
Flamin'Hot: La historia de los Cheetos picantes,Flamin' Hot,2023,"Drama, Historia",99,"La inspiradora historia de Richard Montañez, el conserje de Frito Lay que usó su legado y costumbres mexicoamericanos para convertir los famosos Cheetos picantes en un aperitivo que revolucionó el sector alimentario y se convirtió en un fenómeno de la cultura pop mundial.",7.928,https://image.tmdb.org/t/p/w500/gHghpc8mhVi7P5YilodDt7NLEtU.jpg
"Rojo, blanco y sangre azul","Red, White & Royal Blue",2023,"Comedia, Romance",118,"Tras la elección de su madre como presidenta, el joven Alex Claremont-Diaz es rápidamente elegido como el equivalente estadounidense de un joven miembro de la realeza.",7.93,https://image.tmdb.org/t/p/w500/5XGt6CpWpkGnGOrrjfOMhNzDDSS.jpg
La noche,La notte,1961,"Drama, Romance",122,"Retrato de la vida cotidiana de un matrimonio burgués que atraviesa una crisis de pareja. En Milán, tras visitar a un amigo enfermo terminal en un hospital, el escritor Giovanni Pontano (Marcello Mastroianni) acude a una fiesta por la publicación de su último libro. Mientras, su mujer Lidia (Jeane Moreau) visita el lugar donde vivió muchos años atrás. Luego, durante la noche, ambos acuden a una fiesta en la mansión del Sr. Gherardini, donde ambos comienzan a flirtear; Giovanni con la hija del anfitrión, y Lidia con un playboy.",7.9,https://image.tmdb.org/t/p/w500/tisVoVpKpe9EynTgFLamBStGd9Z.jpg
Flamin'Hot: La historia de los Cheetos picantes,Flamin' Hot,2023,"Drama, Historia",99,"La inspiradora historia de Richard Montañez, el conserje de Frito Lay que usó su legado y costumbres mexicoamericanos para convertir los famosos Cheetos picantes en un aperitivo que revolucionó el sector alimentario y se convirtió en un fenómeno de la cultura pop mundial.",7.928,https://image.tmdb.org/t/p/w500/gHghpc8mhVi7P5YilodDt7NLEtU.jpg
La gran juerga,La Grande Vadrouille,1966,"Comedia, Bélica",132,"Segunda Guerra Mundial (1939-1945). Parodia de la ocupación de Francia por los alemanes. Terry-Thomas es un piloto inglés que se encuentra perdido en la Francia ocupada, mientras que Bourvil y Louis de Funès son dos parisinos que, casi involuntariamente, ayudan a la resistencia contra los nazis. Un film que en Francia obtuvo un enorme éxito de taquilla.",7.928,https://image.tmdb.org/t/p/w500/835Yw9f0gYyR8RSsDKL34VEgCjL.jpg
El circo,The Circus,1928,"Comedia, Romance, Drama",71,"Último film mudo de Chaplin. El vagabundo Charlot viaja con un circo ambulante y se enamora de una mujer jinete que está enamorada de un musculoso trapecista. Mientras tanto, le suceden mil y una peripecias.",7.9,https://image.tmdb.org/t/p/w500/vlWZkAzInOFU0snxealMUTpyDCv.jpg
Pink Floyd: El muro,Pink Floyd: The Wall,1982,"Música, Drama",99,"Película visualmente evocativa, basada en la música del disco homónimo y las visiones del grupo de rock psicodélico ""Pink Floyd"". Narra la vida de una estrella de rock ficticia: ""Pink"". Una mezcla de relaciones humanas, abuso de drogas, sexo, infancia, la Segunda Guerra Mundial y fascismo se combinan en un relato que alterna cine en vivo  con animación creada por el caricaturista británico Gerald Scarfe.",7.925,https://image.tmdb.org/t/p/w500/aqiDo8D4NHLrrUxckA7zWcrN6aY.jpg
La gran evasión,The Great Escape,1963,"Aventura, Drama, Bélica",163,"En 1943 los nazis, exasperados por el número de fugas de sus prisiones por un número relativamente pequeño de prisioneros aliados, deciden trasladarlos a todos a una prisión de alta seguridad ""a prueba de fugas"" durante el resto de la guerra. Los presos no tardan en trazar el plan de uno de los intentos de fuga más ambiciosos de la Segunda Guerra Mundial. Basado en una historia real.",7.9,https://image.tmdb.org/t/p/w500/zyXTt4nDNBbS0oULtDuiFpzhA4x.jpg
Diarios de la calle,Freedom Writers,2007,"Crimen, Drama",120,"Erin Gruwell es una joven profesora recién licenciada que empieza a trabajar dando clases de lengua en un instituto de Long Beach (California), cuyos alumnos, que viven en barrios marginales, están marcados por la violencia de las bandas. Después de un mal comienzo, descubre cómo ganarse su respeto y confianza y cómo ayudarles a cambiar: les habla de Ana Frank y de otros adolescentes, menos afortunados que ellos, que vivieron grandes tragedias y escribieron sobre ellas.",7.924,https://image.tmdb.org/t/p/w500/i6ScX4rIDGytb25keln7PFP4jg8.jpg
En busca del arca perdida,Raiders of the Lost Ark,1981,"Aventura, Acción",115,"Año 1936, Indiana Jones es un profesor de arqueología, dispuesto a correr peligrosas aventuras con tal de conseguir valiosas reliquias históricas. Después de una infructuosa misión en Sudamérica, el gobierno estadounidense le encarga la búsqueda del Arca de la Alianza, donde se conservan las Tablas de la Ley que Dios entregó a Moisés. Según la leyenda, quien las posea tendrá un poder absoluto, razón por la cual también la buscan los nazis.",7.924,https://image.tmdb.org/t/p/w500/tECLVwLCMexSkls33RTCwedRZ6d.jpg
Tokyo Godfathers,東京ゴッドファーザーズ,2003,"Animación, Drama, Comedia",91,"Es Navidad y la nieve cubre la ciudad de Tokio con su blanco manto. En algún lugar de Shinjuku encontramos a tres vagabundos: Gin, Hana y Miyuki. Una noche oyen unos lloros que salen de entre un montón basura y encuentran a un angelical bebé. Gin insiste en llevarlo a la policía y que ellos se encarguen de él. Sin embargo, Hana, que siempre ha tenido la ilusión de tener un bebé, no quiere dejárselo a nadie y que sean ellos mismos los que busquen a los padres. Así será como estos tres amigos se embarcan en la aventura de encontrar a la familia del bebé...",7.923,https://image.tmdb.org/t/p/w500/r8SzZKHfF1lzu9SpXk1afmaviC0.jpg
Que nada nos separe,The Cure,1995,"Drama, Familia",97,"Erik, un joven de trece años, y su madre se trasladan a una nueva casa en Minnesota. El muchacho se siente como un pez fuera del agua y tiene dificultad para encontrar amigos, hasta que conoce a Dexter, un chico más pequeño que vive en la casa de al lado. Erik y Dexter se llevan muy bien, pero un día la madre de Erik le prohíbe acercarse a su amigo porque se entera de que hace unos años contrajo el SIDA a causa de una negligencia en una transfusión de sangre. (FILMAFFINITY)",7.9,https://image.tmdb.org/t/p/w500/vcSfab0S2gTm9302TfejcM2gzrg.jpg
My Way,마이웨이,2011,"Drama, Acción, Historia, Bélica",137,"Jun-shik, que trabaja para la granja del abuelo de Tatsuo mientras Corea es colonizada por Japón, sueña con participar en los Juegos Olímpicos de Tokio como corredor de maratón. Tatsuo también aspira a convertirse en corredor de maratón, por lo que los dos se convertirán en rivales. Pero la guerra estalla y ambos se ven obligados a alistarse en el ejército. Tatsuo se convierte en el jefe de defensa de la unidad de Jun-shik y elabora un plan, pero falla. Jun-shik y Tatsuo están cautivos de los soviéticos. Huyen, pero pronto son capturados por los alemanes y obligados a separarse. En 1944, se reencuentran en las costas de Normandía. Esta película está inspirada en la historia real de un coreano llamado Yang Kyoungjong.",7.921,https://image.tmdb.org/t/p/w500/iMtEu7346RUV26OMwoqOPHrKERe.jpg
Ghost in the Shell,GHOST IN THE SHELL,1995,"Acción, Animación, Ciencia ficción",82,"En un futuro no muy lejano, un grupo de agentes especiales se disponen a encontrar a un hacker misterioso conocido como ""Puppet Master"". En la búsqueda descubrirán alarmantes secretos acerca de la evolución de la inteligencia artificial. La película fue una gran inspiración para la trilogía de Matrix.",7.921,https://image.tmdb.org/t/p/w500/mo4PUj0SWiX33uQMgxyzE2ZOPBK.jpg
Amelie,Le Fabuleux Destin d'Amélie Poulain,2001,"Comedia, Romance",122,"Amélie Poulain (Audrey Tautou) es una joven camarera que vive en París y que tiene una imaginación desbordante. Un día, encuentra una caja con objetos antiguos que pertenecían al antiguo inquilino de su apartamento. Amélie decide devolver la caja a su dueño y ver su reacción. Al ver la felicidad que le provoca, Amélie se propone hacer felices a los demás con pequeños gestos. Así, ayuda a sus vecinos, a sus compañeros de trabajo y a su padre, mientras se divierte con sus ocurrencias. Pero en su búsqueda de la felicidad ajena, Amélie se olvida de la suya propia, hasta que conoce a Nino Quincampoix (Mathieu Kassovitz), un joven coleccionista de fotos que le roba el corazón.",7.921,https://image.tmdb.org/t/p/w500/mYvUib00miJWxWkiXhy3QnrCj96.jpg
Monstruo,怪物,2023,"Misterio, Suspense, Drama",125,"Cuando su joven hijo Minato empieza a comportarse de forma extraña, su madre siente que algo va mal. Al descubrir que el responsable de todo ello es un profesor, irrumpe en la escuela exigiendo saber qué está pasando. Pero a medida que la historia se desarrolla a través de los ojos de la madre, el profesor y el niño, la verdad va saliendo a la luz, poco a poco...",7.9,https://image.tmdb.org/t/p/w500/8frC5TllwK0jnQCqgZDE8xzsT5b.jpg
It's Such a Beautiful Day,It's Such a Beautiful Day,2012,"Animación, Comedia",72,"Bill lucha para armar su destrozada psique, en esta versión cinematográfica de la trilogía de cortometrajes de animación de Don Hertzfeldt",7.9,https://image.tmdb.org/t/p/w500/hop0dsM4nxyNENGhBhpJWTCJ5rS.jpg
Dersu Uzala (El cazador),Дерсу Узала,1975,"Aventura, Drama",144,"Un explorador del ejército conoce a un hombre de la tribu Goldi en los bosques no mapeados de Rusia. Con el tiempo, se crea un vínculo duradero entre los dos hombres: uno civilizado en el sentido usual, y el otro que tiene por hogar los bosques glaciares de Siberia.",7.9,https://image.tmdb.org/t/p/w500/b7mZ9IQYGAWjpLf81ULC9P1UtwX.jpg
Antes de ti,Me Before You,2016,"Drama, Romance",110,"Louisa “Lou” Clark (Emilia Clarke), una chica inestable y creativa, reside en un pequeño pueblo de la campiña inglesa. Vive sin rumbo y va de un trabajo a otro para ayudar a su familia a llegar a fin de mes. Sin embargo, un nuevo trabajo pondrá a prueba su habitual alegría. En el castillo local, se ocupa de cuidar y acompañar a Will Traynor (Sam Claflin), un joven y rico banquero que se quedó paralítico tras un accidente.",7.9,https://image.tmdb.org/t/p/w500/vVIDt9FjuTLbXeuc2mJRYnqMh1F.jpg
El cartero (y Pablo Neruda),Il postino,1994,"Comedia, Drama, Romance",118,"Mario (Massimo Troisi) es un hombre sencillo que acepta un empleo de cartero. Su trabajo consiste en llevar el correo a un único destinatario, el poeta chileno Pablo Neruda (Philippe Noiret), que vive exiliado en el pequeño pueblo italiano. Mario se siente fascinado por la figura de Neruda, y entre los dos hombres irá creciendo una gran amistad.",7.919,https://image.tmdb.org/t/p/w500/jlnJJZCnI3AEhngDPxtVXnTW3V2.jpg
La linterna roja,大红灯笼高高挂,1991,Drama,125,"La película nos muestra la vida de las cuatro esposas de un hombre rico que viven en una gran casa. El hombre es el dueño y señor y las mujeres son de su propiedad y cada día elige a una de ellas para pasar la noche, mediante la colocación de una gran linterna roja en la puerta de la habitación de la mujer escogida. Este rito da lugar al título y provoca las mejores situaciones de la película, al reflejar la tensión y la rivalidad producida en las mujeres cada atardecer, cuando esperan en las puertas de sus habitaciones ver en cúal de ellas lucirá esa noche la lámpara. Esas cuatro paredes, este patio interior, típico de las casas chinas, se convierten en un microuniverso -que no quiere saber que fuera hay otras alternativas- en el que hasta el más pequeño detalle adquiere la mayor relevancia.",7.919,https://image.tmdb.org/t/p/w500/dze5P1wHqxSH4vt98zVTbeUKugi.jpg
Trono de sangre,蜘蛛巣城,1957,"Drama, Historia",110,"Japón feudal, siglo XVI. Adaptación del ""Macbeth"" de William Shakespeare. Cuando los generales Taketori Washizu y Yoshaki Miki regresan de una victoriosa batalla, se encuentran en el camino con una extraña anciana, que profetiza que Washizu llegará a ser el señor del Castillo del Norte. A partir de ese momento, su esposa lo instigará hasta convencerlo de que debe cumplir su destino.",7.919,https://image.tmdb.org/t/p/w500/4qggbvXbBZjvEALqEjyAQdaMTfM.jpg
The Witch: Part 1 - The Subversion,마녀,2018,"Acción, Ciencia ficción",126,"Una estudiante de instituto con amnesia intenta averiguar lo que le sucede, pero esto le mete en más problemas, hasta que descubre algo que no imaginaba.",7.918,https://image.tmdb.org/t/p/w500/ub1JJnAWAp6HjnymIuOJMpGuhK4.jpg
El maquinista de La General,The General,1926,"Acción, Aventura, Comedia, Bélica, Romance, Drama",74,"A pesar de querer alistarse, durante la Guerra de Secesión Johnny Gray (Buster Keaton) es destinado a la retaguardia. Todo cambia cuando un comando enemigo le roba las dos cosas que más ama: Anabelle Lee y ""La General"", una locomotora.",7.918,https://image.tmdb.org/t/p/w500/9jcJ6loloQiifZssTtUDkK7j7dG.jpg
En este rincón del mundo,この世界の片隅に,2016,"Drama, Animación, Romance, Bélica, Historia",130,"Japón, 1943, durante la Segunda Guerra Mundial. La joven Suzu deja su aldea cerca de Hiroshima para casarse y vivir con sus suegros en Kure, un puerto militar. Su creatividad para superar rápidamente las privaciones pronto la hace indispensable en casa. Habitada por una sabiduría ancestral, Suzu impregna de poesía y belleza los gestos sencillos de la vida cotidiana. Las muchas dificultades, la pérdida de seres queridos, los frecuentes ataques aéreos del enemigo, nada altera su entusiasmo…",7.917,https://image.tmdb.org/t/p/w500/cftN17oF2QxZXDLnMGYzWSnWsj9.jpg
"Batman: El regreso del Caballero Oscuro, Parte 2","Batman: The Dark Knight Returns, Part 2",2013,"Ciencia ficción, Acción, Animación, Misterio",78,"Siguiendo con los sucesos que nos hicieron vibrar en El Regreso del Caballero Oscuro: Primera Parte, un Batman odiado y querido a partes iguales por los ciudadanos de Ciudad Gotham será llevado hasta sus límites. Teniendo que enfrentarse de nuevo a un Joker más loco que nunca, se encontrará inesperadamente luchando a muerte con su antiguo aliado, Superman. Solo uno de los dos podrá sobrevivir al combate definitivo. Segunda parte de la adaptación del aclamado cómic de Frank Miller ""El retorno del señor de la noche""",7.917,https://image.tmdb.org/t/p/w500/vTpZl5n7wxyxhZZINd3gDVaEGhk.jpg
Lo que el viento se llevó,Gone with the Wind,1939,"Drama, Bélica, Romance",238,"Georgia, 1861. En la elegante mansión sureña de Tara, vive Scarlett O'Hara, la joven más bella, caprichosa y egoísta de la región. Ella suspira por el amor de Ashley, pero él está prometido con su prima, la dulce y bondadosa Melanie. Corren todavía tiempos felices en Tara, pero por poco tiempo, porque la Guerra de Secesión (1861-1865) está a punto de estallar. En la última fiesta, celebrada antes del comienzo de las hostilidades entre el norte y el sur, Scarlett conoce al simpático, cínico y apuesto Rhett Butler, un vividor arrogante y aventurero, que sólo piensa en sí mismo y que no tiene ninguna intención de participar en el conflicto. Lo que él desea es hacerse rico y conquistar el corazón de la hermosa Scarlett.",7.9,https://image.tmdb.org/t/p/w500/vEMSjJbenWci9TrxxtAPPtk3Mzj.jpg
Cuando pasan las cigüeñas,Летят журавли,1957,"Drama, Romance, Bélica",97,"Veronika y Boris se juntan en Moscú poco antes de la Segunda Guerra Mundial. Caminando a lo largo del río, ven las cigüeñas volar sobre sus cabezas y prometen encontrarse antes de que Boris se vaya a luchar. Boris se pierde la reunión y se dirige al frente, mientras Veronika espera pacientemente, enviando cartas fielmente. Después de que su casa es bombardeada, Veronika se muda con la familia de Boris, en compañía de un primo con sus propias intenciones.",7.9,https://image.tmdb.org/t/p/w500/ijPJ98012j35WFW6fVjnOPuTlCm.jpg
"Miraculous World:  Shanghái, la leyenda de Ladydragon","Miraculous World : Shanghai, la légende de Ladydragon",2021,"Animación, Familia, Acción, Aventura, Fantasía",54,"Para unirse a Adrien en Shanghai, Marinette va a visitar a su tío Wang, quien celebra su cumpleaños. Pero tan pronto como llega a China, ¡le roban su bolso con Tikki!, lo que no le permite convertirse en una Ladybug en secreto! Privada y sola en la gran ciudad, Marinette acepta la ayuda de una joven muy ingeniosa, Fei. Las dos chicas se harán amigas y descubrirán la existencia de una nueva joya mágica, los Prodigios, que Hawk Moth, también presente en Shanghai, ha estado buscando durante mucho tiempo...",7.913,https://image.tmdb.org/t/p/w500/r6zthVPVoq1urTOsLgofPGel89d.jpg
Dallas Buyers Club,Dallas Buyers Club,2013,"Drama, Historia",117,"Basada en la vida real de Ron Woodroof, un cowboy de rodeo texano, drogadicto y mujeriego, al que en 1986 le diagnosticaron SIDA y le pronosticaron un mes de vida. Empezó entonces a tomar AZT, el único medicamento disponible en aquella época para luchar contra tan terrible enfermedad",7.913,https://image.tmdb.org/t/p/w500/h8k8G7R6hw3hv81NKPxtlumsdWn.jpg
Tel chi el telùn,Tel chi el telùn,1999,Comedia,120,,7.912,https://image.tmdb.org/t/p/w500/428vjrQpsNWSutMkB9Zndp6nIBq.jpg
Sin perdón,Unforgiven,1992,Western,131,"William Munny es un pistolero retirado, viudo y padre de familia, que tiene dificultades económicas para sacar adelante a su hijos. Su única salida es hacer un último trabajo. En compañía de un viejo colega y de un joven inexperto, Munny tendrá que matar a dos hombres que cortaron la cara a una prostituta.",7.912,https://image.tmdb.org/t/p/w500/bhcVwMko4DbSELZapIQv4mmdPKY.jpg
Del revés (Inside Out),Inside Out,2015,"Animación, Familia, Aventura, Drama, Comedia",95,"Riley es una chica que disfruta o padece toda clase de sentimientos. Aunque su vida ha estado marcada por la Alegría, también se ve afectada por otro tipo de emociones. Lo que Riley no entiende muy bien es por qué motivo tiene que existir la Tristeza en su vida. Una serie de acontecimientos hacen que Alegría y Tristeza se mezclen en una peligrosa aventura que dará un vuelco al mundo de Riley.",7.9,https://image.tmdb.org/t/p/w500/sG3bHZWCMOZwhUq71WbPG9Vrrwc.jpg
Los mundos de Coraline,Coraline,2009,"Animación, Familia, Fantasía",101,"Película de animación en la que se nos cuenta la historia de Coraline, una jovencita que descubre en su nueva casa una puerta secreta y decide abrirla. Al hacerlo, descubre una segunda versión de su vida, una vida paralela a la que ella tiene. A primera vista, la realidad paralela es curiosamente parecida a su vida de verdad, aunque mucho mejor. Pero cuando su increíble y maravillosa aventura empieza a tomar un cariz peligroso, su otra madre intenta mantenerla a su lado para siempre. Coraline deberá recurrir a su determinación y coraje, a la ayuda de los vecinos y a un gato negro con el don del habla para salvar a sus auténticos padres, a unos niños fantasmas y regresar a casa.",7.91,https://image.tmdb.org/t/p/w500/xz1HjxeqpIACyPtJMqv33Z2RjRP.jpg
Historias corrientes: La película,Regular Show: The Movie,2015,"Animación, Comedia, Ciencia ficción, Aventura",68,"Mordecai y Rigby viajan al pasado para detener un experimento fallido de su época escolar que amenaza con destruir el tejido del tiempo. Junto a sus compañeros del parque, deben enfrentar a un antiguo profesor vengativo y salvar el universo. En el proceso, su amistad se pone a prueba al revelarse un secreto que cambió sus vidas para siempre.",7.9,https://image.tmdb.org/t/p/w500/7eWLv7mxAKnFPqbtPOJy6iHb2Bx.jpg
El retorno del Jedi,Return of the Jedi,1983,"Aventura, Acción, Ciencia ficción",133,"Luke Skywalker y la princesa Leia deben viajar a Tatooine para liberar a Han Solo. Para conseguirlo, deben infiltrarse en la peligrosa guarida de Jabba the Hutt, el gángster más temido de la galaxia. Una vez reunidos, el equipo recluta a tribus de Ewoks para combatir a las fuerzas imperiales en los bosques de la luna de Endor. Mientras tanto, el Emperador y Darth Vader conspiran para convertir a Luke al lado oscuro, pero el joven Skywalker, por su parte, está decidido a reavivar el espíritu del Jedi en su padre. La guerra civil galáctica culmina en un último enfrentamiento entre las fuerzas rebeldes unificadas y una segunda Estrella de la Muerte, indefensa e incompleta, en una batalla que decidirá el destino de la galaxia.",7.9,https://image.tmdb.org/t/p/w500/rKMmXzdm7eRgmlwYo7iq3klT7wJ.jpg
El niño y la bestia,バケモノの子,2015,"Acción, Aventura, Animación, Drama, Familia, Fantasía",119,"Kyuta, un niño solitario que vive en el mundo de los humanos, y Kumatetsu, una bestia solitaria que vive en un mundo fantástico establecen una relación de maestro-aprendiz que se irá fortaleciendo con el tiempo. Superando su soledad, se darán cuenta cuánto se necesitan mutuamente. Su afortunado encuentro será el inicio de una aventura más allá de tu imaginación.",7.908,https://image.tmdb.org/t/p/w500/eeH3tGP4VbQ3VhONuxt6jpPge2I.jpg
Chinatown,Chinatown,1974,"Crimen, Misterio, Suspense",130,"Los Ángeles, 1937. El detective Gittes, especializado en divorcios, recibe la visita de la esposa de Mulwray, el jefe del Servicio de Aguas de la ciudad, que sospecha que su marido la engaña. Al mismo tiempo, Gittes descubre que los agricultores acusan a Mulwray de corrupción por su negativa a construir un pantano que paliaría la sequía que sufren. Poco después, el escándalo salta a la prensa, pero la cosa se complica cuando una mujer se presenta en el despacho de Gittes con una sorprendente revelación.",7.908,https://image.tmdb.org/t/p/w500/1wO2OmUCWButQyVPGWQEZn5twca.jpg
Death Note Relight: La visión de un Dios,DEATH NOTE リライト ～幻視する神～,2007,"Película de TV, Crimen, Drama, Fantasía, Suspense, Animación",131,"¿Qué harías tú si tuvieras una Libreta de la Muerte que te permitiera matar a cualquiera con tan solo escribir su nombre en ella? Con la Death Note en su poder, el estudiante Light Yagami decide erradicar la maldad del mundo. Pero, ¿se convertirá en el mesías que salve a la humanidad o en el peor asesino en serie de la historia? Cuando los criminales comienzan a caer muertos, las autoridades recurren al genio detective L para dar caza al misterioso asesino conocido como Kira. Así da comienzo una trepidante batalla entre las dos mentes más brillantes del mundo con el destino de la humanidad en juego. Primero de los dos especiales emitidos en televisión (el segundo fue L’s Successor) y que resumía el primer arco del anime “Death Note”, contando la historia desde el punto de vista del shinigami Ryuk.",7.907,https://image.tmdb.org/t/p/w500/SFWLAkQwKHbY0NlbdNF3bb1ab7.jpg
La Maison en Petits Cubes,つみきのいえ,2008,"Animación, Drama",12,"Un anciano vive en una ciudad casi inundada; así que continuamente debe construir una planta más sobre su apartamento debido al incesante crecimiento del nivel del agua. Al realizar la última mudanza, se le cae su preciada pipa y decide bajar a rescatarla. Cuando logra recuperarla, inicia un viaje retrospectivo a través de los mejores momentos de su vida.",7.907,https://image.tmdb.org/t/p/w500/mTPfQUrmYmYEFWHZTQx7dw7QL9J.jpg
Una cuestión de tiempo,About Time,2013,"Drama, Romance, Fantasía",123,"La trama de la película gira en torno a un joven llamado Tim Lake. El protagonista y su familia tienen el curioso don de poder viajar a través del tiempo. Al descubrir esta cualidad, Tim empieza a beneficiarse de ello para cambiar diferentes aspectos de su vida. Se enamora de una chica, Mary, a la que conoce tras transladarse a vivir a Londres por motivos de trabajo. Su historia de amor se verá beneficiada gracias al don de Tim, sin embargo, el protagonista no tardará en darse cuenta de que su habilidad no es capaz de ampararle en algunos problemas y cuestiones familiares.",7.906,https://image.tmdb.org/t/p/w500/6b8zipp2Z4Io5RVuaATBNKtlbE6.jpg
Una cuestión de tiempo,About Time,2013,"Drama, Romance, Fantasía",123,"La trama de la película gira en torno a un joven llamado Tim Lake. El protagonista y su familia tienen el curioso don de poder viajar a través del tiempo. Al descubrir esta cualidad, Tim empieza a beneficiarse de ello para cambiar diferentes aspectos de su vida. Se enamora de una chica, Mary, a la que conoce tras transladarse a vivir a Londres por motivos de trabajo. Su historia de amor se verá beneficiada gracias al don de Tim, sin embargo, el protagonista no tardará en darse cuenta de que su habilidad no es capaz de ampararle en algunos problemas y cuestiones familiares.",7.906,https://image.tmdb.org/t/p/w500/6b8zipp2Z4Io5RVuaATBNKtlbE6.jpg
Guardianes de la galaxia,Guardians of the Galaxy,2014,"Acción, Ciencia ficción, Aventura",120,"El temerario aventurero Peter Quill es objeto de un implacable cazarrecompensas después de robar una misteriosa esfera codiciada por Ronan, un poderoso villano cuya ambición amenaza todo el universo. Para poder escapar del incansable Ronan, Quill se ve obligado a pactar una complicada tregua con un cuarteto de disparatados inadaptados: Rocket, un mapache armado con un rifle, Groot, un humanoide con forma de árbol, la letal y enigmática Gamora y el vengativo Drax the Destroyer. Pero cuando Quill descubre el verdadero poder de la esfera, deberá hacer todo lo posible para derrotar a sus extravagantes rivales en un intento desesperado de salvar el destino de la galaxia.",7.906,https://image.tmdb.org/t/p/w500/zqZNnuMtrmK99Xux91KiCdnZxgb.jpg
Castaway on the moon,김씨 표류기,2009,"Drama, Comedia, Romance",116,"La historia comienza cuando un ejecutivo se lanza al río Han para suicidarse... e inesperadamente despierta en una isla desierta en medio del río, donde vive apartado de la civilización. Una joven, recluida en su habitación durante años, lo observa de lejos...",7.9,https://image.tmdb.org/t/p/w500/jRrdzFcJUTz9yb6A5quSQrvhJDB.jpg
Mulán,Mulan,1998,"Animación, Familia, Aventura",88,"Mulán, una joven china hija única de la familia Fa, en lugar de buscar novio, como sus amigas, trata por todos los medios de alistarse en el ejército imperial para evitar que su anciano padre sea llamado a filas para defender al Emperador del acoso de los Hunos. Cuando el emisario imperial lleva a cabo la orden de reclutar a los varones de todas las familias, Mulán se hará pasar por soldado y se someterá a un duro entrenamiento hasta hacerse merecedora de la estima y de la confianza del resto de su escuadrón.",7.904,https://image.tmdb.org/t/p/w500/towmTJ0k29quKI9IDnOZKAAtQx.jpg
La strada,La strada,1954,Drama,103,"Cuando Zampanó, un artista ambulante, enviuda, compra a Gelsomina, la hermana de su mujer, sin que la madre de la chica oponga la menor resistencia. Pese al carácter violento y agresivo de Zampanó, la muchacha se siente atraída por el estilo de vida nómada, siempre en la calle (la strada en italiano), sobre todo cuando su dueño la incluye en el espectáculo. Aunque varios de los pintorescos personajes que va conociendo en su deambular le proponen que se una a ellos, Gelsomina se mantendrá fiel a Zampanó hasta las últimas consecuencias.",7.905,https://image.tmdb.org/t/p/w500/kEbpEJeU1voZ21xzIcm2CUx9hFt.jpg
A corazón abierto,Something the Lord Made,2004,"Película de TV, Drama",110,"En Baltimore, en los años 40, el doctor Alfred Blalock (Alan Rickman) y su ayudante Vivien Thomas (Mos Def) trabajaban para encontrar una técnica revolucionaria que garantizaría el éxito de las operaciones de corazón en ""bebés azules"". A pesar de ser colegas, pertenecían a mundos muy distintos: Blalock, blanco y rico, era el jefe de cirugía del Hospital Johns Hopkins; Thomas, en cambio, era un hábil carpintero, negro y pobre. Mientras estos hombres abrían nuevos y espectaculares caminos en el campo de la medicina, las presiones sociales amenazaban con destruir tanto su trabajo como su amistad. (FILMAFFINITY)",7.904,https://image.tmdb.org/t/p/w500/82FlOKGpr1YSeEKwh2aDmxURs7v.jpg
Los niños del paraíso,بچه‌های آسمان,1997,"Drama, Familia",90,"Los zapatos de la pequeña Zhore han desaparecido. Su hermano mayor Ali los ha perdido. Son pobres, y no tienen para unos zapatos nuevos. Pero ellos dan con una idea para que Zhore tenga sus zapatos: compartir los de Ali...",7.9,https://image.tmdb.org/t/p/w500/sPRwqDKuM4rKCT4GUbPdEVMxVaa.jpg
Fausto,Faust - Eine deutsche Volkssage,1926,"Fantasía, Drama, Terror",116,"Relata la historia de un célebre pensador que después de buscar sin descanso la esencia del conocimiento y la verdad oculta de las cosas, es tentado por el diablo y vende su alma.",7.903,https://image.tmdb.org/t/p/w500/cF5zH7UoRVQDnsvO3mJvWx1ocNw.jpg
Toro salvaje,Raging Bull,1980,"Drama, Historia",129,"Jake la Motta es un joven boxeador que se entrena duramente, ayudado por su hermano Joey, para convertirse en el número uno de los pesos medios. Pronto consigue ver hecho realidad tan ansiado sueño, pero el triunfo y el éxito convierten su vida en una pesadilla. Por un lado, su matrimonio cada vez marcha peor debido a sus salidas nocturnas con otras mujeres; por otro, la mafia le presiona para que amañe combates. En poco tiempo gasta todo el capital del que dispone, para volver nuevamente a pasar todo tipo de penurias.",7.903,https://image.tmdb.org/t/p/w500/kU7TurhweNSREpv1tIVJO66AhMp.jpg
Titanic,Titanic,1997,"Drama, Romance",194,"Jack, un joven artista, gana en una partida de cartas un pasaje para viajar a América en el Titanic, el transatlántico más grande y seguro jamás construido. A bordo conoce a Rose, una joven de una buena familia venida a menos que va a contraer un matrimonio de conveniencia con Cal, un millonario engreído a quien sólo interesa el prestigioso apellido de su prometida. Jack y Rose se enamoran, pero el prometido y la madre de ella ponen todo tipo de trabas a su relación. Mientras, el gigantesco y lujoso transatlántico se aproxima hacia un inmenso iceberg.",7.9,https://image.tmdb.org/t/p/w500/rBTJZrf5UWaxzg5YJd2eqpeaSvm.jpg
Tres colores: Rojo,Trois couleurs : Rouge,1994,"Drama, Misterio, Romance",99,"Valentina, joven modelo que comienza a ser conocida, ha atropellado con su coche a Rita, una perra que esperaba cachorros. Después de curarla, intenta devolverla a su dueño. Asi conocerá a un hombre mayor, juez jubilado, que rechaza al animal. Valentina descubre que está obsesionado por una enfermiza afición: espiar a todo el mundo.",7.901,https://image.tmdb.org/t/p/w500/eePgjE6ZP381J77dUPVgJy9cIJ4.jpg
El Conde de Montecristo,Le Comte de Monte-Cristo,2024,"Aventura, Acción, Drama",178,"Todos los sueños del joven Edmundo Dantés están a punto de hacerse realidad. Traicionado por sus rivales, es encarcelado sin juicio en el Castillo de If sin esperanza de escapar. Tras catorce años de encierro, Dantés consigue escapar y hacerse con el legendario tesoro escondido en la isla de Montecristo. Ahora, con una enorme fortuna, urde un plan extraordinario para vengarse.",7.902,https://image.tmdb.org/t/p/w500/r2PGzaGA7bgcuy6PX7nx0BfDYsK.jpg
Las dos caras de la justicia,Je verrai toujours vos visages,2023,Drama,115,"Desde 2014, en Francia, la justicia restauradora ofrece a las víctimas y perpetradores de delitos la oportunidad de diálogo a través de sistemas seguros, supervisados por profesionales y voluntarios como Judith, Fanny o Michel. Nassim, Issa y Thomas, sentenciados por robo con violencia, Gregoire, Nawelle y Sabine, víctimas de robo y bolso. También Chloe, víctima de una violación incestuosa, se involucra en medidas de justicia restauradora. En su viaje, hay ira y esperanza, silencio y palabras, alianzas y desamor, conciencia y confianza recuperada. Y al final del camino, a veces, reparación.",7.902,https://image.tmdb.org/t/p/w500/t0bLhTHhxjlM8AfQFYNj1uYj8Kc.jpg
Candilejas,Limelight,1952,"Romance, Drama, Música, Comedia",145,"La última película americana de Chaplin narra la historia de un payaso que evita el suicidio de una bailarina, y le enseña todo lo que sabe sobre el mundo del espectáculo para ayudarla a triunfar. Destaca un dueto con Buster Keaton, el eterno rival de Chaplin",7.9,https://image.tmdb.org/t/p/w500/j9fgSe6FwmCmWfYKqpPFgYj2dZN.jpg
¿Qué fue de Baby Jane?,What Ever Happened to Baby Jane?,1962,"Drama, Terror, Suspense",134,"Baby Jane fue una niña estrella en su juventud, años despues su carrera fracasa mientras su hermana Blanche triunfa como actriz. En el presente ambas hermanas, ya de avanzada edad, viven juntas. Blanche, que está paralítica por un extraño accidente que sucedió en el pasado, vive prácticamente secuestrada y maltratada por Jane, que sufre grandes transtornos psicológicos.",7.9,https://image.tmdb.org/t/p/w500/qVfuVy56ciNKQniNmoa3mW5GsMA.jpg
"No manches, Frida 2: paraíso destruido","No manches, Frida 2: paraíso destruido",2019,Comedia,102,"Zequi y Lucy están a punto de casarse. A pesar de que él promete no excederse durante la despedida de soltero, las cosas se salen de control.",7.901,https://image.tmdb.org/t/p/w500/rG7rDoTe1ZEa936eonDCkV76nkx.jpg
"Nader y Simin, una separación",جدایی نادر از سیمین,2011,Drama,123,"Nader (Peyman Moaadi) y Simin (Leila Hatami) son un matrimonio iraní con una hija. Simin quiere abandonar Irán en busca de una vida mejor, pero Nader, que desea quedarse para cuidar a su padre, que tiene Alzheimer, le pide el divorcio. Como no lo consigue, se muda a vivir con sus padres y contrata a una mujer para que le ayude a cuidar a su padre. Un día, al llegar a casa, encuentra al anciano atado a la cama; a partir de ese momento, su vida dará un vuelco.",7.901,https://image.tmdb.org/t/p/w500/odNNz4TdmaNv6as8kgato0pyHTO.jpg
El tercer hombre,The Third Man,1949,"Suspense, Misterio",104,"Orson Welles es Harry Lime y Joseph Cotten actúa como su amigo de la infancia, Holly Martins, en este clásico thriller de Graham Greene, dirigido por Carol Reed. Martins busca a Lime en la caótica postguerra de Viena, y se encuentra así mismo metido en un entorno de amores, decepción y asesinatos.",7.9,https://image.tmdb.org/t/p/w500/trsJPVYVnZMPhBrFhAx0jPEVrqa.jpg
V de Vendetta,V for Vendetta,2006,"Acción, Suspense, Ciencia ficción",132,"En un futuro no muy lejano, Gran Bretaña es un país totalitario dirigido con mano de hierro por un tirano (John Hurt). Una tarde, tras el toque de queda nocturno, la joven Evey (Natalie Portman) es rescatada en plena calle por un misterioso enmascarado cuyo nombre es V (Hugo Weaving). El extraño personaje le explica cuáles son sus planes para combatir la falta de libertad. A partir de ese momento, las acciones de V tendrán como objetivo hacer estallar en todo el país una revolución contra el gobierno fascista.",7.9,https://image.tmdb.org/t/p/w500/RGtqJD856BJ7kZ88v7ZPz84tU6.jpg
Harry Potter y la piedra filosofal,Harry Potter and the Philosopher's Stone,2001,"Aventura, Fantasía",152,"Harry Potter es un huérfano que vive con sus desagradables tíos, los Dursley, y su repelente primo Dudley. Se acerca su undécimo cumpleaños y tiene pocas esperanzas de recibir algún regalo, ya que nunca nadie se acuerda de él. Sin embargo, pocos días antes de su cumpleaños, una serie de misteriosas cartas dirigidas a él y escritas con una estridente tinta verde rompen la monotonía de su vida: Harry es un mago y sus padres también lo eran.",7.899,https://image.tmdb.org/t/p/w500/3MKK7vAJLtSkBTABMTjxf6TOCo3.jpg
Harry Potter y la piedra filosofal,Harry Potter and the Philosopher's Stone,2001,"Aventura, Fantasía",152,"Harry Potter es un huérfano que vive con sus desagradables tíos, los Dursley, y su repelente primo Dudley. Se acerca su undécimo cumpleaños y tiene pocas esperanzas de recibir algún regalo, ya que nunca nadie se acuerda de él. Sin embargo, pocos días antes de su cumpleaños, una serie de misteriosas cartas dirigidas a él y escritas con una estridente tinta verde rompen la monotonía de su vida: Harry es un mago y sus padres también lo eran.",7.899,https://image.tmdb.org/t/p/w500/3MKK7vAJLtSkBTABMTjxf6TOCo3.jpg
La ciudad de las estrellas (La La Land),La La Land,2016,"Comedia, Drama, Romance",128,"Mia, una joven aspirante a actriz que compagina los castings con su trabajo de camarera, y Sebastian, un pianista de jazz que se gana la vida tocando en sórdidos tugurios, se enamoran. Pero la gran ambición por llegar a la cima en sus carreras artísticas amenaza con separarlos.",7.9,https://image.tmdb.org/t/p/w500/7pFsAaJmiOppVHcldBzg8JKBHwe.jpg
Las diabólicas,Les Diaboliques,1955,"Suspense, Misterio",117,"El director de un colegio, el señor Delasalle, convive con su esposa y su amante, la profesora Horner. Pero las dos mujeres, cansadas de sufrir la constante tiranía y malos tratos del hombre que comparten, deciden que esa situación no puede continuar.",7.898,https://image.tmdb.org/t/p/w500/eX2SM3UECXJgrGknXHdYS2veReS.jpg
¿Dónde está la casa de mi amigo?,خانه‌ی دوست کجاست؟,1987,"Drama, Aventura",80,"Historia de un alumno que busca la casa de un compañero para devolverle su cuaderno. En la escuela del pueblo de Koker, al norte de Irán, Mohamed no ha hecho los ejercicios en el cuaderno y el profesor le amenaza con la expulsión si vuelve a repetir la misma falta. Esa misma tarde, su compañero, Ahmed, toma por equivocación el cuaderno de Mohamed y cuando decide ir a buscar la casa de su amigo para devolvérselo, se pierde en la noche. Un canto a la solidaridad protagonizada por un niño, capaz de atravesar a pie kilómetros de campos en mitad de la noche por evitar el mal de su compañero.",7.9,https://image.tmdb.org/t/p/w500/yFdk2YnzSfYtcGimT95Bhm0CN1n.jpg
El viaje a la Luna,Le Voyage dans la Lune,1902,"Historia, Aventura, Ciencia ficción",14,"El profesor Barbenfouillis y cinco de sus colegas de la Academia de Astronomía viajan a la Luna a bordo de un cohete propulsado por un cañón gigante. Una vez sobre la superficie lunar, los audaces exploradores afrontan los muchos peligros que ocultan las cuevas del misterioso satélite.",7.896,https://image.tmdb.org/t/p/w500/l58KDN46lKx5RPzu1encomzSuJU.jpg
Aún estoy aquí,Ainda Estou Aqui,2024,"Drama, Historia",137,"Brasil, 1971. Un país en las garras de una dictadura militar. Una madre se ve obligada a reinventarse cuando la vida de su familia se ve destrozada por un acto de violencia arbitraria.",7.895,https://image.tmdb.org/t/p/w500/pnhi5LYyTY1p9cgug0XwC13xVtk.jpg
Adiós a mi concubina,霸王别姬,1993,Drama,171,"China, 1925. Los militares gobiernan Pekín y, aunque en la ciudad la situación política es inestable, hay una constante en la vida cotidiana: la ópera, un espectáculo donde incluso los personajes femeninos deben ser representados por hombres. Entre los nuevos muchachos destinados a ser estrellas de la ópera de Pekín se encuentran el delicado Douzi y Shitou, que le toma bajo su protección. Ambos forjan una gran amistad, y Douzi se enamora profundamente del chico mayor. Como Douzi tiene la belleza de una mujer, le forman en papeles femeninos, mientras que al atlético Shitou le entrenan principalmente para papeles militares. Entre las óperas que estudian se encuentra ""Adiós a mi concubina""...",7.895,https://image.tmdb.org/t/p/w500/pHe4sPQHlfWsYxPGW9A0lvMO0hn.jpg
Los comulgantes,Nattvardsgästerna,1963,Drama,80,"Thomas es un pastor protestante que celebra los oficios religiosos con la iglesia casi vacía. Es un hombre solitario que sufre una profunda crisis espiritual y cuya vida carece de sentido. Incluso el amor que le profesa la maestra Marta se ha vuelto para él una carga insoportable. Su situación se agrava al verse incapaz de ofrecer ayuda alguna a una pareja de campesinos que acuden a él para pedirle consejo. Cuando, poco después, el campesino se suicida, Thomas se encuentra al borde del abismo y ya nada podrá llenar su vacío interior.",7.894,https://image.tmdb.org/t/p/w500/sZjZIEp3ilHMR6wH63m6QxwbfzO.jpg
El ejército de las sombras,L'Armée des ombres,1969,"Bélica, Drama, Suspense, Historia",140,"Philippe Gerbier es un ingeniero civil que ha entregado todos sus esfuerzos a la valerosa resistencia francesa, de la que es uno de sus máximos responsables. Pero llega el día en que la policía colaboracionista le captura, siendo retenido en un campo de concentración bajo atenta vigilancia. Tras un traslado logrará escapar improvisando una fuga relámpago. A partir de ese momento viviremos con su testimonio el día a día de la resistencia y sus dificultades ante el poderoso invasor.",7.894,https://image.tmdb.org/t/p/w500/4BK3fC1MbazERtphugXNqqxmtJD.jpg
"Simone, la mujer del siglo","Simone, le voyage du siècle",2022,"Drama, Historia",140,"El destino de Simone Veil, su infancia, sus luchas políticas, sus tragedias. El retrato épico e íntimo de una mujer con un recorrido vital fuera de lo común que revolucionó su época defendiendo un mensaje humanista que pervive hasta hoy.",7.892,https://image.tmdb.org/t/p/w500/baaNF7nnwGFXmXRoCwFaVcHORib.jpg
Una semana,One Week,1920,Comedia,25,"Una pareja de recién casados se traslada a su nuevo hogar... que deben montar pieza a pieza, pues se trata de una casa prefabricada. Un antiguo pretendiente de la novia, reconcomido por los celos, cambia la numeración de las piezas de la casa, lo que hace que al armarla, el resultado final no sea exactamente el deseado.",7.892,https://image.tmdb.org/t/p/w500/eDETJaxbIMN6CHVvxCHXDIEziBq.jpg
La batalla de Argel,La battaglia di Algeri,1966,"Drama, Bélica, Historia",121,"Octubre de 1957. Los paracaidistas del coronel Mathieu rodean el refugio Ali-La-Pointe, responsable de la guerra de guerrillas urbana. Durante sus horas de reclusión forzada, Ali revive el viaje que lo llevó de la condición de delincuente a la de líder guerrillero del F.L.N. Noviembre de 1954, la organización terrorista inicia su actividad en Argelia; Fueron los primeros atentados con bombas en bares, estaciones de tren y cines de la “ciudad europea”. Ali se convierte en uno de los líderes de la organización, bajo la dirección de Ben M'Hidi, mientras los paracaidistas llegan a Argel recibidos por la población europea. El coronel Mathieu, aprovechando una huelga, entra en el barrio árabe y realiza las primeras detenciones...",7.892,https://image.tmdb.org/t/p/w500/tw3GaZhFDxtVJdibJwbnE3FSthl.jpg
Cuando el amor te toca,Where Hands Touch,2018,"Bélica, Drama, Romance",122,"Alemania, 1944. Leyna es una adolescente alemana mulata, que vive atemorizada por su color de piel. Cuando ella conoce a Lutz, miembro de las juventudes hitlerianas e hijo de un destacado oficial de las SS, ambos se enamoran irremediablemente, poniendo así sus vidas en peligro.",7.891,https://image.tmdb.org/t/p/w500/2l076SrQ8XB9ZOYCVfQaxsBHWzD.jpg
CODA: Los sonidos del silencio,CODA,2021,"Drama, Música, Romance",111,"Como CODA (acrónimo en inglés de 'hija de adultos con sordera'), Ruby es la única de su familia que puede oír. Cuando el negocio familiar de pesca se ve amenazado, Ruby debe elegir entre su amor por la música y su miedo a abandonar a sus padres.",7.89,https://image.tmdb.org/t/p/w500/sSkEkCxsEs9LuHZzA2IZYyvd9x4.jpg
Perdida,Gone Girl,2014,"Misterio, Suspense, Drama",149,"El día de su quinto aniversario de boda, Nick Dunne informa de que su esposa Amy ha desaparecido misteriosamente. Pronto la presión policial y mediática hace que el retrato de felicidad doméstica que ofrece Nick empiece a tambalearse. Además, su extraña conducta lo convierte en sospechoso, y todo el mundo comienza a preguntase si Nick mató a su esposa...",7.9,https://image.tmdb.org/t/p/w500/bkIhygnbv9ydlDo4SEsOcqGgQD4.jpg
Milagro en la celda 7,7번방의 선물,2013,"Drama, Comedia",127,"Lee Yong-gu es un hombre con problemas mentales: tiene un coeficiente de inteligencia de un niño de 6 años de edad, que es casualmente la edad que tiene su hija, la inteligente Ye-sung. Ambos llevan una vida feliz, pues Yong-gu se gana la vida trabajando como encargado del aparcamiento en un supermercado local. Pero un día, cuando la hija del comisario de policía muere en un extraño accidente, Yong-gu, que es el que encuentra su cadaver, es falsamente acusado y condenado a muerte por el secuestro, asalto sexual y asesinato de una menor de edad. Ye-sung es enviada entonces a una institución de menores, y Yong-gu es encarcelado y asignado a la celda nº7, en una prisión de máxima seguridad.",7.89,https://image.tmdb.org/t/p/w500/g7tWI5ZrJGrwAccJYUD1roWzHQu.jpg
Ivan Vasilievich cambia de profesión,Иван Васильевич меняет профессию,1973,"Comedia, Ciencia ficción",88,"Por accidente, el casero de un edificio y un ladrón viajan al Moscú del siglo XVI, mientras que Iván el Terrible viaja al año 1973. (FILMAFFINITY)",7.89,https://image.tmdb.org/t/p/w500/67LEf1qzezdKrgjxRYKno5vYVra.jpg
En el nombre del padre,In the Name of the Father,1993,Drama,128,"Belfast, años 70. Gerry es un gamberro que sólo sabe beber e ir de juerga, para disgusto de su padre Giuseppe, un hombre tranquilo y educado. Cuando Gerry se enfrenta al IRA, su padre lo manda a Inglaterra. Una vez allí, por caprichos del azar, es acusado de participar en un atentado terrorista y condenado a cadena perpetua junto con los ""cuatro de Guildford"". También su padre es arrestado y encarcelado. En la cárcel Gerry descubre que la aparente fragilidad de su padre esconde en realidad una gran fuerza interior. Con la ayuda de una abogada entregada a la causa, Gerry se propone demostrar su inocencia, limpiar el nombre de su padre y hacer pública la verdad sobre uno de los más lamentables errores legales de la historia reciente de Irlanda.",7.9,https://image.tmdb.org/t/p/w500/8UHQLF2ZXcLOfmxPKxYj9vy9Lhg.jpg
El milagro de Ana Sullivan,The Miracle Worker,1962,"Drama, Historia",106,"Una familia contrata a Ana Sullivan para educar a Helen, una niña sorda y ciega. Un trauma infantil, un oscuro complejo de culpa, por la muerte de su hermano, impulsa a la maestra a redimirse mediante la educación de la niña. La incompetencia y la negligencia de los padres han hecho de Helen una niña mimada, incapaz de someterse a ninguna disciplina, y con la que toda comunicación parece imposible. La adolescente vive aislada en un mundo propio completamente ajeno a los demás. Sin embargo, Ana Sullivan conseguirá, con mucha paciencia y rigor, romper esa burbuja, ese aislamiento.",7.89,https://image.tmdb.org/t/p/w500/sHU0JZR6sn1Zr2OtBxYCjy8J7el.jpg
Ben-Hur,Ben-Hur,1959,"Historia, Drama, Aventura",212,"Antigua Roma, bajo el reinado de los emperadores Augusto y Tiberio (s. I d.C.). Judá Ben-Hur, hijo de una familia noble de Jerusalén, y Mesala, tribuno romano que dirige los ejércitos de ocupación, son dos antiguos amigos, pero un accidente involuntario los convierte en enemigos irreconciliables: Ben-Hur es acusado de atentar contra la vida del nuevo gobernador romano, y Mesala lo encarcela a él y a su familia. Mientras Ben-Hur es trasladado a galeras para cumplir su condena, un hombre llamado Jesús de Nazaret se apiada de él y le da de beber. En galeras conocerá al comandante de la nave y más tarde a un jeque árabe que participa con sus magníficos caballos en carreras de cuadrigas.",7.9,https://image.tmdb.org/t/p/w500/bG0yaRTC7N0bWhlaPXsyi3ZnbMo.jpg
Vacaciones en Roma,Roman Holiday,1953,"Romance, Comedia, Drama",118,"Durante una visita a Roma, Ana, la joven princesa de un pequeño país centroeuropeo que detesta sus obligaciones y desea pasar inadvertida, se escapa de palacio para visitar la ciudad de incógnito. Así conoce a Joe, un periodista americano que busca una exclusiva y finge desconocer su verdadera identidad. La pareja vivirá entonces unas jornadas inolvidables.",7.9,https://image.tmdb.org/t/p/w500/1YGhKpQpojziGyv4XE1hzo2jKtN.jpg
Dragon Ball Super: Super Hero,ドラゴンボール超 スーパーヒーロー,2022,"Animación, Ciencia ficción, Acción",99,"Son Goku destruyó en su momento al Ejército Red Ribbon. Ahora, ciertos individuos han decidido continuar con su legado y han creado a los androides definitivos: Gamma 1 y Gamma 2. Estos dos androides se autoproclaman ""superhéroes"" y deciden atacar a Piccolo y a Gohan. ¿Cuál es el objetivo del Nuevo Ejército Red Ribbon?  Ante un peligro inminente, ¡llega el momento del despertar del Superhéroe!",7.887,https://image.tmdb.org/t/p/w500/dZH9gp0XQnjzYRYMGSwateGIXlB.jpg
Captain Fantastic,Captain Fantastic,2016,"Drama, Comedia",118,Ben es un padre que ha pasado diez años viviendo en los remotos bosques situados al noroeste del Pacífico criando a sus seis hijos. Sin embargo un día la familia debe abandonar su modo de vida en la naturaleza y volver a la civilización. Asimilar su nueva situación y adaptarse de nuevo a la sociedad moderna no les va a resultar nada sencillo.,7.9,https://image.tmdb.org/t/p/w500/3thX29LhgABdfkpvUb9YOJjRIu4.jpg
El diario de Noa,The Notebook,2004,"Romance, Drama",124,"En una residencia de ancianos, un hombre mayor lee a una mujer una historia de amor escrita en su viejo libro de notas. El libro cuenta la vida en los años 40 de Noah Calhoun y Allie Nelson, dos jóvenes adolescentes de Carolina del Norte que, a pesar de vivir en dos ambientes sociales muy diferentes, pasaron un verano idílico juntos y profundamente enamorados, antes de ser separados, primero por sus padres, y más tarde por la Segunda Guerra Mundial.",7.887,https://image.tmdb.org/t/p/w500/gFCnDKfsZWzyv9sweizVC4EWn06.jpg
Rebeca,Rebecca,1940,"Misterio, Romance, Suspense, Drama",130,"Al poco tiempo de perder a su esposa Rebeca, el aristócrata inglés Maxim De Winter conoce en Montecarlo a una joven humilde, dama de compañía de una señora americana. De Winter y la joven se casan y se van a vivir a la mansión inglesa de Manderley, residencia habitual de De Winter. Pronto la señora Winter se da cuenta de que no puede borrar en su marido el recuerdo de su difunta esposa.",7.887,https://image.tmdb.org/t/p/w500/mJV2zrflpTaAcFgfgQc2VJboZ0Y.jpg
Olvidado,기억의 밤,2017,"Suspense, Misterio, Crimen",109,"Seúl, Corea del Sur, 1997. Cuando el joven pero extremadamente ansioso estudiante Jin-seok, sus padres y su exitoso hermano mayor Yoo-seok se mudan a un nuevo hogar, hechos misteriosos y aterradores comienzan a suceder a su alrededor, eventos inexplicables que amenazan con arruinar sus vidas aparentemente felices. Incapaz de entender lo que está pasando, Jin-seok se pregunta si está perdiendo la cabeza.",7.886,https://image.tmdb.org/t/p/w500/hZZgHdIWdjFthMtH8pS9jgVuScz.jpg
Persépolis,Persepolis,2007,"Animación, Drama",95,"Marjane Satrapi (Gabrielle Lopes) es una niña iraní de 8 años que sueña con ser profeta para salvar el mundo. Querida por sus padres y adorada por su abuela, Marjane sigue atenta los acontecimientos que provocan la caída del Shah y de su régimen brutal para dejar paso a una República Islámica que controla la manera de vestir y de actuar de la gente. Ésto provoca que Marjane se vea obligada a llevar velo, lo que la anima a convertirse en una revolucionaria.",7.886,https://image.tmdb.org/t/p/w500/1XSTjORhsqSQgdYTzHrAuPDVC2.jpg
Una historia del Bronx,A Bronx Tale,1993,"Drama, Crimen",121,"Años 60. El gángster Sonny es el rey del barrio del Bronx, donde vive el pequeño Calogero. Un tiroteo, presenciado por el niño, es el punto de partida de una duradera relación entre el gángster y el pequeño. Lorenzo Anello, padre del chico y un honrado conductor de autobuses, desaprueba esta relación. A pesar de ello, el muchacho crece bajo la protección de los dos hombres, dividido entre su honradez natural y su fascinación por Sonny. Sin embargo, llegará un momento en el que Calogero (Lillo Brancato) no tendrá más remedio que tomar una decisión sobre el camino que debe seguir.",7.886,https://image.tmdb.org/t/p/w500/mwW3SOA1SSxySZQRI7tx7Wo3kLy.jpg
En busca de la felicidad,The Pursuit of Happyness,2006,Drama,115,"Chris Gardner es un vendedor brillante y con talento, pero su empleo no le permite cubrir sus necesidades más básicas. Tanto es así que acaban echándolo, junto a su hijo de cinco años, de su piso de San Francisco y no tienen ningún lugar al que ir. Cuando Gardner consigue hacer unas prácticas en una prestigiosa correduría de bolsa, los dos protagonistas tendrán que afrontar muchas adversidades parar hacer realidad su sueño de una vida mejor. Basada en hechos reales.",7.886,https://image.tmdb.org/t/p/w500/qF6JFr6IdfNep0x6yw3i7S8avAb.jpg
Suzume,すずめの戸締まり,2022,"Animación, Drama, Aventura, Fantasía",121,"Suzume, una joven chica de diecisiete años que vive en un pueblo tranquilo en la región de Kyushu, en el suroeste de Japón. La historia comienza cuando Suzume conoce a un misterioso joven que busca una 'puerta'. Los dos viajan juntos y encuentran una puerta vieja en una casa abandonada en las montañas. Como si algo tirara de ella, Suzume extiende su mano hacia la puerta, lo que comienza una serie de eventos desafortunados en todo Japón.",7.9,https://image.tmdb.org/t/p/w500/j61GLMo7nWcNwHneL0lhT4NvgCH.jpg
My Hero Academia: Dos héroes,僕のヒーローアカデミア THE MOVIE ～2人の英雄～,2018,"Animación, Acción, Aventura, Fantasía",95,All Might y Deku aceptan una invitación para visitar una ciudad flotante llamada I Island donde conocen a una chica y pelean contra un villano que tiene a toda la isla de rehén.,7.885,https://image.tmdb.org/t/p/w500/9LjBVBcRM0VW2yywXu5p6bqX965.jpg
Un gato callejero llamado Bob,A Street Cat Named Bob,2016,"Familia, Drama",103,"Un día James Bowen, un músico callejero de Londres, se encuentra en su apartamento un gato herido abandonado al que llama Bob... Basado en un bestseller del propio James Bowen (A Street Cat Named Bob, and How he Saved my Life) que estuvo en Inglaterra 52 semanas consecutivas en la lista de los más vendidos.",7.9,https://image.tmdb.org/t/p/w500/2UbeVhIHUVAkFJvHA94TwRCvRhs.jpg
Divorcio a la italiana,Divorzio all'italiana,1961,"Comedia, Crimen",105,"Un barón siciliano, después de doce años casado con Rosalia, se ha enamorado locamente de Angela, su sobrina, una linda joven de dieciséis años. Cuando descubre que Angela le corresponde, empieza a pensar en el método más seguro para deshacerse de su mujer. Decide entonces inducirla a la infidelidad y después matarla. En aquella época, las leyes italianas castigaban los llamados ""delitos de honor"" con penas mínimas. Como Rosalia es una mujer decente, el plan no funciona, hasta que regresa al pueblo Carmelino, un antiguo admirador suyo.",7.9,https://image.tmdb.org/t/p/w500/8mKCmDa2MsEB19IQwJuKODyhi3u.jpg
La Liga de la Justicia: La paradoja del tiempo,Justice League: The Flashpoint Paradox,2013,"Animación, Acción, Ciencia ficción",75,"Barry Allen despierta en una realidad alternativa, donde descubre que ningun héroe de la Liga de la Justicia existe, a excepción de Batman, Aquaman y Wonder Woman; estos dos últimos tienen una enorme guerra, incluso los Atlantes de Aquaman inundaron Europa y las Amazonas conquistaron Inglaterra.",7.9,https://image.tmdb.org/t/p/w500/jOIH3wCtz3y4DonPDoHqSz0VjDj.jpg
El niño que domó el viento,The Boy Who Harnessed the Wind,2019,"Drama, Historia",113,Un chico de la República de Malaui decide ayudar a las personas de su pueblo construyendo una turbina después de leer un libro en el que se explican los pasos para su creación. Película basada en el libro homónimo de William Kamkwamba y Bryan Mealer,7.883,https://image.tmdb.org/t/p/w500/f9LYaF5Q4pfaF8Gzk64S78VLBKh.jpg
El infierno,El Infierno,2010,"Acción, Crimen, Western, Comedia, Drama",145,"En el marco de las fiestas del Bicentenario de independencia, Benjamín García, cómo miles de paisanos, regresa a su pueblo deportado de U.S.A. y encuentra un panorama desolador provocado por la crisis económica y la violencia demencial que azotan el lugar. Sin otra opción, y para salvar a su familia de la miseria, García se involucra en el negocio del narco en el que tiene, por primera vez en su vida, una fulgurante prosperidad, pero también un triste y dramático final. Sátira de cáustico humor negro, sobre el mundo del narco, la crisis económica, la corrupción y la violencia irracional que nos aquejan, EL INFIERNO nos lleva a preguntarnos: ¿Habrá este 2010, algo que celebrar?",7.883,https://image.tmdb.org/t/p/w500/AmeFXyTGRIUD8HZPYBG6sJMWj3x.jpg
El violín de mi padre,Babamın Kemanı,2022,"Drama, Música",112,"A través de su dolor compartido y conexión con la música, una niña huérfana se une a su tío violinista exitoso y emocionalmente distante.",7.882,https://image.tmdb.org/t/p/w500/aOnuOKJsD0aianDG9UJ5DzUrWNl.jpg
Remi: Una aventura extraordinaria,Rémi sans famille,2018,"Aventura, Familia, Drama",110,"Las aventuras del joven Rémi, un huérfano recogido por la dulce Señora Barberin. Con 10 años, es arrebatado de su madre adoptiva y confiado a Vitalis, un misterioso músico itinerante. A su lado, aprenderá la dura vida del acróbata y cantará para ganarse su pan. Acompañado por el fiel perro Capi y el pequeño mono Joli-Coeur, su largo viaje por Francia, lleno de encuentros, amistades y ayuda mutua, lo llevará al secreto de sus orígenes.",7.9,https://image.tmdb.org/t/p/w500/2c2Bnz8qyiEWp35okvP0MriAGCo.jpg
Dangal,दंगल,2016,"Drama, Familia, Comedia",161,Mahavir Singh Phogat es un entrenador de lucha libre que prepara a sus hijas Babita Kumari y Geeta.,7.878,https://image.tmdb.org/t/p/w500/1CoKNi3XVyijPCvy0usDbSWEXAg.jpg
La jetée,La Jetée,1962,"Drama, Romance, Ciencia ficción",29,Un hombre se enfrenta a su pasado durante un experimento que intenta encontrar una solución a los problemas de un mundo postapocalíptico causados por una guerra mundial.,7.879,https://image.tmdb.org/t/p/w500/h8DykeLWkZtG1wKcIqBj82ffwoU.jpg
Dangal,दंगल,2016,"Drama, Familia, Comedia",161,Mahavir Singh Phogat es un entrenador de lucha libre que prepara a sus hijas Babita Kumari y Geeta.,7.878,https://image.tmdb.org/t/p/w500/1CoKNi3XVyijPCvy0usDbSWEXAg.jpg
Kill Bill: Volumen 2,Kill Bill: Vol. 2,2004,"Acción, Crimen, Suspense",136,"Tras eliminar a algunos de los miembros de la banda que intentó asesinarla el día de su boda, ""Mamba Negra"" prosigue su venganza e intenta acabar con el resto de la banda, en especial con su antiguo jefe, Bill, que la dio por muerta dejándola en coma.",7.878,https://image.tmdb.org/t/p/w500/oEbYyyl3w2dptDZCfXr8NHEHFkl.jpg
Luna de papel,Paper Moon,1973,"Comedia, Crimen, Drama",102,"Estados Unidos, años 30. Durante la época de la Gran Depresión y la Ley Seca, un estafador de poca monta que intenta vender biblias a las viudas, se hace cargo a regañadientes del cuidado de la hija de una antigua amante. La niña no sólo aprende rápidamente todos los trucos del oficio de su protector, sino que incluso le ayuda, en algunas ocasiones, a salir de apuros. Una comedia dramática con excelentes críticas, especialmente en Estados Unidos.",7.875,https://image.tmdb.org/t/p/w500/qWHm1lnvICCUs0PpsoqGCDrfYI.jpg
Umberto D.,Umberto D.,1952,Drama,91,"Umberto Doménico Ferrari es un jubilado que intenta sobrevivir con su miserable pensión. Sumido en la pobreza, vive en una pensión, cuya dueña lo maltrata porque no consigue reunir el dinero necesario para pagar el alquiler de su habitación. Los únicos amigos que tiene en este mundo son una joven criada y sobre todo su perro Flike.",7.875,https://image.tmdb.org/t/p/w500/1xn9TLPX5D2hAqCuMTenTmtT4ns.jpg
Mamma Roma,Mamma Roma,1962,Drama,110,"Mamma Roma es una prostituta que sueña con un bienestar pequeño-burgués. Tras la boda de su protector, se traslada con su hijo Héctor a un barrio decente, donde regenta un puesto de frutas en el mercadillo popular. Héctor es un muchacho de carácter débil e influenciable que se deja arrastrar por los amigos y se enamora de Bruna, una chica que lo inicia en los secretos del amor.",7.9,https://image.tmdb.org/t/p/w500/8ueRp1xACnhWCc9pmgimugBsSTc.jpg
Amarcord,Amarcord,1973,"Comedia, Drama",123,"Historia de un hombre que un día se da cuenta de que apenas reconoce a las personas con las que ha vivido durante años, hasta el punto de que su propia esposa e hijos le parecen extraños y todo lo que lo rodea le resulta opaco e indiferente. Se lanza entonces a la búsqueda desesperada de algún punto de referencia para recuperar su identidad y no hundirse en el caos. Emprende así, a través de las ilimitadas regiones de la memoria, un viaje que lo conduce a la infancia, a la época en que era un niño que vivía en un pequeño pueblo costero; a la Italia de los años treinta, cuando el fascismo había alcanzado el punto culminante de su apogeo.",7.874,https://image.tmdb.org/t/p/w500/i2BL91OVOONviajAE0VlbMAyOm9.jpg
Mary and Max,Mary and Max,2009,"Animación, Comedia, Drama",88,"Narra la larga amistad por correspondencia entre un cuarentón judío y obeso de Nueva York, y una niña australiana de 8 años que vive en los suburbios de Melbourne.",7.873,https://image.tmdb.org/t/p/w500/ebmsM382m9IClLUzKYY2U5biFwM.jpg
Gritos y susurros,Viskningar och rop,1972,Drama,91,"Ante la proximidad de la muerte de una de ellas, tres hermanas se reúnen en la vieja mansión familiar. Una vez en la casa, comienzan a recordar el pasado, y cuando la enferma entra en la agonía desvela la parte más oscura y tortuosa de su vida.",7.9,https://image.tmdb.org/t/p/w500/sr8qYAG8JP33goQC87Ym4d16njF.jpg
Amor de gata,泣きたい私は猫をかぶる,2020,"Animación, Drama, Romance, Fantasía",104,"Una chica se transforma en un gato para llamar la atención del chico que le gusta. Sin darse cuenta, la línea entre lo humano y lo animal comienza a desdibujarse.",7.9,https://image.tmdb.org/t/p/w500/3QJ4yVmSxuLQX8vHW4elcqUa1T8.jpg
Bad Genius,ฉลาดเกมส์โกง,2017,"Drama, Crimen, Suspense, Comedia",130,"Bienvenido al negocio de chuletas para exámenes dirigido por Lynn, una estudiante brillante que encuentra la idea de negocio después de ayudar a Grace y Pat. Grace es una destacada activista escolar que no puede obtener las calificaciones que necesita. Pat es un chico rico y sucio que cree que el dinero puede comprar cualquier cosa. El negocio de Lynn se dispara y se inunda de dinero cuando decenas de estudiantes ofrecen su dinero a cambio de respuestas al examen.",7.865,https://image.tmdb.org/t/p/w500/gMjFHzyhamOKdqMhrT4cJ5Hp0cb.jpg
Relatos salvajes,Relatos salvajes,2014,"Drama, Suspense, Comedia",119,"La desigualdad, la injusticia y la exigencia del mundo en que vivimos producen que muchas personas se estresen o se depriman. Algunas explotan. Esta es una película sobre ellos. Vulnerables ante una realidad que súbitamente se altera y se torna impredecible, los protagonistas cruzan la delgada frontera que divide a la civilización de la barbarie. Una traición amorosa, el retorno de un pasado reprimido, o la violencia contenida en un detalle cotidiano, se presentan para impulsarlos al vértigo de perder los estribos, al innegable placer de perder el control.",7.865,https://image.tmdb.org/t/p/w500/vimbRR5XdkMj7CqnzVN92Cla8jN.jpg
Mortal Kombat II,Mortal Kombat II,2026,"Acción, Fantasía, Aventura",116,"Los campeones favoritos de los fans, ahora acompañados por el propio Johnny Cage, se enfrentan cara a cara en la definitiva y sangrienta batalla a muerte para vencer al oscuro régimen de Shao Kahn, que amenaza la existencia del Reino de la Tierra y a sus defensores.",7.9,https://image.tmdb.org/t/p/w500/ivVKHht5jutNGnObn1y5sSDrAXn.jpg
Ya no estoy aquí,Ya no estoy aquí,2019,Drama,112,"Después de un malentendido con una pandilla local, el joven Ulises debe cruzar la frontera para salvar la vida. Deja atrás a su banda y la cumbia, la música que adora.",7.868,https://image.tmdb.org/t/p/w500/min2PJ67s9HUD5ZeCSKTfSgniSC.jpg
"El gangster, el policía y el diablo",악인전,2019,"Acción, Crimen, Suspense",110,Un jefe de la mafia (Ma Dong-seok) y un oficial de policía responsable de un sanguinario comando (Kim Mu-yeol) tendrán que dejar a un lado sus diferencias para unirse en la persecución de un asesino de nombre K (Kim Sung-kyun).,7.866,https://image.tmdb.org/t/p/w500/o9rByfNAkGJuXOSQLQ6UpUfGTOQ.jpg
Jóvenes Titanes: Misión Tokio,Teen Titans: Trouble in Tokyo,2006,"Animación, Acción, Ciencia ficción, Película de TV",75,"Cuando unos ninjas con altas tecnologías atacan la torre de la ciudad, Robin, Starfire, Cyborg, Raven y Beast Boy entran en acción. Robin descubre que los ninjas han sido enviados por el misterioso y amenazante criminal japonés conocido como Brushogun, por lo que los titanes deberán viajar hasta Tokio para detener al villano. (FILMAFFINITY)",7.863,https://image.tmdb.org/t/p/w500/qaDfL5fQru8ecfCrpCMH1T4dSaR.jpg
El hundimiento,Der Untergang,2004,"Drama, Historia, Bélica",155,"Berlín, abril de 1945. En las calles de Berlín se libra una encarnizada batalla. Hitler y sus fieles se han atrincherado en un búnker. Entre ellos se encuentra Traudl Junge, la secretaria personal del Führer. En el exterior, la situación se recrudece. A pesar de que Berlín ya no puede resistir más, Hitler se niega a abandonar la ciudad y, acompañado de Eva Braun, prepara su despedida.",7.863,https://image.tmdb.org/t/p/w500/wQRPfXAB0ORHECs589voFy71ilm.jpg
El sabor del sake,秋刀魚の味,1962,Drama,112,"Shubei Hirayama es un viudo que vive con su hija de veinticuatro años. Sintiéndose viejo y acabado, el hombre se da cuenta de que ella debería vivir su vida y no tener la obligación de cuidarle permanentemente, así que decide casarla. Aunque su hija se resiste a abandonar a su progenitor, finalmente acabará haciéndolo. Shubei buscará en el licor del sake el refugio de la soledad, el consuelo de la angustia.",7.9,https://image.tmdb.org/t/p/w500/c41bRzbloKjPdQfwEyMB8et0M98.jpg
Ron da error,Ron's Gone Wrong,2021,"Animación, Ciencia ficción, Familia, Comedia",107,"Ambientada en un mundo donde los robots se han convertido en los mejores amigos de los niños, Barney, un niño de 11 años, descubre que su amigo robot no funciona del todo porque ha sido dañado durante el transporte para su entrega.",7.86,https://image.tmdb.org/t/p/w500/1kkVXCAy11pZEyVn1BJsJTN2kOc.jpg
La ley del silencio,On the Waterfront,1954,"Crimen, Drama, Romance",108,"El exboxeador Terry Malloy podría haber sido un serio aspirante al título, pero se ve obligado a ganarse la vida trabajando para Johnny Friendly, el jefe de la conflictiva banda de gánsteres de la ciudad. Cuando dos de los matones de Friendly asesinan brutalmente a un hombre, Terry comienza a sentirse culpable con la vida que lleva, iniciando una peligrosa lucha para derrocar el imperio del hampa",7.863,https://image.tmdb.org/t/p/w500/rf342b70NdNhZIIQWFKa8sSDyf6.jpg
La joven y el mar,Young Woman and the Sea,2024,"Historia, Drama",100,"Esta es la extraordinaria historia real de Trudy Ederle, la primera mujer que cruzó el canal de la Mancha a nado. Gracias al apoyo inquebrantable de su hermana mayor y sus entrenadores, supera todas las adversidades, así como la hostilidad de una sociedad patriarcal, y logra llegar a lo más alto del equipo olímpico de natación y completar con éxito la travesía de 33 kilómetros entre Francia e Inglaterra.",7.858,https://image.tmdb.org/t/p/w500/oyQXRZD0CHC4sf3lMph3X3cJzSw.jpg
Aprender a soltar,Släpp taget,2024,Drama,110,"Descubrir lo que de verdad importa. En el centro está Stella. Lo tiene todo bajo control... excepto la constante necesidad de atención de su hijo en edad preescolar, los cambios de humor adolescentes de su hija y su marido, emocionalmente inaccesible. La familia está a punto de romperse cuando Stella recibe un mensaje que lo cambia todo. Decide hacer un viaje con su familia en el que tendrá que conseguir lo imposible para volver a unirla.",7.859,https://image.tmdb.org/t/p/w500/wKxpBxdrLqXlYKTemPuYL0Y30dV.jpg
Un rescate de huevitos,Un rescate de huevitos,2021,"Animación, Comedia, Aventura, Familia",88,Toto y Di son los padres de dos hermosos huevos: Uly y Max.,7.9,https://image.tmdb.org/t/p/w500/72azVZArwRGSdTlQnLOSdLsyZJ7.jpg
Sing Street,Sing Street,2016,"Romance, Drama, Música, Comedia",106,"Cuenta la historia de Cosmo, un niño de 14 años que crece en el Dublín de los 80 y tiene la intención de huir de su complicado hogar. Compone canciones con su banda, como una forma de lucha y publica controvertidos vídeos musicales.",7.859,https://image.tmdb.org/t/p/w500/iKoje7m27iCOAxvfhQQKNolXts7.jpg
La gran ilusión,La Grande Illusion,1937,"Drama, Historia, Bélica",114,"Primera Guerra Mundial (1914-1918). Una obra maestra del cine mundial sobre la camaradería y las relaciones humanas que retrata el día a día de unos prisioneros franceses en un campo de concentración alemán durante la Primera Guerra Mundial. Cuando llegan al campo dos oficiales de la aviación francesa, son informados por sus compañeros de barracón de que están excavando un túnel para poder escapar de allí.",7.859,https://image.tmdb.org/t/p/w500/oU882MmvJ6ZI03UA8Oz3SFKwDlX.jpg
Sword Art Online Progressive: Aria de una Noche sin Estrellas,劇場版 ソードアート・オンライン-プログレッシブ- 星なき夜のアリア,2021,"Animación, Acción, Fantasía, Ciencia ficción",97,"La historia comienza un mes después del inicio del incidente de Sword Art Online. De las 10,000 personas atrapadas al principio, 2,000 ya han sucumbido y el primer jefe ni siquiera ha sido derrotado aún.  Poco a poco, los jugadores pierden la esperanza, pero un grupo decide darlo todo e ir a desafiar al jefe en el primer piso. Es en esta ocasión Kirito y Asuna se encontrarán por primera vez.",7.9,https://image.tmdb.org/t/p/w500/9ThTNa9XRWBc1v6PZACXySOk2Jf.jpg
El gran showman,The Greatest Showman,2017,Drama,105,"Biopic sobre Phineas Taylor Barnum (1810-1891), un empresario circense estadounidense que fundó el ""Ringling Bros. and Barnum & Bailey Circus"", conocido como ""el mayor espectáculo en la tierra"".",7.857,https://image.tmdb.org/t/p/w500/5HjkqEeLPubkMPM9TgV6kB3Iyn0.jpg
Temple Grandin,Temple Grandin,2010,"Drama, Historia",108,"Biopic sobre Temple Grandin, una mujer autista nacida en 1947 que se convirtió en una de las científicas más brillantes de su tiempo",7.9,https://image.tmdb.org/t/p/w500/gQhQ6yEkUkDDo1zugpq46PJN8xZ.jpg
Vincent,Vincent,1982,"Animación, Fantasía",6,"El joven Vincent aspira a ser como Vincent Price, lo que le hace soñar despierto ante la desesperación de su madre.",7.857,https://image.tmdb.org/t/p/w500/sH8CMLnuXbQv9T61mUCPHxZotDJ.jpg
La noche del cazador,The Night of the Hunter,1955,"Crimen, Drama, Suspense",93,"Tras realizar un atraco en el que han muerto dos personas, Ben Harper regresa a su casa y esconde el botín confiando el secreto a sus hijos. En la cárcel, antes de ser ejecutado, comparte celda con Harry Powell y en sueños habla del dinero. Tras ser puesto en libertad, Powell, obsesionado por apoderarse del botín, va al pueblo de Harper, enamora a su viuda y se casa con ella.",7.858,https://image.tmdb.org/t/p/w500/fpRmDxRLAKCSW3HiJSz3RnBb5GI.jpg
El jovencito Frankenstein,Young Frankenstein,1974,Comedia,106,El nieto del legendario doctor Frankenstein se ha convertido en un reconocido neurocirujano que debe hacerse cargo del castillo de su abuelo. Ayudado por el jorobado Igor y una escultural asistente decide recrear el experimento de su ancestro.,7.855,https://image.tmdb.org/t/p/w500/ai5w3uAAwqeKdJhypxo9zZVCizC.jpg
Una mente maravillosa,A Beautiful Mind,2001,"Drama, Romance",134,"Obsesionado con la búsqueda de una idea matemática original, el brillante estudiante John Forbes Nash llega a Princeton para realizar sus estudios de postgrado. Es un muchacho extraño y solitario, al que sólo comprende su compañero de cuarto. Por fin, Nash esboza una revolucionaria teoría y consigue una plaza de profesor en el MIT. Alicia Lardé, una de sus alumnas, lo deja fascinado al mostrarle que las leyes del amor están por encima de las de las matemáticas. Gracias a su prodigiosa habilidad para descifrar códigos es reclutado por Parcher William, del departamento de Defensa, para ayudar a los Estados Unidos en la Guerra Fría contra la Unión Soviética.",7.856,https://image.tmdb.org/t/p/w500/6zyZ6cauEgSbfii9I7gOvGNyPGv.jpg
Despedidas,おくりびと,2008,Drama,130,"Daigo es un violonchelista al que despiden de la orquesta donde trabaja. Su mujer y él deciden volver a su pueblo, donde la vida es más barata. Creyendo que está siendo entrevistado para un trabajo en una agencia de viajes, se da cuenta que el trabajo que le ofrecen está relacionado con partidas y viajes sin regreso.",7.9,https://image.tmdb.org/t/p/w500/eSL8zpnKVC45AEhD3Dam8rEqWdK.jpg
Dogman,Dogman,2023,"Acción, Drama, Crimen",115,"Un chico, magullado por la vida, encuentra su salvación a través del amor de sus perros.",7.852,https://image.tmdb.org/t/p/w500/1QTJoyA6sN6Y3nUFZzKSEUZ6DVc.jpg
Cuestión de justicia,Just Mercy,2019,"Drama, Crimen, Historia",140,"Cuenta la historia real del joven abogado Bryan Stevenson y de su histórica batalla por la justicia. Después de licenciarse en Harvard, Bryan recibe ofertas de trabajo muy lucrativas. Pero él prefiere poner rumbo a Alabama para defender a personas que han sido condenadas erróneamente o que carecían de recursos para tener una representación legal adecuada, y lo hace con el apoyo de la activista local Eva Ansley. Uno de sus primeros y más turbulentos casos es el de Walter McMillian, que en 1987 fue sentenciado a la pena muerte por el asesinato de una chica de 18 años, a pesar de que las pruebas demostraban ostensiblemente su inocencia. En los años posteriores, Bryan se ve envuelto en un laberinto de maniobras legales y políticas y de un racismo abierto y descarado mientras lucha por Walter y otros como él, a pesar de tenerlo todo en su contra, incluido el sistema legal.",7.854,https://image.tmdb.org/t/p/w500/sk6EhhB6vOmVGr60dEKrk0fcg9f.jpg
Perfectos desconocidos,Perfetti sconosciuti,2016,Drama,97,"Siete amigos que lo son desde hace años (tres parejas y un soltero) se reencuentran en una cena en la que deciden jugar a un juego extraño y arriesgado: ponen sus smartphone sobre la mesa y al grito de “no tenemos nada que ocultar”, deciden compartir los mensajes y las llamadas que cada uno de ellos reciba durante la noche, en una especie de ruleta rusa a golpe de SMS y tonos de llamada.",7.854,https://image.tmdb.org/t/p/w500/fnhAZvv3glA4NeT9Tacn0AaZ8v0.jpg
Mujercitas,Little Women,2019,"Drama, Romance",135,"Amy, Jo, Beth y Meg son cuatro hermanas adolescentes que se embarcan en unas vacaciones con su madre, pero sin su padre, un evangelista itinerante. A medida que atraviesan el estado de Massachusetts, sumido en plena Guerra Civil, descubren el amor y la importancia de los lazos familiares.",7.9,https://image.tmdb.org/t/p/w500/z2wBWFEQ9FE0RcjmWXz3vvSNPfT.jpg
Millennium Actress,千年女優,2002,"Animación, Drama, Romance",87,"Hace treinta años, Chiyoko Fujiwara fue la estrella más importante del cine japonés, pero, de repente, desapareció. Uno de sus mayores admiradores, el realizador de documentales Genya Tachibana, viaja hasta el apartado refugio de montaña en el que vive para entrevistarla. Una vez allí, entrega a su ídolo de juventud una vieja llave que encontró entre los restos de su antiguo estudio. Como si la llave hubiera abierto las puertas de su memoria, Chiyoko comienza a recordar la historia de su vida. De esta forma, viaja desde el remoto pasado hasta el distante futuro a través de mil años, traspasando la frontera que separa la realidad de las películas que han formado gran parte de su vida...",7.9,https://image.tmdb.org/t/p/w500/zE9dDm7ImMKazPDKXiWElOqki0m.jpg
Indiana Jones y la última cruzada,Indiana Jones and the Last Crusade,1989,"Aventura, Acción",127,"En 1938, dos años después de encontrar el Arca de la Alianza, Indiana Jones es convencido por un millonario para que lo ayude a encontrar el Santo Grial antes de que caiga en manos del ejército nazi. Sin embargo, el verdadero motivo para involucrarse es encontrar a su padre, el doctor Henry Jones, con quien ha mantenido una fría relación desde su juventud y que ha desaparecido mientras seguía la pista del tesoro bíblico.",7.852,https://image.tmdb.org/t/p/w500/5h45gK147AAJpLLC7Cicr597urz.jpg
Nimona,Nimona,2023,"Animación, Familia, Fantasía, Aventura, Ciencia ficción, Acción",101,Un caballero acusado de un trágico crimen se alía con una peleona joven metamorfa para demostrar su inocencia. Pero ¿podría ser ella el monstruo al que juró destruir?,7.851,https://image.tmdb.org/t/p/w500/oWRY8HRXI1DVWB7rNvpmFWwSnCC.jpg
"Monstruos, S.A.","Monsters, Inc.",2001,"Animación, Comedia, Familia, Fantasía",88,"Monsters Inc. es la mayor empresa de miedo del mundo, y James P. Sullivan es uno de sus mejores empleados. Asustar a los niños no es un trabajo fácil, ya que todos creen que los niños son tóxicos y no pueden tener contacto con ellos. Pero un día una niña se cuela sin querer en la empresa, provocando el caos.",7.851,https://image.tmdb.org/t/p/w500/g3SgHEb5ej2MioGfYLrZVshF909.jpg
Fargo,Fargo,1996,"Crimen, Drama, Suspense",98,"Un hombre apocado y tímido, casado con la hija de un millonario que le impide disfrutar de su fortuna, decide contratar a dos delincuentes para que secuestren a su mujer con el fin de montar un negocio propio con el dinero del rescate. Pero, por una serie de azarosas circunstancias, al secuestro se suman tres brutales asesinatos, lo que obliga a la policía a intervenir.",7.851,https://image.tmdb.org/t/p/w500/e25EHAVCA16rnbeAYl8qrSrc942.jpg
The Breadwinner (El pan de la guerra),The Breadwinner,2017,"Animación, Bélica, Drama, Familia",93,"Parvana es una chica de once años que vive en la capital de Afganistán, Kabul, durante el periodo de dominio de los talibanes. Al ser su padre detenido, los miembros de la familia se quedan sin recursos y, debido a que las mujeres tienen prohibido ganar dinero, deciden transformar a Parvana en un chico para poder trabajar.",7.85,https://image.tmdb.org/t/p/w500/oTjohNT1lxSe4nHtQaDuIWdzQc5.jpg
El retorno de los magos: Alex vs. Alex,The Wizards Return: Alex vs. Alex,2013,"Familia, Comedia, Película de TV, Fantasía",64,"La familia Russo y sus amigos se dirigen a la Toscana, Italia, para cumplir con su tiempo perdido familiares. Pero cuando Alex intenta demostrar que es más que una apariencia, las cosas se complican.",7.852,https://image.tmdb.org/t/p/w500/arSJXWb2MipcD9ksgG59fbQLFlB.jpg
El manantial de la doncella,Jungfrukällan,1960,"Drama, Historia",89,"Suecia, siglo XIV. Como cada verano, una doncella debe hacer la ofrenda de las velas en el altar de la Virgen. El rey Töre envía a su hija Karin en compañía de Ingrid, una muchacha que odia a Karin en secreto. Antes de cruzar el bosque, Ingrid se detiene y abandona a la princesa, pero la muchacha prosigue su camino y se encuentra con unos pastores, aparentemente afables, que la invitan a compartir su comida.",7.85,https://image.tmdb.org/t/p/w500/32tSnaB94OEt85QtMWjO7vaugUH.jpg
Isla de perros,Isle of Dogs,2018,"Aventura, Comedia, Animación",101,"Un Japón distópico, dentro de 20 años. La saturación canina ha alcanzado proporciones de epidemia en Megasaki. Un brote de gripe canina se propaga, por eso, el Mayor Kabayashi dicta una orden de emergencia decretando la cuarentena. Isla Basura es el lugar donde se evacua a todos los perros. Allí, un grupo de aterradores perros alfa, encabezados por Chief, han perdido toda esperanza de volver con sus dueños. Hasta que un día aparece Atari, un niño de 12 años, sobrino del malvado Mayor, que llega hasta la isla pilotando un avión. Su objetivo es buscar a su perro Spots. Esté donde esté, el niño y la manada perruna lo encontrarán.",7.849,https://image.tmdb.org/t/p/w500/8Ix63RomDVTuz6r7lib403lEF6h.jpg
La leyenda de la llorona,La Leyenda de la Llorona,2011,"Animación, Familia, Fantasía, Terror",85,"Leo San Juan, a un año de haber derrotado al espíritu de La Nahuala, se enfrenta ahora a su primera gran misión: liberar a Xochimilco de La Llorona, el espíritu de una mujer que durante cientos de años ha asolado a la comunidad y ha secuestrado a decenas de niños. Con la ayuda de El Alebrije, Don Andrés y los niños Calaca, Leo planea vencerla. Sin embargo, el poder de ella hará que nuestro héroe y sus aliados se separen, enfrentando cada quien por su lado los peligros que aparecen en un Xochimilco embrujado por las lágrimas de La Llorona y las fuerzas obscuras que, desde la antigüedad, acechan detrás de este terrible monstruo.",7.849,https://image.tmdb.org/t/p/w500/vBiqoYfDIWKKzZTiQScqgCO09UD.jpg
Tarde de perros,Dog Day Afternoon,1975,"Crimen, Drama, Suspense",125,"Unos delincuentes de poca monta deciden atracar la sucursal de un banco de Brooklyn. Sin embargo, debido a su inexperiencia, el robo, que había sido planeado para ser ejecutado en apenas diez minutos, se convierte en una trampa para los atracadores y en un espectáculo para la televisión en directo.",7.8,https://image.tmdb.org/t/p/w500/ctcUXNlnddo9ndUK0w7w6CZQpig.jpg
Un lugar donde rezar,War Room,2015,Drama,120,"Tony y Elizabeth Jordan lo tienen todo, grandes puestos de trabajo, una hermosa hija, y su casa de ensueño. Pero las apariencias pueden ser engañosas. Tony y el mundo de Elizabeth Jordan en realidad se está desmoronando bajo el peso de un matrimonio fracasado. Mientras, Tony se regodea en su éxito profesional y coquetea con la tentación, Elizabeth se resigna a la creciente amargura. Pero su vida toma un giro inesperado cuando Elizabeth conoce a su nueva cliente, la señorita Clara, y tiene el reto de establecer un ""Cuarto de guerra"" y un plan de batalla de oración por su familia. Como Elizabeth intenta luchar por su familia, luchas ocultas de Tony salen a la luz., Tony debe decidir si va a hacer las paces con su familia y demostrar la sabiduría de la señorita Clara y que las victorias no llegan por accidente.",7.84,https://image.tmdb.org/t/p/w500/5QlSqu03pABknlQtbJkHiAnzHrS.jpg
El gran carnaval,Ace in the Hole,1951,Drama,111,"Charles Tatum es un periodista sin escrúpulos que atraviesa una mala racha a causa de su adicción al alcohol, razón por la que se ha visto obligado a trabajar en un pequeño diario de Nuevo México. Cuando un minero indio se queda atrapado en un túnel, Tatum ve la oportunidad de volver a triunfar en el mundo del periodismo. Entonces, en connivencia con el sheriff del pueblo, no sólo convierte el caso en un espectáculo, sino que, además, retrasa cuanto puede el rescate.",7.847,https://image.tmdb.org/t/p/w500/tJNUItBnWB003o14WgBMHYxPfaZ.jpg
Bailar en la oscuridad,Dancer in the Dark,2000,"Drama, Crimen",140,La película se desarrolla en Estados Unidos en el año 1964. Selma (Björk) es una inmigrante checa que se muda a aquel país con su hijo Gene. Además padece una enfermedad hereditaria degenerativa que le está ocasionando una rápida ceguera progresiva. Por este motivo Selma ahorra centavo a centavo en una lata que guarda en su cocina para pagar una operación que evite que su hijo sufra el mismo destino.,7.8,https://image.tmdb.org/t/p/w500/DibSnXZBioqf8NngFlrAlmzVs.jpg
Amor redentor,Redeeming Love,2022,"Romance, Drama, Western",134,"Situada en la Nueva Inglaterra de 1835,  la trama  sigue la historia de Angela, una pequeña que fue rechazada por su padre debido a que fue producto de una aventura adultera con su madre Mae. Desde entonces, la chica se sintió culpable de la depresión de su madre y de su propio abandono, creciendo con un evidente odio hacia los hombres, todos ellos obsesionados por la fiebre de oro de la época. En su adolescencia, Angela tuvo que venderse a la prostitución para tener un lugar donde dormir y en medio de ese odio, conoce a Michael Hosea, un hombre piadoso que parece cruzar su camino con Angela para conducirla al amor redentor de Dios, desafiando, día a día, las amargas expectativas y resistencia de ella, quien no parece creer que merece algo más en la vida, algo que pueda hacerla verdaderamente feliz.",7.845,https://image.tmdb.org/t/p/w500/vBpxJkFsfSjghmrizJr5xhQyACQ.jpg
Warrior,Warrior,2011,"Drama, Acción",140,"Un veterano de Vietnam abandona el mundo de las artes marciales mixtas para trabajar en una fundición de acero. Sus graves problemas con el alcohol han destrozado a su familia, pero llega un momento en que, arrepentido, deja la bebida y decide entrenar a su hijo más joven para que participe en un torneo de artes marciales, en el que también participará su hermano mayor.",7.845,https://image.tmdb.org/t/p/w500/4R8oxk5twJrZ5U5pYdT0oa0hnli.jpg
Los Mitchell contra las máquinas,The Mitchells vs. the Machines,2021,"Animación, Aventura, Comedia",114,"Cuando Katie es aceptada en la escuela de cine de sus sueños, su familia entera decide acompañarla. Su viaje es interrumpido por una revolución tecnológica.",7.844,https://image.tmdb.org/t/p/w500/w1eq7A9NArBbwZP9YYVJEZ2pvY.jpg
Tropa de élite 2,Tropa de Elite 2,2010,"Drama, Acción, Crimen",116,"Después de un altercado en prisión, el excapitán Nascimento, ahora oficial de seguridad de alto rango en Río de Janeiro, se ve envuelto en una sangrienta disputa política que involucra a oficiales del gobierno y grupos paramilitares.",7.844,https://image.tmdb.org/t/p/w500/geK5X7cIWap06q7J2ZiyQr2scrc.jpg
Trece vidas,Thirteen Lives,2022,"Drama, Suspense, Historia",142,"Basada en la historia real, ""Trece vidas"" es el relato del rescate de un equipo de fútbol de la cueva de Tham Luang, en Tailandia, tras quedar atrapado por las lluvias torrenciales y peligrosas inundaciones.",7.843,https://image.tmdb.org/t/p/w500/ggeL3pdF7FGyRARcCXYBwM87J4h.jpg
Puñales por la espalda,Knives Out,2019,"Comedia, Crimen, Misterio",130,"Cuando el renombrado novelista de misterio Harlan Thrombey es encontrado muerto en su mansión justo después de su 85 cumpleaños, el inquisitivo y cortés detective Benoit Blanc es misteriosamente reclutado para investigar. Se moverá entre una red de pistas falsas y mentiras interesadas para tratar de descubrir la verdad tras la prematura muerte del escritor.",7.8,https://image.tmdb.org/t/p/w500/7scJ3fVmwdSpGG87wvxH3kk0RPc.jpg
Ratatouille,Ratatouille,2007,"Animación, Comedia, Familia, Fantasía",111,"Remy es una simpática rata que sueña con convertirse en un gran chef francés a pesar de la oposición de su familia y del problema evidente que supone ser una rata en una profesión que detesta a los roedores. El destino lleva entonces a Remy a las alcantarillas de París, pero su situación no podría ser mejor, ya que se encuentra justo debajo de un restaurante que se ha hecho famoso gracias a Auguste Gusteau, una estrella de la cuisine. A pesar del peligro que representa ser un visitante poco común (y desde luego nada deseado) en los fogones de un exquisito restaurante francés, la pasión de Remy por la cocina pone patas arriba el mundo culinario parisino en una trepidante y emocionante aventura.",7.842,https://image.tmdb.org/t/p/w500/nGUelOVetiRpY2wTBMHTbrTIGYC.jpg
Bailando con lobos,Dances with Wolves,1990,"Aventura, Drama, Western",180,"En torno a 1860, en vísperas de la Guerra de Secesión y a punto de terminar el periodo de colonización del Oeste (1785-1890), el teniente John J. Dunbar se dirige a un lejano puesto fronterizo que ha sido abandonado por los soldados. Su soledad lo impulsa a entrar en contacto con los indios sioux y, gracias a ello, conoce a 'En pie con el puño en alto', una mujer blanca que fue adoptada por la tribu cuando era niña. Poco a poco, entre Dunbar y los sioux se establece una relación de respeto y admiración mutuos.",7.842,https://image.tmdb.org/t/p/w500/NYzUSchNAs0Q3K2ebPRvkPrlrs.jpg
Tod@s Caen,Tod@s Caen,2019,Comedia,120,"Adán y Mía son dos estrategas que quieren enseñarles a sus respectivos amigos las reglas para ganar el juego de ligar. En un bar se conocen y a partir de ahí, usarán sus técnicas para enamorar el uno al otro en una serie de cómicos enredos y lucha de poderes, en la que quien se enamora primero… pierde.",7.841,https://image.tmdb.org/t/p/w500/ztL8FMzGSNGfptVkfA0LCrqZNsO.jpg
Her,Her,2013,"Romance, Ciencia ficción, Drama",126,"En un futuro cercano, Theodore, un hombre solitario a punto de divorciarse que trabaja en una empresa como escritor de cartas para terceras personas, compra un día un nuevo sistema operativo basado en el modelo de Inteligencia Artificial, diseñado para satisfacer todas las necesidades del usuario. Para su sorpresa, se crea una relación romántica entre él y Samantha, la voz femenina de ese sistema operativo.",7.839,https://image.tmdb.org/t/p/w500/xPby6SuDafflEL7EWVHTFmhJsDp.jpg
Her,Her,2013,"Romance, Ciencia ficción, Drama",126,"En un futuro cercano, Theodore, un hombre solitario a punto de divorciarse que trabaja en una empresa como escritor de cartas para terceras personas, compra un día un nuevo sistema operativo basado en el modelo de Inteligencia Artificial, diseñado para satisfacer todas las necesidades del usuario. Para su sorpresa, se crea una relación romántica entre él y Samantha, la voz femenina de ese sistema operativo.",7.839,https://image.tmdb.org/t/p/w500/xPby6SuDafflEL7EWVHTFmhJsDp.jpg
Buenas migas,Feast,2014,"Animación, Comedia, Drama, Familia",6,"Vemos la historia de la vida amorosa de un hombre a través de los ojos de su mejor amigo, su perro Winston, que, mordisco a mordisco, se va revelando a través de las comidas que comparten.",7.8,https://image.tmdb.org/t/p/w500/iiKxK5ddn3pSJ8sp135Xx3MB63d.jpg
"Nicky, la aprendiz de bruja",魔女の宅急便,1989,"Animación, Familia, Fantasía",102,"Nicky no es una niña como otra cualquiera porque es aprendiz de bruja. Con solo 13 años y por tradición del oficio que está aprendiendo, la niña tiene que abandonar la casa de sus padres y buscar algún sitio donde sean necesarios sus servicios de bruja. Para emprender el viaje, Nicky se acompaña de su amigo Jiji y también de su gato; juntos, y sobre una escoba voladora, los amigos se instalan en un pueblecito que da al mar, donde la niña empezará a conocerse verdaderamente a sí misma.",7.838,https://image.tmdb.org/t/p/w500/psw0tp25DNBkdEAfwjZYcgbpgme.jpg
Cuenta conmigo,Stand by Me,1986,"Crimen, Drama",89,"En un pequeño pueblo de Oregon, cuatro jóvenes amigos salen de la ciudad en busca de un chico desaparecido: el sentimental Geordie, el rudo Chris, el extravagante Teddy y el miedoso Vern. Deseando ser vistos como héroes ante ellos mismos y ante los ojos del pueblo, emprenden una inolvidable excursión de dos días que se convierte en una aventura increíble. Fuman a escondidas, cuentan historias, sueltan tacos porque les gusta y hacen causa común cuando las cosas se ponen difíciles. Cuando se encuentran con los matones del pueblo, que armados de cuchillos también buscan el cuerpo, los chicos descubren una fuerza que nunca supieron que tenían.",7.838,https://image.tmdb.org/t/p/w500/hlUOQHgZ1k4ba34r7vjgYI4r12g.jpg
El gran Lebowski,The Big Lebowski,1998,"Comedia, Crimen",127,"El Nota es un hombre fracasado y en paro que un día es confundido con otra persona con su mismo nombre. Dos matones irrumpen en su apartamento y destrozan su alfombra creyendo que están ante Jeff Lebowski un millonario de Pasadena. El primer error de El Nota es visitar a su opulento tocayo con la esperanza de que le reponga su vieja alfombra.Sin embargo, nuestro reticente héroe y su compinche Water se ven atrapados en un thriller con toques humorísticos muy al estilo de los hermanos Coen donde se mezclan la extorsión, la traición, la decepción, el chantaje, el sexo y las drogas.",7.838,https://image.tmdb.org/t/p/w500/EJFkJD9BH400jfzKz3W5xLYHQa.jpg
Armonías de Werckmeister,Werckmeister harmóniák,2001,Drama,139,"Un circo llega a un pequeño pueblo en el que todos sus habitantes se conocen. La llegada de este circo, que promete el espectáculo de ver a un Príncipe y una ballena gigante despierta recelos en los habitantes, que comienzan a manifestarse contra los signos de violencia callejera que encuentran y que atribuyen al circo. El protagonista asistirá atónito y perplejo a todos estos acontecimientos que se desencadenan de forma precipitada.",7.837,https://image.tmdb.org/t/p/w500/rS68313VklOvQvojTQYPrctAPMZ.jpg
Una película de huevos,Una película de huevos,2006,"Animación, Comedia, Familia",90,"Un pequeño huevo llamado Toto decide que quiere cumplir su propósito en la vida y convertirse en un pollo en lugar de morir en un sartén; por lo que comienza una búsqueda para regresar a las granjas junto con su nuevo amigo, el ruidoso huevo Willy y un tocino. Los tres amigos enfrentarán muchos obstáculos en su búsqueda.",7.836,https://image.tmdb.org/t/p/w500/nOpKmdBFxUBcB9XS8dEi78UZMWd.jpg
Sherlock: la novia abominable,Sherlock: The Abominable Bride,2016,"Crimen, Drama, Misterio, Suspense, Película de TV",90,"Hemos estado aquí antes, pero ¿qué pasaría si no fuera en la era moderna sino en el periodo victoriano tardío? ¿Qué pasaría si el detective más famoso del mundo y su mejor amigo vivieran en una Baker Street con trenes de vapores, carruajes, sombreros de copas y levitas?  ¡Bienvenidos a Sherlock en el año 1895!  Sin embargo, muchas cosas continúan siendo similares. La amistad, aventura y especialmente, el ASESINATO...  ¿Por qué Thomas Ricoletti está un poco sorprendido de ver a su esposa vestida con su antiguo traje de novia? Será por que solamente unas horas antes se había quitado la vida...  El fantasma de la Señora Ricoletti parece que ahora está rondando por las calles con una insaciable sed de venganza. Desde la brumosa Limehouse a las entrañas de una iglesia abandonada, Holmes, Watson y sus amigos deben usar toda su astucia para combatir a un enemigo aparentemente del más allá y al final, a la sorprendente verdad de… ¡La novia abominable!",7.835,https://image.tmdb.org/t/p/w500/xmhJiJjDEQ7I6pcVzr01fLPwlhv.jpg
Un asunto de familia,万引き家族,2018,"Drama, Crimen, Suspense",121,"Osamu y su hijo se encuentran con una niña en mitad de un frío glacial. Al principio, y después de ser reacia a albergar a la niña, la esposa de Osamu aceptará cuidarla cuando se entere de las dificultades que afronta. Aunque la familia es pobre y apenas gana suficiente dinero para sobrevivir a través de pequeños delitos, parecen vivir felices juntos, hasta que un accidente imprevisto revela secretos ocultos, poniendo a prueba los lazos que les unen.",7.834,https://image.tmdb.org/t/p/w500/7f8nFFOoifqHRbtCzgYVjOZ9XBl.jpg
¡Canta! 2,Sing 2,2021,"Animación, Comedia, Familia, Música",110,Buster Moon y sus amigos deben persuadir a la estrella del rock Clay Calloway para que se una a ellos en el estreno de un nuevo espectáculo.,7.834,https://image.tmdb.org/t/p/w500/9iIDsw7RJHYU94z7k4mbYP5IlYT.jpg
El marqués del Grillo,Il marchese del Grillo,1981,Comedia,135,"En la Roma de principios del XIX, el noble Onofrio del Grillo dedica su vida a los placeres mundanos ignorando sus obligaciones con el Papa Pío VII.",7.8,https://image.tmdb.org/t/p/w500/yc0N5tMPFiWHW8g3aUYwGSFQMQM.jpg
La infancia de Iván,Иваново детство,1962,"Drama, Bélica",95,"Segunda Guerra Mundial (1939-1945) Frente Oriental. Iván, un niño ruso de 12 años, cuyos padres murieron durante la invasión nazi, trabaja espiando a los alemanes.",7.8,https://image.tmdb.org/t/p/w500/vClgmSRnROyHfzqokPrIM3GRCi.jpg
Pesadilla antes de Navidad,The Nightmare Before Christmas,1993,"Fantasía, Animación, Familia",75,"Cuando Jack Skellington, el Señor de Halloween, descubre la Navidad, se queda fascinado y decide mejorarla. Sin embargo, su visión de la festividad es totalmente contraria al espíritu navideño. Sus planes incluyen el secuestro de Santa Claus y la introducción de cambios bastante macabros. Sólo su novia Sally es consciente del error que está cometiendo.",7.832,https://image.tmdb.org/t/p/w500/pqFPpQ77VZ0moRgRRsxx7p39CS3.jpg
No Game No Life: Zero,No Game No Life: Zero,2017,"Aventura, Animación, Drama, Fantasía, Romance",106,"Es una precuela situada 6000 años antes de la historia de Sora y Shiro, en el mundo Disboard.  En esta era de guerra, todas las razas estaban peleándose entre sí, propagando una muerte irracional a los humanos que no tienen el poder para luchar. Riku es el líder de la colonia humana que trata de sobrevivir día a día. Riku, termina conociendo a Shuvi una ex-Machina (raza androide), rechazada por su gente debido a su obsesión no calculada por comprender el corazón humano. Juntos, emprenden una aventura para salvar a la raza humana. Esta historia fue un hecho de hace más de seis mil años. El ""mito más antiguo"" que conduce al ""mito más nuevo"". Sin registro ni memoria. Ahora comienza una historia que no se puede contar a nadie",7.831,https://image.tmdb.org/t/p/w500/70SPSxp7svNdq1tHkgehFxskM1a.jpg
La teoría del todo,The Theory of Everything,2014,"Drama, Romance",123,"La película gira en torno a la vida de Stephen Hawking, el importante teórico y divulgador científico que cambió la historia de la ciencia y la tecnología moderna para siempre. La película se centrará en la relación que mantuvo el británico con Jane Wilde, su primera mujer, con quien contrajo matrimonio después de que le diagnosticaran una enfermedad por la que no le quedaban más de dos años de vida.",7.831,https://image.tmdb.org/t/p/w500/sVKeuoy82eR02iMIqRAepqMCoag.jpg
Caballero sin espada,Mr. Smith Goes to Washington,1939,"Comedia, Drama",130,"Jefferson Smith, un joven ingenuo e idealista, que parece fácilmente manipulable, es nombrado senador. Ignora que en Washington tendrá que vérselas con políticos y empresarios sin escrúpulos que le harán perder la fe. Sin embargo, gracias a su secretaria, una joven que conoce muy bien los entresijos de la política, protagoniza en el Senado una espectacular y maratoniana intervención en la que, además de defender apasionadamente la democracia, pone en evidencia una importante trama de corrupción.",7.8,https://image.tmdb.org/t/p/w500/ywTpPCVvKCXBEKdS0eyP2isDhuE.jpg
Joint Security Area (JSA),공동경비구역 JSA,2000,"Drama, Suspense, Acción",108,"Los cadáveres de dos soldados norcoreanos son hallados en el ""Área de Seguridad Compartida"" que separa las dos Coreas, aparentemente asesinados por un soldado surcoreano. Corea del Norte lanza la acusación de que el suceso se debe a un flagrante ataque por parte de Corea del Sur, mientras que Corea del Sur mantiene la acusación del secuestro con final trágico por parte de sus vecinos del norte. Para investigar el caso se destina a la zona a una oficial del Departamento de Inteligencia Militar suizo que es de origen coreano. La oficial comienza a investigar y el caso se convierte en un misterio, ya que hay 16 balas en los cuerpos, y del arma del soldado sólo pueden haber salido 15...",7.8,https://image.tmdb.org/t/p/w500/6pZw6KFwrADsS4HYfJe8AHMwpQh.jpg
"Kagemusha, la sombra del guerrero",影武者,1980,"Acción, Drama, Historia, Bélica",160,"El poderoso Daimyō Takeda Shingen ha alcanzado tanta fama como el lema escrito en sus estandartes de guerra: ""Rápido como el viento, sereno como el bosque, fiero como el fuego, inmóvil como la montaña"". Mientras yace agonizante por las heridas sufridas en el combate, Shingen ordena a sus guerreros que encuentren un doble o sosias que le sustituya, para mantener su inminente muerte en secreto e impedir que sus enemigos (Oda Nobunaga y Tokugawa Ieyasu) aprovechen la circunstancia para atacar. El kagemusha (la sombra del guerrero) elegido por el Clan Takeda es un pequeño delincuente (Tatsuya Nakadai) que debe hacerse pasar por un gran líder y erigirse en comandante de una gran alianza de 25.000 samuráis.",7.8,https://image.tmdb.org/t/p/w500/cytymlKEDJGOo9TiktGZMKK1uOJ.jpg
Papillon,Papillon,1973,"Crimen, Drama",151,"""Papillon"", un hombre condenado por asesinato, es enviado a un penal de la Guayana francesa. Durante el viaje en barco, conoce a Luis Dega, falsificador de Bonos de la Defensa Nacional, un hombre débil, al que ""Papillon"" ofrece protección a cambio del dinero que necesita para huir de la cárcel.",7.8,https://image.tmdb.org/t/p/w500/vGlAIgHUk24aE4qD9LUVJXhtZXV.jpg
Anatomía de un asesinato,Anatomy of a Murder,1959,"Crimen, Drama, Misterio",161,"Frederick Manion, un teniente del ejército, asesina fríamente al presunto violador de su mujer Laura. Tras su detención, se celebra el juicio. Su mujer contrata como abogado defensor a Paul Biegler, un honrado hombre de leyes. Durante el juicio se reflejarán todo tipo de emociones y pasiones, desde los celos a la rabia.",7.829,https://image.tmdb.org/t/p/w500/2lHWDt5kQcd4yZ5yBPUuiEFYEXD.jpg
El dragón de los deseos,Wish Dragon,2021,"Animación, Familia, Comedia, Fantasía, Romance, Aventura",102,Din es un adolescente que ansía volver a ver a su mejor amiga de la infancia. Un dragón que concede deseos le mostrará la magia de las posibilidades.,7.828,https://image.tmdb.org/t/p/w500/1DeAHJJOQQ4eHevueaGZ2QPRTyS.jpg
Lisbela e o Prisioneiro,Lisbela e o Prisioneiro,2003,"Comedia, Romance",106,,7.828,https://image.tmdb.org/t/p/w500/raCdo5Hjpd3uXbpSd1JZ7tEyE31.jpg
Louis C.K.: Hilarious,Louis C.K.: Hilarious,2010,"Comedia, Película de TV",84,,7.828,https://image.tmdb.org/t/p/w500/8mJMrrT4tkfZLMFvKQ0Hq6jlXbp.jpg
Atrapado por su pasado,Carlito's Way,1993,"Crimen, Drama, Suspense",144,"Carlitos Brigante, un antiguo traficante de heroína de origen portorriqueño, sale de la cárcel después de cinco años de reclusión, dispuesto a dejar el tráfico de drogas. Con la ayuda de un abogado cocainómano consigue hacerse socio de un club nocturno e intenta reanudar la relación con su ex-novia, pero no es fácil seguir el buen camino dentro del mundo del crimen.",7.8,https://image.tmdb.org/t/p/w500/yX9vWug1cGtJ6hKhLZDz4fR71Zy.jpg
El hombre que mató a Liberty Valance,The Man Who Shot Liberty Valance,1962,Western,123,"Un anciano senador del Congreso de los Estados Unidos, Ransom Stoddard, relata a un periodista la verdadera historia de por qué ha viajado junto a su mujer Hallie para acudir al funeral de un viejo amigo, Tom Doniphon. Todo comenzó muchos años atrás, cuando Ransom era un joven abogado del este que llegó en diligencia a Shinbone, un pequeño pueblo del Oeste, para ejercer la abogacía e imponer la ley. Poco antes de llegar a su destino, es atracado y golpeado brutalmente por el temido pistolero Liberty Valance.",7.8,https://image.tmdb.org/t/p/w500/cVoQULxaEW2jO55c02RCUXEic8l.jpg
Por un puñado de dólares,Per un pugno di dollari,1964,Western,99,"Tras la muerte de Juárez, en México dominan la injusticia y el terror. Joe, un pistolero vagabundo, llega al pueblo fronterizo de San Miguel, donde dos familias se disputan el control del territorio, y entra al servicio del clan Rojo. Una noche, Joe es testigo del intercambio de oro por armas entre mexicanos y soldados de la Unión...",7.8,https://image.tmdb.org/t/p/w500/nV8S1LDferh5Ym0V8bt3cBycSqR.jpg
Somos osos: La película,We Bare Bears: The Movie,2020,"Animación, Aventura, Familia, Comedia, Película de TV",75,"Cuando el amor de Grizz, Panda y Ice Bear por los camiones de comida y los videos virales se fue de las manos, llama la atención del Agente Trout del National Wildlife Control, quien se compromete a restaurar el ""orden natural"" separándolos para siempre. Alejados de su hogar, los Bears se embarcan en un viaje épico por carretera mientras buscan refugio en Canadá, con su viaje lleno de nuevos amigos, obstáculos peligrosos y grandes fiestas. El arriesgado viaje también obliga a los Bears a enfrentar cómo se conocieron y se convirtieron en hermanos, para evitar que su vínculo familiar se separe.",7.826,https://image.tmdb.org/t/p/w500/iv7kO9dnT73DO49TyhFNam2FtNM.jpg
Funcionamiento interno,Inner Workings,2016,"Animación, Familia, Comedia",7,"Esta es la historia del tira y afloja que sufre Paul. Su cerebro es pragmático y lógico, mientras que su corazón es despreocupado, aventurero y dispuesto a dejarse llevar.",7.826,https://image.tmdb.org/t/p/w500/asz4eDCainN6iGZSNjkyoCo2jsO.jpg
Mishima: Una vida en cuatro capítulos,Mishima: A Life in Four Chapters,1985,Drama,121,"Producida por Coppola y Lucas, ""Mishima"" es un retrato biográfico del consagrado autor japonés Yukio Mishima. La película investiga la inquietud interior y las contradicciones de un hombre que trató de alcanzar una imposible armonía entre sí mismo, el arte y la sociedad. La trama se centra en el día en que Mishima conmocionó al mundo, al hacerse en público el seppuku o harakiri (25 de noviembre de 1970), en el Cuartel General del Ejército. El relato está salpicado de flashbacks para contar diversos episodios de su infancia, sus comienzos como escritor, el posterior triunfo profesional, su tranformación en estrella mediática, sus obsesiones por la belleza física y sus ambiguos gustos sexuales, así como la creación de la ""Sociedad del Escudo"". (FILMAFFINITY)",7.826,https://image.tmdb.org/t/p/w500/6P9jhxgdLGJMxlteZzuIcMQtM96.jpg
Piratas del Caribe: La maldición de la Perla Negra,Pirates of the Caribbean: The Curse of the Black Pearl,2003,"Aventura, Fantasía, Acción",143,"El aventurero capitán Jack Sparrow recorre las aguas caribeñas. Pero su andanzas terminan cuando su enemigo, el capitán Barbossa le roba su barco, la Perla Negra, y ataca la ciudad de Port Royal, secuestrando a Elizabeth Swann, hija del gobernador. Will Turner, el amigo de la infancia de Elizabeth, se une a Jack para rescatarla y recuperar la Perla Negra. Pero el prometido de Elizabeth, comodoro Norrington, les persigue a bordo del HMS Impávido. Además, Barbossa y su tripulación son víctimas de un conjuro por el que están condenados a vivir eternamente, y a transformarse cada noche en esqueletos vivientes, en fantasmas guerreros.",7.8,https://image.tmdb.org/t/p/w500/bVG48kmXuLaZYgPfSCmhs6EYFbX.jpg
Nos vemos allá arriba,Au revoir là-haut,2017,"Drama, Crimen, Bélica",117,"Noviembre de 1919. Dos supervivientes de las trincheras, uno un magnífico ilustrador y el otro, un modesto contable, montan una estafa sobre los monumentos a los muertos de la guerra. En la Francia de los años veinte, el proyecto se convierte en algo tan peligroso como espectacular.",7.8,https://image.tmdb.org/t/p/w500/vlnAmdb5XQpLkfGFvnY7xahcDnx.jpg
Fantástico Sr. Fox,Fantastic Mr. Fox,2009,"Aventura, Animación, Comedia, Familia",87,"Un astuto zorro llamado Fox (voz original de George Clooney) parece llevar una vida idílica con su esposa (Meryl Streep) y con su hijo Ash (Jason Schwartzman). Pero, por las noches, el señor Fox se dedica a robar gallinas, patos y pavos en las granjas vecinas. Los granjeros deciden acabar con la situación cazando a Mr. Fox. Basada en el famoso libro para niños de Roald Dahl.",7.8,https://image.tmdb.org/t/p/w500/2B2IcoSMpOa64Yw8DDtGzXdS4vl.jpg
Hierro 3,빈집,2004,"Drama, Romance, Crimen",95,"Tae-suk es un indigente que lleva una vida espectral. Ocupa temporalmente viviendas cuyos habitantes sabe que están ausentes. No roba ni ocasiona daños en los hogares de sus involuntarios anfitriones. En realidad, es una especie de fantasma que duerme en camas ajenas, come algo de las neveras de esos extraños y retribuye su forzada hospitalidad haciendo la colada o arreglando alguna que otra avería doméstica. Sun-hwa, que en tiempos fue una hermosa modelo, se ha visto convertida en una sombra viviente por un marido que la maltrata, encerrándola en una casa ostentosa. El destino cruza los caminos de Tae-suk y Sun-hwa, aunque sus existencias están abocadas a no dejar huella en el mundo. Se conocen cuando Tae-suk entra en casa de Sun-hwa, y en seguida saben que son almas gemelas. Como si estuvieran unidos por vínculos invisibles, descubren que no pueden separarse y aceptan en silencio su nuevo y extraño destino.",7.825,https://image.tmdb.org/t/p/w500/oKg7VIc4oNYsyzqjljPQVg8ND3b.jpg
The Fool,Дурак,2014,Drama,116,"Dima Nikitin, es un sencillo y honesto padre de familia que trabaja como fontanero para pagarse los costes de la universidad. Un hombre aparentemente “normal” que decide seguir a su propia conciencia, a su propia sed de integridad, a pesar de las dificultades y la corrupción de un mundo actualmente a la deriva. (FILMAFFINITY)",7.824,https://image.tmdb.org/t/p/w500/3LesVrVsmWgHRF3FzTTtqkEWgz9.jpg
El puente sobre el río Kwai,The Bridge on the River Kwai,1957,"Drama, Historia, Bélica",161,"Durante la Segunda Guerra Mundial (1939-1945), un grupo de prisioneros británicos son obligados por los japoneses a construir un puente. Los oficiales, capitaneados por su flemático coronel, se opondrán a toda orden que viole la Convención de Ginebra sobre los derechos y las condiciones de vida de los prisioneros de guerra.",7.825,https://image.tmdb.org/t/p/w500/z5uKyonXIGiVub5RtJKaPgGevlI.jpg
Punto límite,Fail Safe,1964,"Suspense, Drama, Bélica",111,"Durante la Guerra Fría, por un error informático un escuadrón de bombarderos del SAC es enviado a destruir Moscú, el presidente de los Estados Unidos (Henry Fonda) trata de hacerlos volver, pero el sofisticado sistema de seguridad impide abortar el ataque, así que debe convencer a la Unión Soviética de que no contraataque.",7.824,https://image.tmdb.org/t/p/w500/qu15bkb6ii5LVnMjS8UVcO17G7a.jpg
Snatch. Cerdos y diamantes,Snatch,2000,"Crimen, Comedia",104,"Franky es una ladrón de diamantes que tiene que entregar una enorme pieza a su jefe Avi, pero en el camino es tentado por Boris para apostar en un combate ilegal de boxeo. En realidad, es una trampa para atracarle por lo que, cuando Avi se entera, contrata a Tony para encontrar a Franky y el diamante. Pronto se descubre el triste destino de Franky, y la caza y captura de la gema desaparecida lleva a todo el mundo a un juego de locos que corre el riesgo de descontrolarse, donde el engaño, el chantaje y el fraude se mezclan de forma sangrienta con perros, diamantes, boxeadores y gran variedad de armas en una caótica merienda de negros.",7.824,https://image.tmdb.org/t/p/w500/ziWecvSRGjqeNKPx3kMqlYwssDo.jpg
Dos mujeres,La ciociara,1960,"Drama, Bélica",100,"Año 1943. Italia durante los nueve meses de ocupación alemana. Cesira es una mujer que vive en Roma con su hija Rosetta, una adolescente de 13 años. Ante el avance de la guerra, decide huir de la capital y refugiarse en casa de unos parientes, en los montes de Ciociaria, donde es muy bien recibida. La vida discurre serena lejos del frente. La bella Cesira conoce a Michele, un joven intelectual que quiere ser partisano y que, enamorado de ella, intenta atraerla a la causa de la libertad.",7.8,https://image.tmdb.org/t/p/w500/myb1WSmhszRR3EH6yhP2NQU3niF.jpg
Wallace y Gromit: Los pantalones equivocados,The Wrong Trousers,1993,"Animación, Comedia, Familia",30,"En esta nueva aventura, Wallace le regala unos modernos pantalones a Gromit que le acabarán saliendo más caros de lo que esperaba después de conocer al huesped al que hospedarán en su casa, un aparentemente inocente pingüino...",7.823,https://image.tmdb.org/t/p/w500/97YLmWqBoUEbdi6mpPduQTsm7MF.jpg
Los reyes de Baltimore,Charm City Kings,2020,Drama,125,"Mouse (Jahi Di’Allo Winston), un muchacho de 14 años, está desesperado por entrar en una infame banda de moteros llamada ""The Midnight Clique"" que se adueña de las calles de la ciudad durante el verano. Su hermano mayor, Stro, era su líder antes de padecer una trágica muerte, hecho que ha afectado mucho a Mouse. Tanto su madre (Teyonah Parris) como su mentor, el detective Rogers (William Catlett), trabajan a destajo para conseguir que el carismático adolescente pueda alcanzar todo su potencial, pero todo cambia cuando Blax (Meek Mill), el nuevo líder de la banda, toma a Mouse como su mano derecha. El pequeño no tarda en darse cuenta de la diferencia que existe entre llevar una vida honrada y otra manchada por la violencia y el dinero fácil.",7.822,https://image.tmdb.org/t/p/w500/tXjeA2y6nzj4nOccpYQFXhmVFJB.jpg
Siempre / Solo tú,오직 그대만,2011,"Romance, Drama",105,"Cheol Min, un ex-boxeador con un pasado oscuro y misterioso, acepta el trabajo nocturno atendiendo un parking. Un día,conoce a una chica llamada Jung Hwa que quedó ciega a consecuencias de un accidente de tráfico,ella entra en la cabina donde trabaja y sin saber que es él, le da caramelos y mandarinas. Pasan asi los días y entre ellos surgirá un amor mutuo. Jun Hwa, al hacerse un chequeo médico pone en conocimiento de Cheol Min que de no hacerse la operación pronto para recobrar la vista más adelante seria demasiado tarde. Cheol Min hara lo imposible por conseguir que Jun Hwa se opere, pero ¿será suficiente? ¿Que hará para poder conseguir todo el dinero de la operación?",7.822,https://image.tmdb.org/t/p/w500/zqw49pO0FndPZL5LVkq85JCNIVH.jpg
Sucedió una noche,It Happened One Night,1934,"Comedia, Romance",105,"Peter Warren, es un periodista desempleado que se topa con Ellie, la hija de un millonario que huyó del barco de Alexander Andrews, su padre, porque no acepta al hombre con el que ella se quiere casar. Peter ve la oportunidad de conseguir una buena historia, pero varios hechos acaban por crear un vínculo entre ellos.",7.822,https://image.tmdb.org/t/p/w500/yFpfjnVzKhUhw29OW3iF5d0ANN1.jpg
Argentina 1985,Argentina 1985,2022,"Drama, Historia, Crimen",140,Narra la estrategia de dos fiscales para llevar adelante el juicio que sentó en el banquillo de los acusados por crímenes de lesa humanidad a los comandantes de la última dictadura militar.,7.82,https://image.tmdb.org/t/p/w500/isLWtcB9TK3wLlTzEny2dPH6beh.jpg
Logan,Logan,2017,"Acción, Drama, Ciencia ficción",137,"Sin sus poderes, por primera vez, Lobezno es verdaderamente vulnerable. Después de una vida de dolor y angustia, sin rumbo y perdido en el mundo donde los X-Men son leyenda, su mentor Charles Xavier lo convence de asumir una última misión: proteger a una joven que será la única esperanza para la raza mutante.",7.8,https://image.tmdb.org/t/p/w500/d0ktjN9eKww26HhM8or8iUB1I68.jpg
El niño con el pijama de rayas,The Boy in the Striped Pyjamas,2008,"Drama, Bélica, Historia",94,"Berlín, 1942. Bruno tiene ocho años y desconoce el significado de la Solución Final y del Holocausto. No es consciente de las pavorosas crueldades que su país, en plena guerra mundial, está infligiendo a los pueblos de Europa. Todo lo que sabe es que su padre -recién nombrado comandante de un campo de concentración- ha ascendido en el escalafón, y que ha pasado de vivir en una confortable casa de Berlín a una zona aislada. Todo cambia cuando conoce a Shamuel, un niño judío que vive una extraña existencia paralela al otro lado de la alambrada.",7.819,https://image.tmdb.org/t/p/w500/dZeiD0WVM1IHzRAOSldsY0jh1CR.jpg
La semilla del diablo,Rosemary's Baby,1968,"Drama, Terror, Suspense",138,"Una joven pareja, Rosemary y Guy, se muda a un infame edificio de apartamentos de Nueva York, conocido por aterradoras leyendas y misteriosos sucesos, con el propósito de formar una familia.",7.819,https://image.tmdb.org/t/p/w500/1PbbUmtP8SnGRCTvTzqfj5aj0xK.jpg
Buscando a Nemo,Finding Nemo,2003,"Animación, Familia, Aventura",100,"Nemo, un pececillo, hijo único muy querido y protegido por su padre, ha sido capturado en un arrecife australiano y ahora vive en una pecera en la oficina de un dentista de Sidney. El tímido padre de Nemo se embarcará en una peligrosa aventura para rescatar a su hijo. Pero Nemo y sus nuevos amigos tienen también un astuto plan para escapar de la pecera y volver al mar.",7.819,https://image.tmdb.org/t/p/w500/jPhak722pNGxQIXSEfeWIUqBrO5.jpg
Made in Abyss 3: Amanecer del alma profunda,劇場版メイドインアビス 深き魂の黎明,2020,"Animación, Aventura, Fantasía, Misterio",105,"La película continúa con la aventura épica de los valientes Riko y Reg quienes se unen a su nueva amiga Nanachi. Juntos, descienden a la traicionera quinta capa del Abismo, el “Mar de los cadáveres”, en donde se encuentran con el misterioso Bondrewd, un legendario White Whistle cuya sobra cierne sobre el turbulento pasado de Nanachi.  Bondrewd es increíblemente amistoso, pero los valientes aventureros saben que las cosas dentro del Abismo no son lo que parecen…",7.816,https://image.tmdb.org/t/p/w500/tdLQI40RZC8aQ9cbRhBdprcsHYx.jpg
Spotlight,Spotlight,2015,"Drama, Historia",128,"Cuando el tenaz equipo de reporteros de la sección ""Spotlight"" ahonda en los alegatos de abuso dentro de la Iglesia Católica, descubren en su investigación el encubrimiento llevado a cabo durante décadas por parte de las altas esferas de organizaciones religiosas, legales y gubernamentales de Boston, desatando una ola de revelaciones alrededor del mundo.",7.815,https://image.tmdb.org/t/p/w500/oejKAjGVxmm8cJLiKQMGe2A2A4g.jpg
"Paprika, detective de los sueños",パプリカ,2006,"Animación, Ciencia ficción, Suspense",90,"El psiquiatra Atsuko Chiba ha desarrollado un método de terapia revolucionario denominado ""PT"", un prototipo de máquina experimental gracias a la cual es posible introducirse en la mente de los pacientes para tratar sus ansiedades. Pero uno de los modelos de PT es robado del laboratorio del Dr. Atsuko, y comienzan a utilizarlo para invadir las mentes de sus creadores, destruyendo sus personalidades mientras duermen.",7.815,https://image.tmdb.org/t/p/w500/j9QZkFkaR9LmvRumn88te0d6qsC.jpg
Amanecer,Sunrise: A Song of Two Humans,1927,"Drama, Romance",94,"Un granjero convive felizmente en el campo con su esposa. Pero la aparición de una seductora mujer de la ciudad hace que comience a enamorarse de ésta, y a pensar que su mujer es un estorbo que se interpone en la felicidad entre él y su nueva y sofisticada amante.",7.8,https://image.tmdb.org/t/p/w500/djFel2Tq4LhlDARtNTU6nRHA2mE.jpg
La Luna,La luna,2012,"Animación, Familia, Fantasía",7,"Una fábula atemporal sobre un niño que se hace mayor en unas circunstancias de lo más especiales. Por primera vez, su padre y su abuelo se lo llevan a trabajar con ellos, pero ¿será capaz de encontrar su propia forma de hacer las cosas?",7.814,https://image.tmdb.org/t/p/w500/9euW64JUgFlA7fxN8lAmwK6gUaQ.jpg
Jungla de cristal,Die Hard,1988,"Acción, Suspense",131,"John McClane, un duro policía neoyorquino, acude a Los Angeles para pasar unos días de vacaciones con sus hijos y su esposa Holly. En el transcurso de la fiesta navideña que la empresa de Holly da en el moderno edificio Nakatoni, éste es asaltado por un supuesto grupo terrorista liderado por un megalómano llamado Hans Gruber.",7.813,https://image.tmdb.org/t/p/w500/m54tK4wKjc1w2dp7QInG0munGao.jpg
Una sombra en mi ojo,Skyggen i mit øje,2021,"Bélica, Drama, Historia",107,"El 21 de marzo de 1945, la Real Fuerza Aérea Británica emprendió una misión para bombardear el cuartel general de la Gestapo en Copenhague. La incursión tuvo consecuencias fatales, ya que algunos de los bombarderos apuntaron accidentalmente a una escuela y murieron más de 120 personas, 86 de las cuales eran niños.",7.812,https://image.tmdb.org/t/p/w500/wZ64CPxqoAeM043s7JaDMC94m6.jpg
Pather Panchali (La canción del camino),পথের পাঁচালী,1955,"Drama, Historia",125,"Narra la historia de una familia bengalí acuciada por la mala suerte. El padre, Harihara, es un sacerdote seglar, curandero, soñador y poeta. Sabajaya, la madre, trabaja para alimentar a su familia, que recibe con alegría y esperanza la llegada de un nuevo hijo, Apu. Es el primer film de ""La trilogía de Apu"".",7.812,https://image.tmdb.org/t/p/w500/ashqMIq9OI9ibRsaRNckSOwGG59.jpg
Río Bravo,Rio Bravo,1959,"Western, Drama",141,"El sheriff Chance encarcela por asesinato al hermano de un poderoso terrateniente cuyos hombres intentarán liberarlo. Para impedirlo, Chance cuenta con la colaboración de dos ayudantes: un alcohólico y un viejo tullido, a los que se une un joven y hábil pistolero llamado Colorado. Todos quedarán encerrados en la cárcel de la oficina del sheriff, roedados, incrementándose la tensión en el pueblo a la espera de que llegue la autoridad estatal para llevarse al detenido.",7.811,https://image.tmdb.org/t/p/w500/8lFSClr6GKKo7GAzLuyZL9bCXfD.jpg
Nosotros de nuevo,Us Again,2021,"Animación, Drama, Familia, Romance",7,"Ambientado en una vibrante ciudad llena de ritmo y movimiento, un anciano y su esposa, joven de corazón, recuperan la pasión que sienten uno por el otro y por la vida durante una noche mágica. Los años se desvanecen mientras la alegría de bailar los lleva por el apasionante paisaje urbano de su juventud y les hace revivir recuerdos y ambiciones.",7.8,https://image.tmdb.org/t/p/w500/qvYuHbO3YQ74pam3uieWzXj3ZXr.jpg
Los imprevistos del amor,"Love, Rosie",2014,"Romance, Drama, Comedia",102,"Rosie y Alex son los mejores amigos del mundo y viven en Dublín. Desde su infancia, habían confiado el uno en el otro y se habían contado sus secretos y confidencias. En su época del instituto, los dos hicieron planes para ir juntos a la universidad, pero Rosie, en una noche de pasión junto a uno de los chicos más populares del instituto, se queda embarazada. Y justo cuando se lo va a contar a Alex, éste le dice que le han admitido en Harvard en la facultad de medicina.",7.81,https://image.tmdb.org/t/p/w500/lMX7qZAcF54d0DB1Vto8gbWZlVU.jpg
La mejor oferta,La migliore offerta,2013,"Drama, Romance, Crimen",131,"Virgil Oldman, un hombre solitario y excéntrico, es un experto en arte y un agente de subastas muy apreciado. Su vida transcurre al margen de cualquier sentimiento o emoción hasta que conoce a una hermosa y misteriosa joven que le encarga tasar y vender las obras de arte heredadas de sus padres. Esta joven, que sufre una extraña enfermedad psicológica que la mantiene aislada del mundo, transformará para siempre la vida de Virgil.",7.809,https://image.tmdb.org/t/p/w500/f8mOFP6rfZMLKd2wRTv5AN32c6b.jpg
Antes del atardecer,Before Sunset,2004,"Drama, Romance",80,"Jesse y Celine se conocieron en un tren y pasaron juntos una noche inolvidable paseando por Viena. Aunque prometieron encontrarse de nuevo seis meses más tarde, esa cita nunca llegó a producirse. Diez años después, se vuelven a ver casualmente, pero esta vez en París. Jesse, que está de gira promocionando una novela, la ve entre la gente en una librería. Ella vive desde hace tiempo en París; él, en Nueva York. Jesse inmediatamente decide dejarlo todo para pasar el tiempo con Celine. Así pasan el día en los cafés, en los parques, recordando aquella tarde en la capital austriaca y hablando de sus vidas.",7.8,https://image.tmdb.org/t/p/w500/PZI7dSri7v9ukkjZ4TSVbU9Qw8.jpg
El curandero,Znachor,2023,"Drama, Romance",140,"Tras perder a su familia y su memoria, un cirujano antaño respetado tiene una segunda oportunidad cuando se reencuentra con alguien de su pasado.",7.8,https://image.tmdb.org/t/p/w500/cQ5cBYLKQ2neC5oncuNtwZudmd3.jpg
Bajrangi Bhaijaan,बजरंगी भाईजान,2015,"Comedia, Drama, Aventura",159,Munni es una chica que se ha perdido en la India. Su mayor deseo es regresar a Pakistán y encontrar a su familia. Su encuentro con un hombre muy generoso le dará la esperanza que necesita.,7.807,https://image.tmdb.org/t/p/w500/vhlliI7HZZlWfo5d6CiyfBAGLrW.jpg
Mundo del mañana,World of Tomorrow,2015,"Animación, Drama, Ciencia ficción",17,Una niña pequeña es contactada por una mujer misteriosa,7.807,https://image.tmdb.org/t/p/w500/5s7DSOek7Bk2CvcG1zX01bJzJ0x.jpg
El cameraman,The Cameraman,1928,"Comedia, Romance, Drama",74,"Luke Shannon (Keaton) trabaja para un programa informativo como operador de cámara. Pero su sueño sería que lo contratará la MGM, sobre todo para estar cerca de una guapa oficinista (Day). Un día, inesperadamente, se encuentra en medio de una noticia impotantísima.",7.807,https://image.tmdb.org/t/p/w500/q67uxNfJ2nIDW48eOgF8s99Wy0m.jpg
Juego sucio (Infernal Affairs),無間道,2002,"Drama, Acción, Suspense, Crimen, Misterio",101,"Ming es un topo infiltrado en el departamento de policía. Se hizo policía a los 18 años siguiendo las órdenes del jefe de una sociedad secreta de carácter criminal. Por su parte, Yan es un topo de la policía infiltrado en la banda desde hace ya diez años. Ambos se sienten cada vez más atrapados en esos mundos a los que no pertenecen.",7.806,https://image.tmdb.org/t/p/w500/mysrlEo9tI97grfucr75fRwrTcf.jpg
Toy Story 3,Toy Story 3,2010,"Animación, Familia, Comedia",100,"Sabiendo que su dueño Andy, que ya no es un niño, se prepara para ir a la universidad, el vaquero Woody, el astronauta Buzz y el resto de sus amigos juguetes comienzan a preocuparse ante su incierto futuro. Efectivamente todos acaban en una guardería, donde por ejemplo la muñeca Barbie conocerá al guapo Ken. Esta reunión de nuestros amigos con otros nuevos juguetes no será sino el inicio de un montón de trepidantes y divertidas aventuras.",7.807,https://image.tmdb.org/t/p/w500/yBSISwqix2z0JiwIrM3r6fiI6Cm.jpg
Finch,Finch,2021,"Ciencia ficción, Drama, Aventura",115,"En un mundo devastado, Finch es un inventor con la misión de encontrar un hogar para él y su familia. Acompañado de su querido perro y de un robot que él mismo creó, se embarca en una bonita y emocionante aventura.",7.805,https://image.tmdb.org/t/p/w500/eEJtzD1F05xDipFEDY98CTH5yZn.jpg
Land of Mine (Bajo la arena),Under sandet,2015,"Bélica, Drama, Historia",100,"La guerra no acaba cuando se firma la paz. Cuando Alemania se rindió en 1945, en la costa occidental danesa comenzó otra dura batalla: la de los jóvenes soldados alemanes que fueron obligados a retirar miles de minas plantadas en la arena por el ejército nazi. Zandvliet muestra el maltrato infligido a esos prisioneros, un oscuro episodio de posguerra poco conocido.",7.805,https://image.tmdb.org/t/p/w500/2SlbP9s3ctfbSv2bnx3mIL2ghEC.jpg
Desventuras de un funcionario,Fantozzi,1975,Comedia,108,"Fantozzi, un gris contable de una gran empresa, es un hombre apocado y servil. Lo maltratan sus superiores y sus compañeros; está enamorado de la señorita Silvani, la secretaria de la oficina, que ni se fija en él. Por si fuera poco tiene una esposa posesiva y una hija feísima.",7.805,https://image.tmdb.org/t/p/w500/elGj4wK8fz5NT0weWitmfGizpr8.jpg
Nostalgia,Ностальгия,1983,"Drama, Romance",125,"Andrei Gorèakov, un poeta ruso, recorre Italia en compañía de Eugenia con la intención de investigar la vida de un compositor del siglo XVI. En su viaje se encontrarán con el apocalíptico Domenico.",7.805,https://image.tmdb.org/t/p/w500/ugY7HONTKfVOJ2WfGLpfJgY4BO.jpg
Cerca del horizonte,Dem Horizont so nah,2019,"Romance, Drama",120,"Jessica es joven, disfruta de una vida sin complicaciones y tiene por delante un futuro prometedor. Una noche conoce a Danny, un chico que tiene todo con lo que ella sueña: es atractivo, tiene independencia y éxito. Fascinada por él, poco a poco irá descubriendo quién es en realidad tras esa fachada construida con tanto cuidado. En un mundo superficial que solo se fija en las apariencias, ambos tendrán que enfrentarse a los prejuicios, la exclusión y a emprender una carrera contra el tiempo.",7.804,https://image.tmdb.org/t/p/w500/n5dlw8xOtVZCuyNcchJCNvTL3Dj.jpg
Amor a medianoche,Midnight Sun,2018,"Romance, Drama",91,"Basada en la película japonesa del 2006 del mismo nombre se centra en Katie, una joven de 17 años de edad, encerrada desde la infancia en su casa durante el día por una rara enfermedad que hace que incluso la mínima cantidad de luz solar sea mortal. El destino interviene cuando conoce a Charlie y se embarcan en un romance de verano.",7.8,https://image.tmdb.org/t/p/w500/jDNSClwYEVwmXfJgYDERvuALlXT.jpg
Las ventajas de ser un marginado,The Perks of Being a Wallflower,2012,Drama,103,"Pittsburgh, Pennsylvania, 1991. Charlie, estudiante de primer año en la escuela secundaria, es un marginado, alguien invisible que observa la vida desde sus márgenes, hasta que dos estudiantes de último año, Sam y su hermanastro Patrick, se convierten en sus mentores, ayudándole a descubrir las alegrías de la amistad, la música y el amor.",7.8,https://image.tmdb.org/t/p/w500/vjWqQAe4cYdzDuqO4U0kiN7qO4r.jpg
"Network, un mundo implacable",Network,1976,Drama,121,"Tras 25 años trabajando en una cadena, el veterano presentador Howard Beale debe abandonar su puesto por el bajo nivel de audiencia. Su jefe y mejor amigo, Max Schumacher, le da dos semanas para despedirse de los espectadores. Beale, viudo y alcohólico, queda trastocado y decide anunciar durante una emisión que se suicidará en su último programa ante las cámaras. El hecho sin precedentes provoca una gran expectación y los propios compañeros tratarán de convertir la destrucción de este hombre en un negocio rentable.",7.804,https://image.tmdb.org/t/p/w500/r8CrxsvFK8JIBUpIZX0rBmojsC9.jpg
Los caballeros de la mesa cuadrada y sus locos seguidores,Monty Python and the Holy Grail,1975,"Aventura, Comedia, Fantasía",91,"El rey Arturo y sus caballeros reciben un encargo divino: partir en búsqueda del Santo Grial, para lo cual deberán luchar contra enemigos muy diversos: malignos caballeros rivales, bestias sanguinarias (que solo son visibles como dibujo animado), groseros caballeros franceses fortificando un castillo en Inglaterra, brujas, adivinos mefistofélicos, Scotland Yard, y hasta un conejo asesino y carnívoro (que muere destruido por una cómica reliquia traída de las Cruzadas: la ""Santa Granada de Mano de Antioquia"").",7.804,https://image.tmdb.org/t/p/w500/sbxnHlkHSeffxwzPhnfwd42ojqQ.jpg
Las uvas de la ira,The Grapes of Wrath,1940,Drama,129,"Tom Joad regresa a su hogar tras cumplir condena en prisión, pero la ilusión de volver a ver a los suyos se transforma en frustración al ver cómo los expulsan de sus tierras. Para escapar al hambre y a la pobreza, la familia no tiene más remedio que emprender un larguísimo viaje lleno de penalidades con la esperanza de encontrar una oportunidad en California, la tierra prometida.",7.8,https://image.tmdb.org/t/p/w500/xwWtL3H1dOiDxToKTOIYHK3QUgu.jpg
Ser o no ser,To Be or Not to Be,1942,"Comedia, Bélica, Romance",99,"Las tropas de Hitler invaden Varsovia. En la ciudad, una compañía de teatro que iba a representar una obra, se ve obligada a sustituirla por Hamlet. Mientras, la esposa del actor principal empieza a flirtear con un apuesto oficial.",7.804,https://image.tmdb.org/t/p/w500/p0bk9raiEpR2Qm0nE9kk3F3YO7v.jpg
Mulholland Drive,Mulholland Drive,2001,"Suspense, Drama, Misterio",147,"Betty, una joven aspirante a actriz, llega a Los Ángeles para convertirse en estrella de cine y se aloja en el apartamento de su tía. Allí conoce a Rita, una mujer que padece amnesia a causa de un accidente en Mulholland Drive. Las dos juntas deciden investigar quién es Rita y cómo llegó hasta allí.",7.804,https://image.tmdb.org/t/p/w500/kLpwkbimTwTbsYixCO3eAdNCQJ8.jpg
Harry Potter y el cáliz de fuego,Harry Potter and the Goblet of Fire,2005,"Aventura, Fantasía",157,"En el cuarto año en Hogwarts, Harry se enfrenta al mayor de los desafíos y peligros de la saga. Cuando es elegido bajo misteriosas circunstancias como el competidor que representará a Hogwarts en el Torneo Triwizard, Harry deberá competir contra los mejores jóvenes magos de toda Europa. Pero mientras se prepara, aparecen pruebas que manifiestan que Lord Voldemort ha regresado. Antes de darse cuenta, Harry no solo estará luchando por el campeonato sino también por su vida",7.803,https://image.tmdb.org/t/p/w500/5hrrncgY7GfRHz6JmnhPlvJUONe.jpg
Raya y el último dragón,Raya and the Last Dragon,2021,"Animación, Acción, Aventura, Fantasía, Familia",114,"Raya, una niña de gran espíritu aventurero,  se embarca en la búsqueda del último dragón del mundo con el objetivo de devolver el equilibrio a Kumandra, un lejano y recóndito territorio habitado por una civilización milenaria.",7.8,https://image.tmdb.org/t/p/w500/hbjOtofNpvFvhzBUUoZGAjkjjsl.jpg
L.A. Confidential,L.A. Confidential,1997,"Crimen, Misterio, Suspense",138,"Los Ángeles, años 50. El departamento de policía vive tiempos agitados en una ciudad revuelta y sacudida continuamente por escándalos que destapa la prensa sensacionalista, y donde todo el mundo busca la fama, drogas, alcohol, sexo o dinero. Dos agentes de caracteres opuestos, en cambio, guian sus acciones por nobles sentimientos: Bud White (Russell Crowe) se mete en todo tipo de líos pero no soporta que maltraten a una mujer. Mientras, Ed Exley (Guy Pearce) es un novato que quiere ""limpiar"" el cuerpo de policía de la corrupción imparable que invade todo el escalafón policial, aunque le cueste el desprecio de sus compañeros. Cada uno tiene sus tareas y sus problemas, hasta que una noche aparecen muertos varios agentes en un local nocturno.",7.8,https://image.tmdb.org/t/p/w500/3xQXLqCXMTizZ7ibSERqaBKvPhY.jpg
Encontré al diablo,악마를 보았다,2010,"Suspense, Terror",144,"Kyung-chul es un psicópata peligroso que mata por placer y que ha cometido varios asesinatos con unos métodos diabólicos difíciles de imaginar. Sus víctimas son chicas jóvenes. La policía lleva tiempo intentando capturarlo. Un día, aparece asesinada la hija de un jefe de policía retirado. El novio de la chica, un agente secreto, jura vengarse.",7.801,https://image.tmdb.org/t/p/w500/lMW2j2t0LdknCGsIKDkQJQRMsle.jpg
Porco Rosso,紅の豚,1992,"Animación, Aventura, Fantasía",93,"Periodo de entreguerras. Porco es un cerdo aviador que fustra todos los actos de piratería perpetrados por los piratas aéreos del Adriático. Éstos, decididos a acabar con el valiente y hábil Porco, se unen para contratar a un aventurero americano que le elimine de los aires donde las mafias operan",7.801,https://image.tmdb.org/t/p/w500/vyCevwQl24NIUlUc3ifHQgV9QYl.jpg
Evangelion: 2.0 You Can (Not) Advance,ヱヴァンゲリヲン新劇場版：破,2009,"Animación, Ciencia ficción, Acción, Drama",112,"La espectacular batalla entre los Evangelion, las máquinas de combate definitivas creadas por la humanidad, y las insondables entidades conocidas como ángeles se intensifica hasta alcanzar el punto de ruptura a partir del cual ya nada volverá a ser como antes. Bajo el incesante ataque invasor, la agencia NERV activa dos nuevas unidades de Eva pilotadas por la misteriosa Mari Illustrious Makinami y la agresiva Asuka Langley Shikinami. Por su parte, Shinji Ikari trata de soportar la presión del gran destino que le ha sido encomendado como piloto del Eva 01 con el único propósito de ganarse el afecto de su padre. Pero Gendo Ikari tiene su propia agenda secreta que incluye utilizar a su hijo y a la enigmática Rei Ayanami para despertar al Eva 01 y provocar el Tercer Impacto mucho antes de lo previsto.",7.8,https://image.tmdb.org/t/p/w500/h3dJAkDtcGAKCxFmMy9zHVzZaVo.jpg
El mundo en sus manos,Gifted Hands: The Ben Carson Story,2009,Drama,90,"El joven Ben Carson tenía muy pocas posibilidades en la vida. Hijo de padres separados, criado en la pobreza y rodeado de prejuicios raciales, se volvió un niño irascible y mal estudiante. Aun así, su madre nunca perdió la confianza que tenía puesta en él. Insistiendo en que aprovechara las oportunidades que ella nunca había tenido, fomentó su imaginación, inteligencia y lo que es aún más importante, la confianza en sí mismo. Esa fe en sí mismo sería su don, el cual le llevaría a hacer realidad su sueño de convertirse en uno de los mejores neurocirujanos del mundo... (FILMAFFINITY)",7.8,https://image.tmdb.org/t/p/w500/ycScCKt45DPhpp7IiDWAqfA7SGn.jpg
Rocky,Rocky,1976,Drama,119,"Rocky Balboa es un desconocido boxeador a quien se le ofrece la posibilidad de pelear por el título mundial de los pesos pesados. Con mucha fuerza de voluntad, Rocky se preparará concienzudamente para este combate, y también para los cambios que producirá en su vida.",7.8,https://image.tmdb.org/t/p/w500/yyoGappf3WxXRrHz23yNbH2MffI.jpg
La vida de Calabacín,Ma vie de courgette,2016,"Animación, Comedia, Drama",70,"Calabacín es un niño valiente que después de perder a su madre tiene que ingresar en un hogar de acogida, con otros niños huérfanos de su edad. En un primer momento se esfuerza por encontrar su lugar en este nuevo medio hostil. Sin embargo, con la ayuda de sus nuevos amigos, Calabacín aprende a confiar, encuentra el verdadero amor y una nueva familia.",7.799,https://image.tmdb.org/t/p/w500/dKRtEi8YleBEZeBGOsYzoq8QW3h.jpg
Tampopo,タンポポ,1985,Comedia,115,"Un camionero y su compañero prueban la sopa de una viuda, y al ser de las peores que han probado nunca, la cocinera viuda les pide ayuda para mejorar en la elaboración de la sopa. Durante el proceso surgirá entre ellos el encariñamiento con la dulce viuda. Aclamada comedia japonesa que emula el formato de western (alguien acude al rescate de una viuda que necesita ayuda) y con un toque curioso alrededor del disfrute de la comida. Una cinta que tuvo un notable éxito internacional en su día. El director Itami era un presentador de televisión reconvertido en realizador.",7.8,https://image.tmdb.org/t/p/w500/3qeVNWVR7UzZ6d9a2cdUSooTITY.jpg
La clase obrera va al paraíso,La classe operaia va in paradiso,1971,Drama,125,"Denuncia de las condiciones laborales en las fábricas a través de la historia de un obrero modelo que, a raíz de un accidente, se hace sindicalista.",7.8,https://image.tmdb.org/t/p/w500/8OWORT3ldccCnuyMsHrSkYjwiwN.jpg
Las vidas posibles de Mr. Nobody,Mr. Nobody,2009,"Ciencia ficción, Drama, Romance",155,"En el año de 2092, Nemo Nobody, un hombre de 120 años de edad, es el último humano mortal viviendo entre humanos que se han vuelto inmortales gracias a increíbles avances científicos. Cuando Nemo se encuentra en su lecho de muerte, revive varias posibles existencias y matrimonios que tal vez pudo experimentar.",7.796,https://image.tmdb.org/t/p/w500/dyV1SZ5tnO3FRUaVHPzD8py6NGW.jpg
Hacia rutas salvajes,Into the Wild,2007,"Aventura, Drama",140,"A principios de los años noventa, el joven e idealista Christopher McCandless adopta el nombre de Alexander Supertramp, deja sus posesiones y sus ahorros a la beneficencia y abandona el mundo civilizado con rumbo a la salvaje Alaska para entrar en contacto con la Naturaleza y descubrir el verdadero sentido de la vida. Adaptación del best-seller de Jon Krakauer, basado en las notas del diario de McCandless.",7.796,https://image.tmdb.org/t/p/w500/nsukpCUlvOfcZEcMIBN1m4coUkd.jpg
Días perfectos,PERFECT DAYS,2023,Drama,123,"Hirayama parece totalmente satisfecho con su sencilla vida de limpiador de retretes en Tokio. Fuera de su estructurada rutina diaria, disfruta de su pasión por la música y los libros. Le encantan los árboles y les hace fotos. Una serie de encuentros inesperados revelan poco a poco más de su pasado.",7.8,https://image.tmdb.org/t/p/w500/efnvsuEdkdwiWR7WyQ2QgcGt8mM.jpg
F1 la película,F1,2025,"Acción, Drama",155,"El mítico piloto Sonny Hayes vuelve de su retiro, persuadido para liderar un equipo de Fórmula 1 en apuros y guiar a su joven promesa, en busca de una nueva oportunidad de éxito.",7.795,https://image.tmdb.org/t/p/w500/yKIG63pXN89EfbTA7yKpwxAU1rf.jpg
Una bolsa de canicas,Un sac de billes,2017,"Bélica, Drama",110,Maurice y Joseph son dos jóvenes hermanos judíos que viven en la Francia ocupada por los nazis. Ambos tendrán que demostrar un increíble valor e ingenio para tratar de escapar del enemigo y reunirse así de nuevo con su familia.,7.8,https://image.tmdb.org/t/p/w500/w1N9VW5sjR9NCuHDpOVzLG15CEQ.jpg
El caballero oscuro: La leyenda renace,The Dark Knight Rises,2012,"Acción, Crimen, Drama, Suspense",165,"Hace ocho años que Batman desapareció, dejando de ser un héroe para convertirse en un fugitivo. Al asumir la culpa por la muerte del fiscal del distrito Harvey Dent, el Caballero Oscuro decidió sacrificarlo todo por lo que consideraba, al igual que el Comisario Gordon, un bien mayor. La mentira funciona durante un tiempo, ya que la actividad criminal de la ciudad de Gotham se ve aplacada gracias a la dura Ley Dent. Pero todo cambia con la llegada de una astuta gata ladrona que pretende llevar a cabo un misterioso plan. Sin embargo, mucho más peligrosa es la aparición en escena de Bane, un terrorista enmascarado cuyos despiadados planes obligan a Bruce a regresar de su voluntario exilio.",7.8,https://image.tmdb.org/t/p/w500/rrS7K8tXVFUBliIKWaRuSq65nWr.jpg
Yo capitán,Io capitano,2023,"Aventura, Drama",121,"Seydou y Moussa son dos jóvenes que abandonan Dakar para emprender camino a Europa. Una odisea contemporánea a través de los peligros del desierto, los horrores de los centros de detención en Libia y los peligros del mar.",7.794,https://image.tmdb.org/t/p/w500/jbUdhy3wsVLftd530jyWHKebsUJ.jpg
Presto,Presto,2008,"Animación, Familia, Comedia",5,"Alec es el hambriento conejillo que sufre cada noche la indiferencia del público y la posterior actitud despótica y prepotente de su dueño que no quiere compartir con él la fama. Pero la maldad del mago, haciéndole que sufra con una rica zanahoria inalcanzable, provocará una inesperada venganza inteligente de su 'mascota' en plena actuación.",7.794,https://image.tmdb.org/t/p/w500/oZJxWm6wY6OsWhulIWKknvTPwSY.jpg
Novecento,Novecento,1976,"Drama, Historia",314,"En el año 1901, en una finca en el norte de italia, nacen el mismo día el hijo de un terrateniente y el hijo de un bracero. La película narra la vida de ambos y sus respectivas familias durante ochenta años. La amistad de los protagonistas se verá nublada por sus diferentes actitudes frente al fascismo. Famoso drama que hace un complejo recorrido político y social por la Italia del siglo XX.",7.794,https://image.tmdb.org/t/p/w500/5BeMiIveAXnmHvuZVkRpCeE0pWR.jpg
"Primavera, verano, otoño, invierno... y primavera",봄 여름 가을 겨울 그리고 봄,2003,Drama,103,"Dos monjes viven en un monasterio aislado. Bajo la atenta mirada del más viejo, el más joven ve pasar las estaciones de la vida. Primavera: un niño monje se ríe de una rana que intenta librarse de una piedra que tiene en la espalda. Verano: un monje adolescente conoce el amor. Otoño: un monje de treinta años intenta hacer algo que va contra su naturaleza. Invierno: el monje está próximo a la vejez y alguien llega al monaterio. Primavera: el viejo monje conversa con la naturaleza; cerca de él juega un niño monje",7.8,https://image.tmdb.org/t/p/w500/A7dJXiyhcNkdJKsK3EeB8itzXWV.jpg
Predator: Asesino de asesinos,Predator: Killer of Killers,2025,"Animación, Acción, Ciencia ficción, Suspense",85,"Esta antología original de animación narra las aventuras de tres de los guerreros más fieros de la historia de la humanidad: una saqueadora vikinga que guía a su hijo en su sangrienta búsqueda de la venganza, un ninja del Japón feudal que se enfrenta a su hermano samurái en una brutal batalla por la sucesión y un piloto de la Segunda Guerra Mundial que surca los cielos para investigar una amenaza extraterrestre contra los Aliados.",7.792,https://image.tmdb.org/t/p/w500/8upWJ1KTR1bAPqXCHAuVOhfuiAZ.jpg
Whiplash,Whiplash,2013,"Drama, Música",18,Un batería con mucha ambición entra a formar parte de la orquesta de jazz de un conservatorio de élite. Cortometraje ganador en Sundance que sirvió para que Damien Chazelle consiguiera financiación para la realización del largometraje 'Whiplash' (2014).,7.791,https://image.tmdb.org/t/p/w500/2yQkiGAmztaBkGLjVIrHUYHTex5.jpg
La vida invisible de Eurídice Gusmão,A Vida Invisível,2019,Drama,139,"Río de Janeiro, Brasil, 1950. En el conservador hogar de la familia Gusmão, Eurídice y Guida son dos hermanas inseparables que se apoyan mutuamente. Si Guida puede compartir con su hermana menor los detalles de sus aventuras románticas, Eurídice encuentra en su hermana mayor el aliento que necesita para perseguir su sueño de convertirse en pianista profesional.",7.8,https://image.tmdb.org/t/p/w500/peHSj5hrhCFK3tsn54sWYqQnJse.jpg
El viento se levanta,風立ちぬ,2013,"Animación, Drama, Historia, Romance",125,"Jiro sueña con volar y diseñar hermosos aviones, inspirados por el famoso diseñador aeronáutico italiano Caproni. Corto de vista desde niño y por ello incapaz de volar, Jiro se une a la división aeronáutica de una compañía de ingeniería en 1927. Su genio pronto es reconocido y se convierte en uno de los más prestigiosos diseñadores aeronáuticos. La película relata su biografía y recrea sucesos históricos que marcaron su vida, como el terremoto de Kanto de 1923, la Gran Depresión, la epidemia de tuberculosis y la entrada de Japón en la guerra.",7.791,https://image.tmdb.org/t/p/w500/a1DKL2yPyxoZthv0du5gcAWA0gw.jpg
Los Diez Mandamientos,The Ten Commandments,1956,"Drama, Historia",220,"Drama bíblico ambientado en el Antiguo Egipto que narra la historia de Moisés (Charlton Heston), favorito de la familia del faraón, que decide renunciar a su vida de privilegios para conducir a su pueblo, los hebreos esclavizados en Egipto, hacia la libertad.",7.789,https://image.tmdb.org/t/p/w500/kUfNxdftpiADE92Ch2Z0IRZjwwm.jpg
Esencia de mujer,Scent of a Woman,1992,Drama,157,"Frank Slade es un malhumorado Coronel en la reserva del ejército norteamericano, retirado pues sufre de ceguera. Durante el fin de semana de Acción de Gracias el joven estudiante Charlie Simms, contratado por la familia de Slade, se queda en su casa para servirle de lazarillo y procurar que no beba mucho. Pero Frank tiene otros planes: irse a la gran ciudad de Nueva York... Remake de la película italiana de 1974 ""Profumo di donna"" (Perfume de mujer).",7.787,https://image.tmdb.org/t/p/w500/o4SBXaqUV6Xo11GE9xiQrRW3PtG.jpg
Z,Z,1969,"Suspense, Crimen, Drama",127,"En un país regido por una corrupta democracia, donde el gobierno utiliza a la Policía y al Ejército para erradicar cualquier amenaza izquierdista, un diputado de la oposición es asesinado en plena calle cuando acababa de presidir un mitin de carácter pacifista. De la investigación del caso se encarga un joven magistrado consciente de que se trata de un crimen político cometido por dos sicarios a sueldo. Al mismo tiempo, un ambicioso periodista se servirá de métodos poco ortodoxos para acumular pruebas que inculpen a varios militantes de un partido de extrema derecha, los cuales, a su vez, atribuyen la responsabilidad del atentado a altos cargos de la policía y del ejército.",7.788,https://image.tmdb.org/t/p/w500/ecsJAiMViUkFdeJ9sRzzxiCt7fa.jpg
Una mujer bajo la influencia,A Woman Under the Influence,1974,"Drama, Romance",155,"Nick (Peter Falk), un hombre de la construcción, tiene que cargar con la responsabilidad de cuidar a su mujer (Gena Rowlands) que padece inestabilidad emocional. Continuamente lucha por mantener la normalidad ante su extraño comportamiento, hasta que éste afecta sus hijos y será necesario que tome medidas.",7.787,https://image.tmdb.org/t/p/w500/xX9xyqocEh4OvkhGip9m9JjXNTe.jpg
Los cien pasos,I cento passi,2000,"Drama, Historia",114,"Sicilia, años 50. Cinisi es un pueblo de la provincia de Palermo, conocido por el aeropuerto de Punta Raisi, que los jefes de la mafia local utilizan para sus negocios. Aquí vive el pequeño Peppino Impastato, a cien pasos de la casa del boss Tano Badalamenti, con el que su familia mantiene una estrecha relación, marcada por la ley del silencio. Peppino agobia a su padre con continuas preguntas acerca de la actividad del mafioso, pero a cambio sólo obtiene silencio. En 1968, ya adolescente, comparte los ideales sociales y políticos de su generación y participa en una manifestación contra la ampliación del aeropuerto, que les quitaría las tierras a los campesinos. En los años siguientes, funda un periódico local y una emisora independiente (""Radio Out"") en la que se mofa de la mafia y de los que la protegen, llegando a suscitar la ira de Badalamenti (Tano Seduto) y la reprobación de su familia.",7.785,https://image.tmdb.org/t/p/w500/dsIo3vIcsaGqaryNAUcYNwPVXQp.jpg
El ocaso del Samurái,たそがれ清兵衛,2002,"Drama, Romance",129,"Japón, mediados del siglo XIX. Seibei Iguchi es un samurái de bajo rango que trabaja como burócrata. Viudo, vive con sus dos hijas, a las que adora, y con una madre ya senil, por lo que se ve obligado a hacer otros trabajos para poder sacarlas adelante. Una nueva oportunidad se presenta en su vida cuando se entera de que Tomoe, su amor de siempre, se ha divorciado de su cruel marido. Sin embargo, el rígido código de honor de los samuráis lo atará de pies y manos.",7.784,https://image.tmdb.org/t/p/w500/hdM5abIbokQGPr1qtr7Feywppyc.jpg
El rey de la comedia,The King of Comedy,1982,"Drama, Comedia",109,"Amarga comedia que narra la historia de Rupert Pupkin, un cómico obsesionado con convertirse en el mejor en su campo. Un día Rupert conoce a su ídolo, Jerry Langford, y le suplica la oportunidad de aparecer en su show, pero éste se la niega. Sin embargo no cejará en su empeño, acechando a Jerry hasta que consiga lo que quiere. Finalmente y con la ayuda de su amiga Masha secuestrarán a Langford para poder conseguir sus propósitos.",7.8,https://image.tmdb.org/t/p/w500/7z5ni7necxkhE2xEodbYB5IyrIP.jpg
Brokeback Mountain: En terreno vedado,Brokeback Mountain,2005,"Drama, Romance",134,"Verano de 1963. Dos vaqueros, Ennis Del Mar y Jack Twist, se conocen mientras hacen cola para ser contratados por el ranchero Joe Aguirre. Los dos aspiran a conseguir un trabajo estable, casarse y formar una familia. Cuando Aguirre les envía a cuidar ganado a la majestuosa montaña Brokeback, entre ambos surge un sentimiento de camaradería que deriva hacia una relación íntima. Al concluir el verano, tienen que abandonar Brokeback y seguir caminos diferentes.",7.784,https://image.tmdb.org/t/p/w500/kRgrTPM6uDiLBgASk8j3RBTE49d.jpg
Let the Bullets Fly,让子弹飞,2010,"Acción, Comedia",132,"En los turbulentos años 20 en China, el bandido Zhang Mazi (Jiang Wen), junto a Tang (Ge You), llega a la remota Ciudad del Ganso haciéndose pasar por su nuevo gobernador. Pero frente a él se encuentra el mafioso local Huang (Chow Yun Fat), quien vive en la ciudadela fortificada que domina la ciudad. Aunque Tang es consciente de los anteriores acuerdos financieros de Huang con el ex-gobernador de la ciudad, Zhang no está interesado en compartir su riqueza con un ladrón al que encuentra tan indigno como a si mismo.",7.782,https://image.tmdb.org/t/p/w500/vUvrjRRmC1BeI8QyMaRBdtIqHHn.jpg
Regreso al futuro II,Back to the Future Part II,1989,"Aventura, Comedia, Ciencia ficción",107,"Aunque a Marty McFly todavía le falta tiempo para asimilar el hecho de estar viviendo dentro de la familia perfecta gracias a su anterior viaje en el tiempo, no le queda ni espacio para respirar cuando su amigo Doc aparece de improviso con la máquina del tiempo (mucho más modernizada), e insta a que le acompañen él y su novia a viajar al futuro para solucionar un problema con la ley que tendrá uno de sus futuros hijos. En la tremenda vorágine futurista, con todo lo que ello conlleva, del Hill Valley de 2015, la presencia de tales viajeros temporales causará un efecto mayor que el que iban a arreglar. Un almanaque deportivo y la posesión del secreto de la existencia de la máquina del tiempo por parte del siempre villano Biff Tannen, serán los ingredientes que conjugarán una causa-efecto en el pasado, en el presente y en el propio futuro, que hará que Marty y Doc se tengan que emplear a fondo para poner fin a la catástrofe a la que les lleva el destino.",7.782,https://image.tmdb.org/t/p/w500/oTiQdzBOP5biNvzvrSPAvPxiSKH.jpg
Luca,Luca,2021,"Animación, Comedia, Drama, Familia, Fantasía",101,"Ambientada en un precioso pueblo costero de la Riviera italiana, narra la historia sobre el paso a la edad adulta de un chico que vive un verano inolvidable lleno de helados, pasta e infinitos paseos en scooter. Luca comparte estas aventuras con su nuevo mejor amigo, pero toda la diversión se ve amenazada por un secreto muy profundo: él es un monstruo marino de un mundo que yace bajo la superficie del agua.",7.781,https://image.tmdb.org/t/p/w500/pr06RihHOGE3waZQx5fs2WYUdwr.jpg
¡Scooby-Doo! Miedo En El Campamento,Scooby-Doo! Camp Scare,2010,"Animación, Comedia, Familia, Misterio",72,"Scooby-Doo y sus amigos se encuentran en un campamento de verano en el que cada vez que alguien cuenta una historia de miedo, la criatura de la que se habla ¡cobra vida!. Pero la pandilla de Misterio a La Orden no se asusta tan fácilmente. Reúnanse alrededor de la fogata para asar algunos chicos malos. Scooby-Doo, Shaggy, Freddy, Daphne y Vilma tratan de obtener pistas para resolver los misterios del Hombre del Bosque, el Pescador y el Espíritu del Cañón Negro. Y, por supuesto, ¡Shaggy y Scooby-Doo siguen muy de cerca el caso Qué hay para cenar!",7.8,https://image.tmdb.org/t/p/w500/odIvS781cBXRLkzlVis2jpQaxCz.jpg
Ninja Scroll,獣兵衛忍風帖,1993,"Fantasía, Animación, Acción",94,"Tras interminables años de guerra civil, el Japón feudal tiembla ante una terrible amenaza: la aparición del Shogun de las Tinieblas, que con su ejército de criaturas demoníacas y sanguinarios guerreros, pretende convertir a todo Japón en sangre y fuego. Un poderoso guerrero errante llamado Jubei estará dispuesto a enfrentarse al Shogun de las Tinieblas y acabar con él cueste lo que cueste. Jubei es un legendario samurai cuyas técnicas de combate le permiten derrotar a cualquier enemigo. Durante una pelea, salvará la vida de la joven ninja Kagero y ésta será decisiva en la batalla final: el enfrentamiento contra los ocho demonios de Kimon.",7.781,https://image.tmdb.org/t/p/w500/qV0MUr7rOOBU016J7sjm9uI2TUH.jpg
Fanny y Alexander,Fanny och Alexander,1982,"Fantasía, Drama, Misterio",189,"Fanny y Alexander son dos hermanos que pertenecen a la pintoresca familia Ekdahl, a principios de siglo XX. Sus padres, Oscar y Emilie, son el director y la actriz principal de la compañía local de teatro, respectivamente. Tras la repentina muerte de Oscar, Emilie se vuelve a casar con un predicador autoritario que les obliga a mantener una vida ascética. ""Fanny y Alexander"" fue mimada por la crítica y consiguió cuatro Oscars en la edición de 1984: dirección artística, fotografía, vestuario y película de habla no inglesa.",7.784,https://image.tmdb.org/t/p/w500/heSihYfiOqSNeWcuCRP2GoApZJO.jpg
Especiales,Hors Normes,2019,"Comedia, Drama",113,"Cuenta la historia real de Stephane Benhamou y de Daoud Tatou, dos amigos de distintas creencias religiosas que, 20 años atrás, crearon una organización sin ánimo de lucro para ayudar a niños y adolescentes autistas.",7.78,https://image.tmdb.org/t/p/w500/PNYpe8iqI9wxAoZRZvJaOdQDV.jpg
Dune,Dune,2021,"Ciencia ficción, Aventura",155,"En un lejano futuro, la galaxia conocida es gobernada mediante un sistema feudal de casas nobles bajo el mandato del Emperador. Las alianzas y la política giran entorno a un pequeño planeta, Dune,  del que extrae la 'especia melange', la materia prima que permite los viajes espaciales. La Casa Atreides, bajo el mandato del Duque Leto Atreides recibe el encargo de custodiar el planeta, relevando en la encomienda a sus históricos enemigos, los Harkonnen. Paul Atreides, hijo del duque, se verá atrapado en las intrigas políticas mientras descubre el destino que le deparan los desiertos de Dune.",7.78,https://image.tmdb.org/t/p/w500/szcew6yyjcDvaL0isaPBk2e3nkF.jpg
Still Walking (Caminando),歩いても 歩いても,2008,"Drama, Familia",114,"Un día de verano, unos hijos vuelven a la casa familiar para visitar a sus ancianos padres. Los dos llegan con sus respectivas familias para conmemorar la trágica muerte del hijo mayor en un accidente ocurrido hace quince años. Aunque la casa y la comida familiar apenas han variado, el paso de los años permite observar ligeros cambios en cada uno de los miembros de la familia: el amor se mezcla con el rencor y todos guardan algún secreto.",7.8,https://image.tmdb.org/t/p/w500/r5SfDRd6602ve4ZV3T8ipS2J9GN.jpg
Un momento para recordar,내 머리 속의 지우개,2004,"Drama, Romance",144,"Por un despiste, seguido de un malentendido, los jóvenes Su-Jin y Cheol-Su cruzan sus vidas. La atracción y la química surge entre ellos; así como un problema: Cheol-Su trabaja como carpintero para el padre de ella. Algo inesperado pondrá a prueba su relación.",7.778,https://image.tmdb.org/t/p/w500/jYnWHteL9i4OFMaKjujGV3D4F3g.jpg
Como en un espejo,Såsom i en spegel,1961,Drama,91,"Durante un hermoso verano, un escritor, siempre demasiado ocupado y de temperamento frío y distante, va a pasar unos días con sus hijos, un adolescente y una joven con problemas mentales, que está casada con un médico que la cuida con gran ternura. Su estancia en la isla donde viven sus hijos desencadena una crisis que los afecta a todos, pero especialmente a él, porque toma conciencia de su incapacidad para darle a su familia lo que espera de él.",7.8,https://image.tmdb.org/t/p/w500/sUiZBbLMHmB70eYK9VRHNjZWsHp.jpg
Interstella 5555: The 5tory of the 5ecret 5tar 5ystem,Interstella 5555: The 5tory of the 5ecret 5tar 5ystem,2003,"Animación, Ciencia ficción, Música, Aventura",65,"Un malvado empresario secuestra y lava el cerebro a un grupo de rock extraterrestre, los convierte en estrellas de rock prefabricadas, los envía a la Tierra y los manipula hasta hacer que sean los números uno en todas las listas, dándole a él más poder.",7.8,https://image.tmdb.org/t/p/w500/bZjLFAT4XS1mKjVycL22zsn8FN8.jpg
Carta de una desconocida,Letter from an Unknown Woman,1948,"Drama, Romance",87,"Un célebre pianista en el ocaso de su carrera, recibe un día una carta de una joven desconocida, Lisa Berndle, que le revela el amor que ha sentido por él en secreto desde la infancia. En ella le recuerda los pocos encuentros que han tenido y le comunica que, de ellos, nació un hijo, que murió de tifus siendo muy niño. También le cuenta que se casó con un diplomático, sin esconderle que su corazón estaba en otro lugar y que esta carta la está escribiendo en su lecho de muerte. En ese momento el pianista comprende por qué, el día anterior, le ha retado a duelo un diplomático vienés.",7.8,https://image.tmdb.org/t/p/w500/pW0Qv5ku8UoCCoNqESirzUuziA0.jpg
Straight Outta Compton: Letras Explicitas,Straight Outta Compton,2015,"Drama, Música, Historia",147,"A mediados de los 80, el barrio californiano de Compton era uno de los lugares más peligrosos de Estados Unidos. Cuando un grupo de jóvenes convirtieron sus experiencias vitales en una música brutalmente sincera que se rebelaba contra la autoridad, le dieron voz a una generación silenciada. Siguiendo la meteórica trayectoria de N.W.A. (formado por Arabian Prince, DJ Yella, Dr. Dre, Eazy-E, Ice Cube y MC Ren), la película narra la historia de cómo estos chicos revolucionaron para siempre la música y la cultura popular al contar al mundo cómo era realmente la vida en el ghetto.",7.776,https://image.tmdb.org/t/p/w500/bjVN5D5AXjGVTJAJX469aOzGgnc.jpg
Predator: Badlands,Predator: Badlands,2025,"Acción, Ciencia ficción, Aventura",107,Un joven Predator rechazado por su clan encuentra un aliado inesperado en Thia y emprende un peligroso viaje en busca del adversario definitivo.,7.775,https://image.tmdb.org/t/p/w500/8nCEJ5hFJt0h8FhXafHGhEhT8d7.jpg
La chica que saltaba a través del tiempo,時をかける少女,2006,"Fantasía, Animación, Drama, Ciencia ficción",98,"Una adolescente sufre un accidente y descubre que desde entonces puede saltar hacia atrás y hacia delante en el tiempo, poder que utilizará para encauzar su caótica vida estudiantil y amorosa en el instituto.",7.776,https://image.tmdb.org/t/p/w500/fTWFUDt9r6KOf3GYxh40NjEMklx.jpg
Despertares,Awakenings,1990,Drama,120,"A finales de los años sesenta, el doctor Malcolm Sayer, un neurólogo neoyorquino, decide utilizar un medicamento nuevo para tratar a sus pacientes de encefalitis letárgica, enfermedad que priva de las facultades motoras a las personas que la padecen hasta reducirlas a un estado vegetativo. Poco a poco empezará a manifestarse cierta mejoría en los pacientes, especialmente en Leonard Lowe.",7.773,https://image.tmdb.org/t/p/w500/dkQfTT6hpfll4dzhfC0pNjRwXAe.jpg
El silencio de un hombre,Le Samouraï,1967,"Crimen, Suspense, Drama",105,"La historia de un hermético y frío asesino a sueldo, interpretado por Alain Delon, es una de las obras más notables del cine negro francés.",7.8,https://image.tmdb.org/t/p/w500/rjA2UW47qTIeuL6aNHTbUu6yTP6.jpg
No amarás,Krótki film o miłości,1988,"Drama, Romance",87,"Tomek es un joven de 19 años obsesionado con Magda, una mujer treintañera a la que espía cada tarde con unos prismáticos. Ella vive su vida de manera muy liberal, sin prejuicios, invitando a su casa a innumerables hombres. Tomek, enamorado y celoso, decide trabajar como repartidor de leche para así poder estar más cerca de Magda y a su vez interrumpir sus citas amorosas. Un día Tomek decide explicar la verdad a Magda y declararle su amor, pero descubrirá que el amor no es un juego tan sencillo como él creia",7.774,https://image.tmdb.org/t/p/w500/qaQrStE7ia1pAvEGHsnZkk3ghYZ.jpg
Rififi,Du rififi chez les hommes,1955,"Crimen, Suspense, Drama",118,"Después de cumplir cinco años de condena, Tony Le Stephanois sale de prisión con la intención de cambiar de vida, pero se encuentra con que su antigua amante está con un conocido gángster. Así las cosas, y careciendo de recursos económicos, no le queda más remedio que volver a su vida pasada y reunirse con sus viejos compinches. Durante semanas prepara minuciosamente con ellos un golpe perfecto: el atraco a una inaccesible joyería de París.",7.772,https://image.tmdb.org/t/p/w500/kKGrux7ERvRY84uOV5TV9Pi15cf.jpg
One Piece: Estampida,ONE PIECE STAMPEDE,2019,"Animación, Acción, Aventura, Fantasía",101,"La película tiene lugar durante la Pirates Expo, ""hecha por piratas para piratas"", donde los piratas de todo el mundo, incluidos algunos de sus personajes más infames, se unen a la búsqueda de un gran tesoro para encontrar un tesoro perdido, esta vez el tesoro. Perteneció nada menos que a Gold Roger!",7.771,https://image.tmdb.org/t/p/w500/xyDaLADqd2BUUk0kRDtmaX3sjQV.jpg
La ballena (The Whale),The Whale,2022,Drama,117,Un solitario profesor de inglés con obesidad severa intenta reconectar con su hija adolescente en una última oportunidad de redención.,7.77,https://image.tmdb.org/t/p/w500/5PXybRV6hVkteNZsxLeSC1FV3kx.jpg
THE FIRST SLAM DUNK,THE FIRST SLAM DUNK,2022,"Animación, Comedia, Drama",125,"Ryota Miyagi, un jugador inteligente y veloz, se une al equipo de baloncesto de Shohoku, donde compite junto a Sakuragi, Rukawa, Akagi y Mitsui en el campeonato nacional. Su próximo desafío: enfrentarse al campeón defensor, el instituto Sannoh Kogyo.",7.77,https://image.tmdb.org/t/p/w500/pWVJqFFeKBH3bp9szlNJpoHQFxt.jpg
No seas malo,Non essere cattivo,2015,"Crimen, Drama",100,"Años 90, en las afueras de Roma hacia Ostia, mismo lugar donde acontecían los films de Pasolini. Sus personajes, en los 90, parecen pertenecer a un mundo que gira alrededor del hedonismo. Un mundo donde el dinero, coches de lujo, clubes nocturnos, cocaína y drogas sintéticas son fáciles de encontrar. Un mundo donde Vittorio y Cesare, veinteañeros, van en busca de su propio éxito. El inicio de su existencia tendrá un alto precio para Vittorio: para salvarse a sí mismo, abandona a Cesare, que inexorablemente se hundirá. Pero el vínculo que los une es tan fuerte que en realidad Vittorio nunca le abandonará, siempre con la esperanza de afrontar el futuro con una nueva mirada. Juntos.",7.77,https://image.tmdb.org/t/p/w500/hVuDIBxVxQbPRXhlzWQDgloEQ6L.jpg
Solaris,Солярис,1972,"Drama, Ciencia ficción, Misterio",166,Un científico es enviado a la estación espacial de un remoto planeta cubierto de agua para investigar la misteriosa muerte de un médico. Adaptación del clásico de ciencia-ficción del escritor polaco Stanislaw Lem.,7.8,https://image.tmdb.org/t/p/w500/69J6Hplvaw5o5lfCRqFRd4nmuH7.jpg
Para toda la vida,All My Life,2020,"Romance, Drama",93,"Jenn Carter y Sol Chau están enamorados, tienen toda la vida por delante y piensan casarse dentro de unos meses. Pero, en diciembre, a Sol le diagnostican un cáncer terminal, que trunca todos sus planes, haciendo imposible que la boda se celebre en verano. En una carrera contrarreloj, los amigos y la familia de la pareja organizan una colecta en internet para recaudar fondos y conseguir que tengan la boda soñada en tan solo dos semanas. Su gesto desata una ola de generosidad y preocupación entre un gran número de personas que deciden celebrar con ellos el poder del amor. Mientras tanto, la relación de Jenn y Sol se hace aún más profunda, recordándonos que la fuerza del amor verdadero no tiene límites.",7.767,https://image.tmdb.org/t/p/w500/qc66IHJojLE9O56xZnnTS3qgmTX.jpg
El rey y el ruiseñor,Le Roi et l'Oiseau,1980,"Animación, Familia, Fantasía",83,"El rey ""Carlos V más Tres son Ocho y Ocho Dieciséis"", domina de forma tiránica el reino de Taquicardia. Solamente un pájaro, risueño y parlanchín, que ha construido su nido encima de la torre del palacio, se atreve a plantarle cara. El rey está enamorado de una pastora encantadora que, surgiendo de una de las pinturas del palacio, se personifica cada noche para encontrarse con el deshollinador que sale, por su lado, del cuadro vecino. El rey quiere casarse con ella, pero la chica a quien ama de verdad es a su humilde enamorado. Ambos deciden escapar del rey y se esconden en la cima de la torre más alta del palacio, donde salvan a un pajarito imprudente que ha quedado atrapado en una de las trampas del tirano. El pájaro rebelde, agradecido por este acto heróico hacia una de sus crías, promete ayudarlos en su huída.",7.767,https://image.tmdb.org/t/p/w500/c7HetYGbwIQ9m7MyXj4gYtqkIbE.jpg
Haz lo que debas,Do the Right Thing,1989,Drama,110,"En uno de los barrios más humildes de Brooklyn, Bedford Stuyvesant, conviven atropelladamente varias familias de raza negra, algunos hispanos, una pareja de comerciantes vietnamitas y una familia de italoamericanos que tienen una pizzeria. Mookie, un chico que trabaja de repartidor de pizzas, es un testigo privilegiado de los personajes y de los hechos cotidianos que tienen lugar en el barrio, así como de las tensiones y las actitudes racistas de algunos de sus habitantes",7.767,https://image.tmdb.org/t/p/w500/fu5kXCAX9xcjpCSeEROYZ3iBdLb.jpg
Nueve reinas,Nueve reinas,2000,"Crimen, Suspense, Drama",114,"Buenos Aires. Juan y Marcos son dos estafadores que están a punto de dar el golpe de sus vidas, el que puede convertirles, al fin, en millonarios. Sólo disponen de 24 horas, pero si lo planifican todo al detalle, nada puede salir mal... o eso creen.",7.766,https://image.tmdb.org/t/p/w500/v8l85vxFe9J1uEvK9qyIMBlYJNv.jpg
Nueve reinas,Nueve reinas,2000,"Crimen, Suspense, Drama",114,"Buenos Aires. Juan y Marcos son dos estafadores que están a punto de dar el golpe de sus vidas, el que puede convertirles, al fin, en millonarios. Sólo disponen de 24 horas, pero si lo planifican todo al detalle, nada puede salir mal... o eso creen.",7.766,https://image.tmdb.org/t/p/w500/v8l85vxFe9J1uEvK9qyIMBlYJNv.jpg
La parada de los monstruos,Freaks,1932,"Drama, Terror",64,"En un circo lleno de seres deformes, tullidos y personas con diversas amputaciones, Hans, uno de los enanos, hereda una fortuna. A partir de ese momento, Cleopatra, una bella contorsionista, intentará seducirlo para hacerse con su dinero. Para lograr su objetivo, traza un plan contando con la complicidad de Hércules, el forzudo del circo...",7.765,https://image.tmdb.org/t/p/w500/2FfobmyEH4rLACOeAqA8L7VJGEC.jpg
Los niños de Winton,One Life,2023,"Historia, Drama",110,"Un joven corredor de bolsa británico, Nicholas ""Nicky"" Winton (Anthony Hopkins), ayudó a rescatar a cientos de niños de los nazis en vísperas de la Segunda Guerra Mundial, con la ayuda de su madre (Helena Bonham Carter). Un acto de compasión casi olvidado durante 50 años, y del que Nicky vive atormentado por los fantasmas de los niños a los que no pudo rescatar, culpándose por no haber hecho más.",7.764,https://image.tmdb.org/t/p/w500/sFFIZbML4aXY0alLvyfDIE0VUZW.jpg
Hacia la libertad,Emancipation,2022,"Drama, Bélica, Historia",132,"Inspirada en la conmovedora historia real de un hombre dispuesto a cualquier cosa por su familia, y por la libertad. Cuando Peter, un hombre esclavizado, arriesga su vida por escapar y regresar con su familia, se embarca en una peligrosa travesía de amor y resiliencia.",7.764,https://image.tmdb.org/t/p/w500/i189g3TK7XGxOoDqGNFF7eaqVKR.jpg
El laberinto del fauno,El laberinto del fauno,2006,"Fantasía, Drama, Bélica",112,"En la España falangista de 1944, una joven aficionada a los libros e hijastra de un sádico oficial del ejército huye a un misterioso pero cautivador mundo de fantasía.",7.764,https://image.tmdb.org/t/p/w500/gWPkUFGlO7ZIiArUcWRBmvAwVjB.jpg
Shrek,Shrek,2001,"Animación, Comedia, Fantasía, Aventura, Familia",92,"Hace mucho, mucho tiempo, en una lejanísima ciénaga vivía un intratable ogro llamado Shrek. Pero de repente, un día, su absoluta soledad se ve interrumpida por una invasión de sorprendentes personajes de cuento. Hay ratoncitos ciegos en su comida, un enorme y malísimo lobo en su cama, tres cerditos sin hogar y otros muchos seres increíbles que han sido deportados de su reino por el malvado Lord Farquaad. Para conseguir salvar su terreno, y de paso a sí mismo, Shrek hace un pacto con Farquaad y emprende viaje para conseguir que la preciosa princesa Fiona sea la novia del Lord. En tan importante misión le acompañan un burro chistoso, dispuesto a hacer cualquier cosa por Shrek. Todo, menos estarse calladito. Rescatar a la princesa de una dragona enamoradiza que suelta fuego al respirar va a resultar una tontería comparado con lo que ocurre cuando el oscuro secreto que la joven guardaba es revelado.",7.764,https://image.tmdb.org/t/p/w500/jTQONM7jt1yv2lL972TtmWO0UIZ.jpg
En brazos de un asesino,En brazos de un asesino,2019,"Romance, Suspense",101,"Victor (William Levy) es uno de los hombres más guapos del mundo, pero tiene un secreto profundo: es un asesino a sangre fría. Con voz suave y seductora, Víctor fue criado para hacer una sola cosa, que es matar por dinero. Cuando es enviado a la casa de un brutal narcotraficante para cobrar el pago de su golpe más reciente, se encuentra con la bella Sarai (Alicia Sanz), que se ha visto obligada a pasar los últimos 9 años de su vida con el narcotraficante.",7.763,https://image.tmdb.org/t/p/w500/vOF2dVniPoc2Y5yVG1F3GvbP4Y9.jpg
Zootrópolis,Zootopia,2016,"Animación, Aventura, Familia, Comedia",108,"La moderna metrópoli mamífera de Zootrópolis es una ciudad absolutamente única. Está compuesta de barrios con diferentes hábitats como la lujosa Plaza Sahara, el Distrito Selva Tropical y el gélido Distrito Tundra. Es un crisol donde los animales de cada entorno conviven, un lugar donde no importa lo que seas. De hecho puedes ser cualquier cosa, desde un elefante enorme hasta la musaraña más diminuta. Pero cuando llega la optimista agente Judy Hopps, descubre que ser la primera conejita de un cuerpo policial compuesto de animales duros y enormes no es nada fácil. Pero está decidida a demostrar su valía y se mete de cabeza en un caso, a pesar de que eso significa trabajar con Nick Wilde, un zorro parlanchín y estafador, para resolver el misterio.",7.763,https://image.tmdb.org/t/p/w500/4zIlT48TgNLuJpUtFOkFITHoCQE.jpg
La vida de Brian,Life of Brian,1979,Comedia,94,"Delirante y divertidísima comedia que relata, a golpe de carcajada, la vida de un desastre de hombre, contemporáneo de Jesucristo, que es confundido por el pueblo con un mesías. Que nadie se confunda: ""Life of Brian"" no es una amalgama de escenas absurdas que hacen reír, es una brillante sátira que desborda con un humor maravillosamente inteligente. Obra capital de los geniales Monty Python, su gozosa visión está llena de memorables gags que la encumbran como una de las mejores parodias de la historia del cine.",7.763,https://image.tmdb.org/t/p/w500/b4JaQ2ZjPxblj3E3S9ga5ykTita.jpg
Donnie Darko,Donnie Darko,2001,"Fantasía, Drama, Misterio",113,"Donnie es un chico americano dotado de gran inteligencia e imaginación. Tras escapar milagrosamente de una muerte casi segura, comienza a sufrir alucinaciones que lo llevan a actuar como nunca hubiera imaginado y a descubrir un mundo insólito a su alrededor, pues en sus visiones un gran conejito lo manipula para cometer una serie de crímenes.",7.763,https://image.tmdb.org/t/p/w500/1YjDHBC4v2O7IQDKYAiM8fOxzf3.jpg
El último,Der letzte Mann,1924,Drama,90,"Un portero de un lujoso hotel, es bruscamente degradado a mozo de los lavabos. Privado de su antiguo trabajo y del uniforme que le identifica, intenta ocultar su nueva condición, pero su vida se desintegra lentamente.",7.762,https://image.tmdb.org/t/p/w500/r23jNChGtptT7elVDbBaBH6TwsK.jpg
El cielo sobre Berlín,Der Himmel über Berlin,1987,"Drama, Fantasía, Romance",128,"Dos ángeles sobrevuelan Berlín, ciudad dividida por el ""muro de la vergüenza"". Sólo son visibles para los niños y los hombres de corazón puro. Testigos impotentes que no pueden cambiar el curso de los acontecimientos, sienten una gran compasión por los seres humanos. Uno de ellos, decidido a conocer los sentimientos de los mortales, se enamora de una joven trapecista.",7.8,https://image.tmdb.org/t/p/w500/3BUvkcxlIjrZN0wlgIK0cB8rAtp.jpg
El violinista en el tejado,Fiddler on the Roof,1971,"Drama, Romance",181,"Teyve es el lechero de un pueblo ucraniano. Vive feliz con su esposa y sus cinco hijas, todas ellas solteras. Una tarde, mientras hace su reparto, conoce a Perchick, un pobre estudiante de Kiev con ideales revolucionarios. Los dos simpatizan y Teyve le ofrece casa y comida a cambio de que le dé clases a una de sus hijas. Al mismo tiempo, Lazar Wolf, un rudo carnicero que se ha quedado viudo, pide a Teyve la mano de Tzeitel, su hija mayor, y éste se la concede.",7.761,https://image.tmdb.org/t/p/w500/waP7s3uinY79ekh6vGw61vAeKE5.jpg
Ip Man,葉問,2008,"Drama, Acción, Historia",106,"Foshan, años treinta. Ip Man, respetado maestro de Wing Chun, combina el estudio de las artes marciales con los combates ocasionales a los que se ve forzado por parte de sus admiradores. Son tiempos de prosperidad a los que la guerra con Japón amenaza con poner fin. Con la ocupación estallará la tragedia e Ip Man se verá obligado a defender el honor de su pueblo. Ip Man (o también conocido como Yip Man), fue maestro y mentor de Bruce Lee.",7.761,https://image.tmdb.org/t/p/w500/6BNa7SL9qrs3iaoMtdXIYqF58s3.jpg
The Chaser,추격자,2008,"Crimen, Suspense, Acción",125,"Joong-ho, un antiguo detective convertido en proxeneta, tiene problemas financieros, ya que algunas de sus chicas han desaparecido. Al intentar encontrarlas, averigua que han sido reclutadas por un cliente que padece una oscura obsesión. Thriller coreano que se colocó en el Top de las películas más taquilleras de la historia del país. (FILMAFFINITY)",7.761,https://image.tmdb.org/t/p/w500/3Y5COpcDL8I9u4GdUl0HskNO8zI.jpg
La cena de los idiotas,Le Dîner de cons,1998,Comedia,80,"Para Pierre Brochant y sus amigos el miércoles es el día de los idiotas. La idea es simple: cada uno debe llevar consigo un idiota. El que consiga llevar a la cena el idiota más espectacular de todos es el ganador. Esa noche, Brochant está pletóric: ha encontrado una auténtica joya. Un idiota redomado. François Pignon, un chupatintas del Ministerio de Finanzas, es un hombre apasionado por sus construcciones hechas a base de cerillas. Lo que Brochant ignora es que Pignon es un auténtico gafe, un maestro en el arte de provocar catástrofes.",7.761,https://image.tmdb.org/t/p/w500/rPjrpJr6ep1YW8dKDWW9dNhG5Fw.jpg
Los mejores años de nuestra vida,The Best Years of Our Lives,1946,"Drama, Romance, Bélica",170,"Tras la Segunda Guerra Mundial (1939-1945), los soldados supervivientes, algunos con taras físicas, regresan a los Estados Unidos. Aunque al principio se les trata como héroes, poco tiempo después comienzan a verse marginados.",7.8,https://image.tmdb.org/t/p/w500/go8vB0DsCStVvr6vc1kv8LVmEep.jpg
Polisse,Polisse,2011,"Drama, Crimen",123,"París, Francia. Fred y sus colegas, miembros de la BPM, la Unidad de Protección de Menores de la Policía, dedicada a perseguir todo tipo de delitos cometidos contra los más débiles, deben soportar el escrutinio de Melissa, una fotógrafa encargada de documentar gráficamente la rutina diaria del equipo.",7.76,https://image.tmdb.org/t/p/w500/jt5iH1ffawf3NXX0YVgfSexQH8H.jpg
La carreta fantasma,Körkarlen,1921,"Drama, Fantasía, Terror",108,"Es Nochevieja. Tres borrachos evocan una leyenda según la cual si un gran pecador es la última persona que muere al terminar el año, entonces tendrá que conducir durante un año entero la Carreta Fantasma que recoge las almas de los muertos. David Holm, uno de los tres borrachos, muere cuando suena la última campanada de la medianoche...",7.76,https://image.tmdb.org/t/p/w500/cViRi9KUS06qfDKG89BuDoXa2hn.jpg
Rental Family (Familia de alquiler),Rental Family,2025,"Drama, Comedia",110,"Ambientada en el Tokio actual, sigue a un actor estadounidense que lucha por encontrar un propósito en la vida hasta que consigue un trabajo inusual: trabajar para una agencia japonesa de ""familias de alquiler"", interpretando papeles de suplente para desconocidos. A medida que se sumerge en el mundo de sus clientes, comienza a establecer vínculos genuinos que difuminan las líneas entre la actuación y la realidad. Al enfrentarse a las complejidades morales de su trabajo, redescubre el propósito, la pertenencia y la tranquila belleza de las relaciones humanas.",7.76,https://image.tmdb.org/t/p/w500/tqNMl8WfOFSfxFgznVOH5Ekm84P.jpg
Batman: Capucha Roja,Batman: Under the Red Hood,2010,"Misterio, Crimen, Animación",75,"Batman se enfrenta a su último desafío, el misterioso Capucha Roja tiene una tormenta en la ciudad de Gotham. Una parte vigilante, una parte capo criminal, Red Hood comienza la limpieza de Gotham con la eficiencia de Batman, pero sin seguir el mismo código ético. Matar es una opción. Y cuando el Joker cae en el equilibrio entre los dos, duras verdades se revelan y se vuelven a abrir viejas heridas.",7.757,https://image.tmdb.org/t/p/w500/p8UzVTfi9ualTRzS7o8za8ctAAI.jpg
Big Fish,Big Fish,2003,"Aventura, Fantasía, Drama",125,"""Big Fish"" cuenta la historia entre un padre moribundo, Edward Bloom (Albert Finney), y su hijo Will (Ewan McGregor), quien trata de aprender más acerca de su progenitor, reuniendo las distintas historias que este le ha contado. Así, Will recrea su vida en una serie de leyendas y mitos inspirados por los pocos hechos que conoce. Pero a partir del deseo de su madre Sandy, por reunir al padre con su hijo, este comienza a comprender la debacle de su padre. En sus relatos hay viajes alrededor del mundo, y delirios que incluyen gigantes, tornados y brujas.",7.757,https://image.tmdb.org/t/p/w500/m4gYCeV4GfGDw4PpMgU9kFIaNxP.jpg
Los odiosos ocho,The Hateful Eight,2015,"Drama, Misterio, Western",187,"Seis, ocho o doce años después de la Guerra de Secesión, una diligencia avanza a toda velocidad por el invernal paisaje de Wyoming. Los pasajeros, el cazarrecompensas John Ruth y su fugitiva Daisy Domergue, intentan llegar rápidamente al pueblo de Red Rock, donde Ruth, conocido en estos lares como 'el Verdugo', entregará a Domergue a la justicia. Por el camino, se encuentran con dos desconocidos: el mayor Marquis Warren, un antiguo soldado negro de la Unión convertido en cazarrecompensas de mala reputación, y Chris Mannix, un renegado sureño que afirma ser el nuevo sheriff del pueblo. Como una ventisca está a punto de alcanzarlos, Ruth, Domergue, Warren y Mannix se refugian en la Mercería de Minnie, una parada para diligencias de un puerto de montaña. Cuando llegan al local de Minnie, en lugar de recibirlos su dueña, se topan con cuatro rostros desconocidos.",7.756,https://image.tmdb.org/t/p/w500/7DYGdFT4gtiD5BI6xyOU6v0XXvi.jpg
Los intocables de Eliot Ness,The Untouchables,1987,"Crimen, Historia, Suspense",119,"El joven agente del tesoro Elliot Ness llega a Chicago con la determinación de detener a Al Capone. No va a ser tarea fácil, puesto que Capone tiene a la policía en el bolsillo. Ness conoce a Jimmy Malone, un guardia veterano y probablemente el más honrado de todo el cuerpo, al que Ness pide ayuda en su cruzada contra Capone.",7.8,https://image.tmdb.org/t/p/w500/pVcWaUbFDL76ObIsReIBQ5ILMHv.jpg
Las vidas de Grace (Short Term 12),Short Term 12,2013,Drama,101,"Grace es una joven de veintitantos años que trabaja como supervisora en Short Term 12, un centro de acogida para adolescentes en situación de vulnerabilidad. Le encanta su empleo y está entregada al cuidado de los chavales, pero al mismo tiempo se debate con su propio pasado conflictivo. Cuando ingresa en el centro una chica inteligente e inquieta llamada Jayden, Grace se da cuenta de que no puede seguir dando la espalda a los problemas que arrastra desde su propia infancia.",7.754,https://image.tmdb.org/t/p/w500/oHXiJRArx9F9dk22FUmtduGWflT.jpg
Parcialmente nublado,Partly Cloudy,2009,"Animación, Familia, Comedia, Fantasía",6,"Las creaciones de Gus son obras de arte, pero no lo son tanto para la cigüeña que tiene asignada y que se encarga de hacer las entregas, Peck.",7.755,https://image.tmdb.org/t/p/w500/vXk2a5TFp6TmqQ31DXJuOHDJnVJ.jpg
Ponyo en el acantilado,崖の上のポニョ,2008,"Animación, Fantasía, Familia",100,"La historia se centra en Sosuke, un niño de 5 años, y su relación con una princesa pez que ansía convertirse en un ser humano. Libre adaptación de ""La sirenita"" que obtuvo muy buena acogida de la crítica en el Festival de Venecia 2008.",7.754,https://image.tmdb.org/t/p/w500/ew6o3jOBGnx8GETvCkIanorvjka.jpg
Amor,Amour,2012,"Drama, Romance",127,"Crudo retrato de la vejez y de la muerte. Jean-Louis Trintignant y Emmanuelle Riva forman una pareja ya octogenaria, músicos retirados, que viven en París. Isabelle Huppert interpreta a la hija de ambos. El amor de la pareja será puesto a prueba en el momento en que ella sufre una grave parálisis.",7.754,https://image.tmdb.org/t/p/w500/bEFQ6P54HAC0LrcPJEGp5qM2Jey.jpg
Juegos prohibidos,Jeux interdits,1952,"Drama, Bélica",86,"Junio de 1940. Centenares de franceses, entre los que se encuentran la pequeña Paulette y sus padres, se dirigen en un desesperado éxodo hacia el sur de Francia. Los aviones nazis sobrevuelan el camino y bombardean sin piedad a la multitud. Los padres de Paulette y su perro mueren durante el ataque. Alguien lanza el cadáver del animal al río, pero la niña, incapaz de separarse de él, decide seguirlo, lo que propicia su encuentro con Michel, un chico de once años, que la lleva a la granja de sus padres, donde es muy bien acogida.",7.754,https://image.tmdb.org/t/p/w500/9giNxXKhfLcDduidtr7VxVD6hX4.jpg
La noche americana,La Nuit américaine,1973,"Comedia, Drama",116,El rodaje de una película tropieza con una serie de dificultades que afectan tanto a los miembros del equipo como a la propia película.,7.754,https://image.tmdb.org/t/p/w500/ngHxfiyt8JO3cCU5ljRxHu5tqj9.jpg
Dogville,Dogville,2003,"Crimen, Drama, Suspense",178,"Grace llega a la remota localidad de Dogville huyendo de una banda de «gangsters». Persuadidos por las palabras de Tom, que se ha erigido en portavoz de la pequeña comunidad, sus integrantes se avienen a ocultarla. Grace, en justa correspondencia, acepta trabajar para ellos. Sin embargo, cuando Dogville sea sometido a una intensa vigilancia policial para dar con la fugitiva, sus habitantes exigirán un acuerdo más favorable, que les compense del peligro que corren al darle cobijo. Grace aprenderá, de un modo brutal, que en este lugar la bondad es algo muy relativo. Pero ella guarda un secreto que no quiere desvelar.",7.754,https://image.tmdb.org/t/p/w500/fvWcHU44Kn7L1Ve64ye2WQWA2tf.jpg
Palabras en las paredes del baño,Words on Bathroom Walls,2020,"Drama, Romance",111,Un adolescente que padece esquizofrenia paranoide espera que su nuevo tratamiento con un medicamento experimental le permita llevar una vida normal tanto en el instituto como fuera de él.,7.753,https://image.tmdb.org/t/p/w500/g1XIrwagaEBrF3gPGu9etsDQRQH.jpg
Un paseo para recordar,A Walk to Remember,2002,"Drama, Romance",100,"Jamie era la última persona de la que se enamoraría Landon. Demasiado seria y conservadora para su gusto. Hija de un pastor de la iglesia baptista, Jamie no tenía miedo de manifestar que la fe era lo más importante en su vida, aunque ello le costara las críticas de sus compañeros. Landon y su pandilla mandaban en la escuela, pero su reinado terminaría en cuanto salieran del instituto y tuvieran que afrontar las responsabilidades de la vida.",7.753,https://image.tmdb.org/t/p/w500/ud1yId0IvFKBseGf4KXwmjShwsN.jpg
Rain Man,Rain Man,1988,Drama,133,"Charlie Babbitt, un joven sin corazón, espera recibir una considerable herencia tras la muerte de su padre, del que estaba distanciado. Sin embargo, alguien a quien Charlie no ha tenido en absoluto en cuenta, su hermano mayor Raymond, recluido en una institución medica, recibe toda la fortuna del testamento. Raymond es un autista con capacidad mental limitada en algunos aspectos, pero con dotes de genio en otros.",7.753,https://image.tmdb.org/t/p/w500/mPX2v7MbalB9FbGsUylKW91J68E.jpg
El peor vecino del mundo,A Man Called Otto,2022,"Comedia, Drama",126,"Otto Anderson es un viudo cascarrabias y muy obstinado. Cuando una alegre joven familia se muda a la casa de al lado, Otto encuentra la horma de su zapato en la espabilada, y muy embarazada, Marisol, lo que conlleva a una muy improbable amistad que pondrá su mundo patas arriba.",7.751,https://image.tmdb.org/t/p/w500/8bNLrZt9lrmnt6LsaGG8GfDfgYR.jpg
La cumbre de los dioses,Le Sommet des dieux,2021,"Animación, Aventura, Misterio",95,"¿George Mallory murió subiendo o bajando por la cima del Everest, el 8 de junio de 1924? Setenta años después, cuando Fukamachi, un joven reportero, compra una vieja cámara Kodak en un mercado de Katmandú, cree que puede encontrar la respuesta. Este descubrimiento lo lleva al mundo de los montañeros ansiosos que persiguen conquistas imposibles, donde el amor y los fantasmas se entrelazan.",7.751,https://image.tmdb.org/t/p/w500/xHJAunNc8wyC4hOprU1Vur7dgSs.jpg
Cómo entrenar a tu dragón 3,How to Train Your Dragon: The Hidden World,2019,"Animación, Familia, Aventura",110,"Lo que comenzó como la inesperada amistad entre un joven vikingo y un temible dragón, Furia Nocturna,  se ha convertido en una épica trilogía que ha recorrido sus vidas. En esta nueva entrega, Hipo y Desdentao descubrirán finalmente su verdadero destino: para uno, gobernar Isla Mema junto a Astrid; para el otro, ser el líder de su especie. Pero, por el camino, deberán poner a prueba los lazos que los unen, plantando cara a la mayor amenaza que jamás haya afrontado... y a la aparición de una Furia Nocturna hembra.",7.751,https://image.tmdb.org/t/p/w500/rhnoAReqO3Xoe6GbJhT3409lnq8.jpg
El brazo de brillantes,Бриллиантовая рука,1969,"Aventura, Comedia, Crimen",94,"Semyon Gorbunkov está disfrutando de un crucero. En Estambul, se tropieza y se rompe el brazo. Lo que no sabe es que es una señal para una mafia contrabandista, que le vendará el brazo con diamantes y oro. A su vuelta a casa, los contrabandistas tratan de recuperar su botín mientras la policía los persigue utilizando de cebo el brazo de Gorbunkov...",7.751,https://image.tmdb.org/t/p/w500/kBSPGuqykXm7nb7UYjpx2RVhKhl.jpg
Misery,Misery,1990,"Drama, Suspense",107,"Un escritor llamado Paul Sheldon lleva años malgastando su talento con unas románticas historias, de gran éxito comercial, cuya protagonista es una mujer llamada Misery. Decidido a acabar con esta situación, mata al personaje y se refugia en Colorado para escribir una novela seria. Terminado su trabajo, emprende el regreso, pero en una carretera de montaña, pierde el control de su coche y sufre un grave accidente. Annie Wilkes, una brusca e impetuosa mujer, gran admiradora suya, lo rescata, se lo lleva a su casa y lo cuida con esmero. Obsesionada con el personaje de Misery, retiene a Sheldon para obligarlo a escribir una nueva historia en la que resucite al personaje.",7.752,https://image.tmdb.org/t/p/w500/fehKf1zn2IKa8pMwc71LeDzHjk.jpg
Train to Busan,부산행,2016,"Terror, Suspense, Acción, Aventura",118,"Un virus letal se expande por Corea del Sur, provocando violentos altercados. Los pasajeros de un tren KTX que viaja de Seúl a Busan tendrán que luchar por su supervivencia.",7.75,https://image.tmdb.org/t/p/w500/anomz7b3GQtHPFH34SODDBBIUad.jpg
Train to Busan,부산행,2016,"Terror, Suspense, Acción, Aventura",118,"Un virus letal se expande por Corea del Sur, provocando violentos altercados. Los pasajeros de un tren KTX que viaja de Seúl a Busan tendrán que luchar por su supervivencia.",7.75,https://image.tmdb.org/t/p/w500/anomz7b3GQtHPFH34SODDBBIUad.jpg
"Maudie, el color de la vida",Maudie,2016,"Drama, Romance, Historia",115,"Maud Dowley (Sally Hawkins) es una mujer alegre de Nueva Escocia que sueña con independizarse de su protectora familia. Everett Lewis (Ethan Hawke) es un huraño pescador local que busca asistenta. Tras ver su anuncio, Maudie no tarda en mudarse a casa de Everett para encargarse de las tareas del hogar. Pero lo que comienza siendo una difícil convivencia entre dos polos opuestos poco a poco irá transformándose en una historia de amor... Basada en hechos reales, la película cuenta la historia de la pintora canadiense Maud Lewis, de su relación con el que se convirtió en su inseparable compañero de vida Everett Lewis, y de cómo sus sencillas pinturas llegaron a ser vistas y reconocidas por todos los rincones del país convirtiéndola en una de las artistas folk más representativas de Canadá.",7.8,https://image.tmdb.org/t/p/w500/q7L0cHxy7ecGdlGUsFn15cIUvOM.jpg
Platoon,Platoon,1986,"Drama, Bélica, Acción",120,"Chris Taylor es un ingenuo joven estadounidense que, a su llegada a Vietnam, descubre que no sólo debe combatir contra los soldados vietnamitas sino también contra el miedo que le atormenta, el cansancio y la rabia que le invade. Mientras sus dos oficiales al mando libran su propia batalla personal, el conflicto, el caos y el odio hacen mella en Taylor, confundiendo su realidad e insensibilizándole ante el valor más preciado del ser humano... la vida.",7.75,https://image.tmdb.org/t/p/w500/Aeo2CHf8oWQzxAw4QpB43YfqxEF.jpg
Sin novedad en el frente,All Quiet on the Western Front,1930,"Drama, Bélica",133,"Mítica película antibélica que plasma los sentimientos, sensaciones y desilusiones de un grupo de jóvenes estudiantes que son enviados al frente en la Primera Guerra Mundial (1914-1918). Es una adaptación de la novela homónima del escritor alemán Erich María Remarque. Su estreno provocó enfrentamientos entre nazis y comunistas.",7.7,https://image.tmdb.org/t/p/w500/whhnoAEoobX7dasproRpBipHXJT.jpg
Los sueños de Akira Kurosawa,夢,1990,"Fantasía, Drama",119,"Película compuesta de ocho cortometrajes de veinte minutos cada uno. Son ensoñaciones dispersas, independientes, pero engarzadas entre sí por deseos, angustias y añoranzas. La historia de Yo, desde su infancia hasta su vejez, sirve para mostrar las relaciones del hombre con el mundo, el arte, la espiritualidad, la muerte. Los ocho relatos (extraídos de sueños de Kurosawa) reflejan lo cambios experimentados por Japón a lo largo de un siglo.",7.7,https://image.tmdb.org/t/p/w500/tn9OJznv1Ii6uXA4p6eZT5tnEo2.jpg
La sombra del pasado,Werk ohne Autor,2018,"Drama, Romance, Historia",188,"Kurt Barnert es un joven estudiante de arte en la Alemania del Este. Está enamorado de su compañera de clase, Ellie. El padre de ella, el Professor Seeband, un famoso médico, no aprueba la relación de su hija y está decidido a destruirla. Lo que ninguno de ellos sabe es que sus vidas están conectadas por un terrible crimen cometido hace décadas.",7.7,https://image.tmdb.org/t/p/w500/o7liyeAZYv37yx7ydY8oUrnaSTz.jpg
La leyenda del indomable,Cool Hand Luke,1967,"Drama, Crimen",126,"El impulsivo Luke Jackson ha sido condenado a dos años de trabajos forzados. Su delito fue romper en plena borrachera un poste de aparcamiento. La vida en el penal es durísima: tiene que convivir con presos condenados por delitos muy graves y, además, la violencia tanto de los presos como de los carceleros se ha convertido en un hábito imposible de erradicar. Luke, es un veterano de guerra que no está dispuesto a ceder, pero tendrá que pagar un alto precio por seguir siendo quien es.",7.7,https://image.tmdb.org/t/p/w500/pFMISXcKgTS27ZYgM5tIGIpzPJo.jpg
El exorcista,The Exorcist,1973,"Terror, Drama",132,"Regan es una niña de doce años víctima de fenómenos paranormales como la levitación o la manifestación de una fuerza sobrehumana. Su madre, aterrorizada, tras someter a su hija a múltiples análisis médicos que no ofrecen ningún resultado, acude a un sacerdote con estudios de psiquiatría. Éste está convencido de que el mal no es físico sino espiritual, es decir, que la niña es víctima de una posesión diabólica. Por eso, con la ayuda de otro sacerdote decide practicar un exorcismo.",7.743,https://image.tmdb.org/t/p/w500/hwJvgHQ4tf9eRQec1ouAgg33dPV.jpg
Mystic River,Mystic River,2003,"Suspense, Crimen, Drama, Misterio",137,"Cuando Jimmy Markum, Dave Boyle y Sean Devine eran unos niños que crecían juntos en un peligroso barrio obrero de Boston, pasaban los días jugando al hockey en la calle. Pero, un día, a Dave le ocurrió algo que marcó para siempre su vida y las de sus amigos. Veinticinco años más tarde, otra tragedia los vuelve a unir: el asesinato de Katie, la hija de 19 años de Jimmy. A Sean, que es policía, le asignan el caso; pero también tiene que estar muy pendiente de Jimmy porque, en su desesperación, está intentando tomarse la justicia por su mano.",7.745,https://image.tmdb.org/t/p/w500/b6j7T4uBjXdG8FBMuDFsHttgIK2.jpg
Hamnet,Hamnet,2025,"Drama, Romance, Historia",126,"Descubre la poderosa historia de amor que inspiró la creación de Hamlet, la intemporal obra maestra de Shakespeare.  La historia de Agnes, la esposa de William Shakespeare, en su lucha por superar la tragedia familiar que irrumpe en su vida. Una historia con el telón de fondo de la creación de una de las más conocidas e importantes obras de Shakespeare, 'Hamlet'.",7.7,https://image.tmdb.org/t/p/w500/qXF968t2LfHZJ8Zrq2NgMGNomnE.jpg
Sed de mal,Touch of Evil,1958,"Crimen, Suspense, Drama",108,"Un agente de la policía de narcóticos (Heston) llega a la frontera mexicana con su esposa justo en el momento en que explota una bomba. Inmediatamente se hace cargo de la investigación contando con la colaboración de Quinlan (Welles), el jefe de la policía local, muy conocido en la zona por sus métodos expeditivos y poco ortodoxos. Una lucha feroz se desata entre los dos hombres, pues cada uno de ellos tiene pruebas contra el otro.",7.742,https://image.tmdb.org/t/p/w500/vTJXbaDIsJVO2L2IyHLqalRogwu.jpg
El robo del siglo,El robo del siglo,2020,"Comedia, Suspense, Crimen",114,"Viernes 13 de enero de 2006. Los francotiradores del Grupo Halcón están a la espera de una orden. Miguel Sileo, el negociador, deja diluir las esperanzas de que Vitette, uno de los líderes de la banda de ladrones que entró a la sucursal del Banco Río de Acassuso de señales de vida. El grupo Halcón recibe la orden y entra: se encuentran con lo inesperado. Armas de juguete y una veintena de rehenes asustados los esperan dentro; no hay señales del grupo de ladrones. Mientras revisan a los rehenes para descubrir a los artífices del robo camuflados entre ellos, la policía va descubriendo que, más de la mitad de las cajas de seguridad fueron abiertas y vaciadas.",7.743,https://image.tmdb.org/t/p/w500/acQ5lwnQGwre8n3m8JzTTcNKc5h.jpg
Gángsters a la fuerza,Les Tontons flingueurs,1963,"Comedia, Crimen",105,"Fernand Naudin es un antiguo gángster que vive en una pequeña localidad de provincias reciclado para la vida honesta y alejado de antiguas preocupaciones. Sin embargo recibe una llamada desde París de El Mexicano, su antiguo jefe. Éste, en el umbral de la muerte, le hace prometer que se ocupará de sus negocios y, lo más importante, de su hija Patricia, que desconoce las actividades de su padre. Lo que ignora Fernand es que los cabecillas de la banda no aceptarán tan fácilmente su sucesión y que la hija de El Mexicano es una joven de lo más rebelde. Los tiempos han cambiado y los antiguos métodos ya no sirven como antes. Fernand echa de menos su vida de provincias. (FILMAFFINITY)",7.7,https://image.tmdb.org/t/p/w500/dqYig2GxgICQdK3KTS7f8yPl4Pm.jpg
Una historia verdadera,The Straight Story,1999,Drama,111,"Alvin Straight (Richard Farnsworth) es un achacoso anciano que vive en Iowa con una hija discapacitada (Sissy Spacek). Además de sufrir un enfisema y pérdida de visión, tiene graves problemas de cadera que casi le impiden permanecer de pie. Cuando recibe la noticia de que su hermano Lyle (Stanton), con el que está enemistado desde hace diez años, ha sufrido un infarto, a pesar de su precario estado de salud, decide ir a verlo a Wisconsin. Para ello tendrá que recorrer unos 500 kilometros, y lo hace en el único medio de transporte del que dispone: una máquina cortacésped.",7.741,https://image.tmdb.org/t/p/w500/qakfW6Mt0iJ4HziS5OOuLTfOihJ.jpg
Tierra de Dios,God's Own Country,2017,"Romance, Drama",100,"Johnny Saxby es un joven granjero de Yorkshire que intenta evadirse de sus problemas con el alcohol y el sexo. Cuando llega al pueblo durante la primavera un inmigrante rumano para trabajar en la cría de ovejas, su visión de la vida cambiará de forma radical.",7.7,https://image.tmdb.org/t/p/w500/uCCvVvhBmps5cKMImGiIuvQ26Rv.jpg
Minha Mãe é uma Peça: O Filme,Minha Mãe é uma Peça: O Filme,2013,Comedia,84,,7.7,https://image.tmdb.org/t/p/w500/2AXnTisn91NjZvsesN9SEZtMaRe.jpg
Rush,Rush,2013,"Drama, Acción",122,"Narra la rivalidad que mantuvieron dos grandes pilotos de Fórmula 1, el británico James Hunt y el austriaco Niki Lauda, sobre todo en 1976, año en el que Lauda sufrió un gravísimo accidente que casi le costó la vida.",7.74,https://image.tmdb.org/t/p/w500/AqnOb3S6C9yttv9b2ZmrdZALmxR.jpg
Los chicos del coro,Les Choristes,2004,"Drama, Comedia, Música",93,"En 1948 Clément Mathieu, profesor de música desempleado, acepta un puesto como profesor vigilante en un internado de reeducación de menores. El sistema represivo aplicado por el director conmociona a Mathieu. Enseñándoles música y canto coral a estos niños tan difíciles, Mathieu transformará sus vidas cotidianas.",7.74,https://image.tmdb.org/t/p/w500/f0FrAsLdcnCbvbT9Ofj31UkmcNe.jpg
Todos nos llamamos Alí,Angst essen Seele auf,1974,"Romance, Drama",93,"En un café al que acuden los trabajadores inmigrantes, Emmi Kurowski, una viuda de unos sesenta años, conoce a Salem, un marroquí treintañero. Inducido por la dueña del bar, Salem invita a Emmi a bailar, hablan, la acompaña a casa y, al día siguiente, se queda a vivir con ella. Esta relación provoca un gran escándalo, y las vecinas visitan al propietario del edificio para denunciar a Emmi.",7.74,https://image.tmdb.org/t/p/w500/wXmccDfWRyCyV9vdQlJgzQnIIdu.jpg
Guardianes de la noche: Kimetsu no Yaiba La fortaleza infinita,劇場版「鬼滅の刃」無限城編 第一章 猗窩座再来,2025,"Animación, Acción, Fantasía",155,El Cuerpo de Cazadores de Demonios se enfrenta a los Doce Kizuki restantes antes de enfrentarse a Muzan en el Castillo del Infinito para derrotarlo de una vez por todas.,7.7,https://image.tmdb.org/t/p/w500/iWLV12z9oexSRLz2WKyqCZbKoPA.jpg
La misma luna,La misma luna,2007,Drama,106,"La película cuenta la historia de Rosario (Kate del Castillo), una madre que emigra ilegalmente a los Estados Unidos, y su hijo de nueve años, Carlitos (Adrián Alonso). Rosario y Carlitos no se han visto en cuatro años, ya que Carlitos tenía cinco años. Rosario, que ahora vive en Los Ángeles, California, llama a su hijo, (aún en México), todos los domingos. Carlitos vive en un pequeño pueblo mexicano con su abuela enferma y su tía opresiva y tío, que lo mantendrá con el fin de obtener el dinero que envía Rosario. Un día, Carlitos se encuentra con dos transportadores de inmigrantes (coyotes), Marta (América Ferrera) y David (Jesse García), que ofrecen para el contrabando de niños pequeños a través de la frontera.",7.7,https://image.tmdb.org/t/p/w500/ogIobMbmXuL7k3qnba76hUms8lQ.jpg
La armada Brancaleone,L'armata Brancaleone,1966,"Comedia, Aventura",120,Brancaleone es un mísero caballero medieval al que siguen un puñado de patéticos servidores con el objetivo de conquistar el feudo de Aurocastro. El film hila gags a cuento del saqueo de una villa o del miedo mortal a la peste.,7.739,https://image.tmdb.org/t/p/w500/l2lqGAxP4iNkcuNK7OayjqIdafX.jpg
El globo rojo,Le Ballon rouge,1956,"Comedia, Drama, Familia, Fantasía",34,"Un niño solitario encuentra un globo rojo... ¿o quizá es al revés? Y ambos, el niño y el globo mágico, vagan por las calles de París. Allí donde va el chico, el globo no anda detrás. Y cuando el pequeño se mete en problemas, el globo acude al rescate... Un poético mediometraje (protagonizado por el propio hijo del director; un crío de 4 años de edad), sin apenas diálogos, que fue inesperadamente galardonado con el Oscar al mejor guión original.",7.7,https://image.tmdb.org/t/p/w500/yN9iPgtwOhkwUzDtRUyONX93Hzm.jpg
Shelter,Shelter,2007,"Drama, Romance",97,"EEUU /// Narra la historia de amor de Zach (Trevor Wright) y Shaun (Brad Rowe) en las playas de California. Zach se enamora del hermano mayor de su mejor amigo. Ambos son surfistas por lo que el roce está asegurado. Mientras tanto, Zach se convierte en “padre” improvisado de su sobrino. Aclamada película independiente que reivindica el derecho de los homosexuales a poder adoptar y a formar una familia.",7.738,https://image.tmdb.org/t/p/w500/eYA8KiSnIAbxtoIgg4lpZjB0dfz.jpg
Non ci resta che piangere (Sólo queda llorar),Non ci resta che piangere,1984,"Comedia, Fantasía",113,"Saverio, profesor en una escuela, y Mario, conserje de la misma se pierden en el campo dándose cuenta que han viajado atrás en el tiempo hasta el siglo XV. Allí jugarán a las cartas con Leonardo da Vinci y tratarán de impedir que Cristobal Colón descubra América...",7.737,https://image.tmdb.org/t/p/w500/bCaBf3GcNKxI6sEU0foxXiLaHGa.jpg
Culpa mía,Culpa mía,2023,"Drama, Romance, Suspense",117,"Noah debe dejar su ciudad, novio y amigos para mudarse a la mansión de William Leister, el flamante y rico marido de su madre Rafaela. Por otro lado, con 17 años, orgullosa e independiente, Noah se resiste a vivir en una mansión rodeada de lujo. Allí conoce a Nick, su nuevo hermanastro, y el choque de sus fuertes personalidades se hace evidente desde el primer momento.",7.7,https://image.tmdb.org/t/p/w500/gp31EwMH5D2bftOjscwkgTmoLAB.jpg
No se aceptan devoluciones,No se aceptan devoluciones,2013,"Comedia, Drama",116,"Narra la historia de Valentín, mujeriego, soltero y egoísta que sorpresivamente tiene que hacerse cargo de su pequeña hija a la que no conocía, producto de una aventura ocasional. Decidido a devolver a la niña con su madre, emprende un viaje con ella a Los Angeles, pero la experiencia de convivir con su hija lo transforma en lo más íntimo.",7.7,https://image.tmdb.org/t/p/w500/5h4UApKNe62K8hoUCc151kQ56Uc.jpg
Ernest y Célestine,Ernest et Célestine,2012,"Animación, Familia, Crimen, Drama, Comedia",80,"""Ernest y Celestine"" es un cuento que narra, a grandes rasgos, la historia de amistad entre un oso que no quiere convertirse en notario y una ratoncita, bastante distraída, que no tiene ganas de ser dentista.",7.734,https://image.tmdb.org/t/p/w500/usLE56TZRilrILEQ2Xqhf6spxEF.jpg
"Batman: El regreso del Caballero Oscuro, Parte 1","Batman: The Dark Knight Returns, Part 1",2012,"Ciencia ficción, Acción, Animación, Misterio",76,"Bruce Wayne hace más de diez años que abandonó la capa de murciélago atormentado por la muerte de Robín. La ciudad de Gotham esta hundida en la decadencia y la anarquía. Ahora, cuando su ciudad más lo necesita, El Regreso del Caballero Oscuro es un resplandor de gloria. Apoyado por Carrie Kelly, una adolescente que asumirá el puesto de Robin, el murciélago sale nuevamente a la calle para poner fi n a la amenaza de pandillas mutantes que han invadido la ciudad. Y después estará frente a frente contra sus dos grandes enemigos, el Joker y Dos Caras. Primera parte de la adaptación del aclamado cómic de Frank Miller ""El retorno del señor de la noche"".",7.7,https://image.tmdb.org/t/p/w500/yplFdLSePwRdVeiw3xfnumeTvsH.jpg
Sonrisas y lágrimas,The Sound of Music,1965,"Drama, Familia, Música, Romance",174,"Austria, 1938. Maria es una alegre novicia que abandona la abadía de Salzburgo para convertirse en la institutriz de los siete hijos de un militar retirado, el capitán Von Trapp, viudo desde hace poco tiempo. La casa de los Von Trapp funciona como un cuartel, pero Maria consigue devolver la alegría a los niños y ganarse su respeto y cariño.",7.7,https://image.tmdb.org/t/p/w500/3mYxH1mwSmNoyZF4xvDvcEpH18F.jpg
Harry Potter y las Reliquias de la Muerte - Parte 1,Harry Potter and the Deathly Hallows: Part 1,2010,"Aventura, Fantasía",146,"Una tarea casi imposible cae sobre los hombros de Harry: deberá encontrar y destruir los horrocruxes restantes para dar fin al reinado de Lord Voldemort. En el episodio final de la saga, el hechicero de 17 años parte junto con sus amigos Hermione Granger y Ron Weasley en un peligroso viaje por Inglaterra para encontrar los objetos que contienen los fragmentos del alma del Señor Tenebroso, los cuales garantizan su longevidad. Pero el camino no será fácil pues el lado oscuro adquiere más poder con cada minuto que pasa y las lealtades serán puestas a prueba. Harry deberá usar todos los conocimientos que gracias a Dumbledore ha adquirido sobre su enemigo para poder encontrar la forma de sobrevivir a esta última aventura.",7.734,https://image.tmdb.org/t/p/w500/w6wsYKdXERaXRdByPsI2O9rn20b.jpg
Historia de un matrimonio,Marriage Story,2019,Drama,136,"Charlie, un director de teatro neoyorquino y su mujer actriz, Nicole, luchan por superar un proceso de divorcio que les lleva al extremo tanto en lo personal como en lo creativo.",7.733,https://image.tmdb.org/t/p/w500/opePIU8Qt1jayldYY3GzuxqSy2J.jpg
El discurso del rey,The King's Speech,2010,"Drama, Historia",118,"El duque de York se convirtió en rey de Gran Bretaña con el nombre de Jorge VI (1936-1952), tras la abdicación de su hermano mayor Eduardo VIII. Su tartamudez, que constituía un gran inconveniente para el ejercicio de sus funciones, lo llevó a buscar la ayuda de Lionel Logue, un experto logopeda, que consiguió, aplicando una serie de técnicas poco ortodoxas, eliminar este defecto del rey.",7.734,https://image.tmdb.org/t/p/w500/ayrDCichVVOovfAikiS5NTmq8Wb.jpg
Slumdog Millionaire,Slumdog Millionaire,2008,"Drama, Romance",123,"Jamal Malik es un adolescente pobre de Bombay que, por un motivo desconocido, está concursando en la versión hindú del programa ""¿Quién quiere ser millonario?"". A punto de conseguir los 20 millones de rupias como premio mayor del concurso, el joven es interrogado por la policía, bajo la sospecha de estar haciendo trampas. Pero para cada una de las preguntas, Jamal tiene una respuesta...",7.7,https://image.tmdb.org/t/p/w500/ub7iEniSi23Ms3RcF551Sozb1MH.jpg
Frecuencia Del Amor,유열의 음악앨범,2019,"Romance, Drama",120,La película se sitúa durante el período de crisis del FMI (que tuvo lugar del 3 de diciembre de 1997 al 3 de agosto de 2001). Un hombre y una mujer intercambian historias a través de un programa de radio y acumulan amor.,7.7,https://image.tmdb.org/t/p/w500/cFWEkWCoEOfHqeZ1bETcnmpxW2o.jpg
Annie Hall,Annie Hall,1977,"Comedia, Drama, Romance",94,"Alvy Singer, un tipo algo neurótico, trabaja como humorista en clubs nocturnos. A sus 40 años, tras romper con Annie, su última novia, reflexiona sobre su vida, rememorando sus amores, sus matrimonios, pero muy en especial su relación con Annie, a la que conoció en una cancha de tenis. Al final, llega a la conclusión de que son sus manías y obsesiones las que siempre acaban arruinando su relación con las mujeres.",7.73,https://image.tmdb.org/t/p/w500/8zsJ5bgIjOBc9YGFE7jVffDom0Z.jpg
The Normal Heart,The Normal Heart,2014,Drama,132,"En la época de mayor virulencia del SIDA, a principios de los años ochenta, se ignoraba casi todo sobre una enfermedad que se calificó como ""el cáncer gay"". El film cuenta cómo la sociedad estadounidense fue asimilando la expansión de la gran epidemia.",7.729,https://image.tmdb.org/t/p/w500/4Ua09eNG3jpUZQHSwnid9Ya058a.jpg
El más allá,怪談,1965,"Terror, Fantasía, Drama",183,"Filme basado en cuatro historias del escritor Lafcadio Hearn. ""Pelo negro"": un samurái no soporta a su mujer y la abandona por una princesa. Años después vuelve a casa para realizar un terrible descubrimiento. ""La mujer en la nieve"": dos leñadores se refugian de una tormenta de nieve en lo que parece ser un cobertizo abandonado. ""Hoichi"": el fantasma de un samurái le pide a un músico ciego que toque una balada en la tumba de su señor. ""En la taza de té"": un samurái se asusta ante la visión de un hombre reflejado en su taza de té.",7.729,https://image.tmdb.org/t/p/w500/l22SG9evZiz3wp7E29dpl16XSO5.jpg
La bella y la bestia,Beauty and the Beast,1991,"Romance, Familia, Animación, Fantasía",84,"Una hermosa joven llamada Bella acepta alojarse en un castillo con una bestia a cambio de la libertad de su padre. La bestia es, en realidad, un príncipe encantado. Para romper el hechizo, deberá ganarse el amor de una preciosa dama antes de que caiga el último pétalo de una rosa encantada.",7.728,https://image.tmdb.org/t/p/w500/1FxMtEUc6DP1MXsTBftOFaoCVVO.jpg
Magnolia,Magnolia,1999,Drama,188,"La película consta de nueve tramas paralelas que tienen lugar en el Valle de San Fernando, en Los Angeles: un niño prodigio, el presentador de un concurso de televisión, un ex-niño prodigio, un moribundo, su hijo perdido, la mujer y el enfermero del moribundo. Son historias aparentemente independientes, pero que guardan entre sí una extraña relación. Magnolia es el retrato de la vida americana visto a través de una serie de viñetas cómicas y conmovedoras.",7.729,https://image.tmdb.org/t/p/w500/wzy5ssxNL5OlPjITaY1OeOeeFyR.jpg
El color púrpura,The Color Purple,1985,"Drama, Historia",154,"Principios del siglo XX. Narra la historia de Celie, una adolescente negra de catorce años que está embarazada de su propio padre, un hombre despótico y cruel. A partir de entonces su vida estará llena de dolor y humillaciones.",7.7,https://image.tmdb.org/t/p/w500/mHtsBevQRqQebP4yykJfJcdO2R.jpg
Batman Begins,Batman Begins,2005,"Drama, Crimen, Acción",140,"¿Cómo cambia un hombre el mundo? Es una pregunta que obsesiona a Bruce Wayne al igual que el fantasma de sus padres, muertos a tiros ante sus ojos en las calles de Gotham una noche que cambió su vida para siempre. Atormentado por la culpa y la ira, el desilusionado heredero industrial desaparece de Gotham y viaja en secreto por el mundo, buscando los medios de luchar contra la injusticia y utilizar el miedo contra los que se aprovechan de los que tienen miedo. Con la ayuda de su leal mayordomo Alfred, el detective Jim Gordon - uno de los pocos buenos policías de las fuerzas del orden público de Gotham - y Lucius Fox, su aliado en la división de Ciencias Aplicadas de Wayne Enterprises, Bruce Wayne libera a su imponente alter ego: Batman, un justiciero enmascarado que utiliza la fuerza, la inteligencia y un despliegue de artefactos de alta tecnología para combatir las fuerzas siniestras que amenazan con destruir la ciudad.",7.727,https://image.tmdb.org/t/p/w500/6yMWU1vWkOBbNRIwOxhetd2aHhO.jpg
Tres metros sobre el cielo,Tres metros sobre el cielo,2010,"Romance, Drama",117,"En Barcelona, dos jóvenes que pertenecen a mundos opuestos se conocen. Ella, la dulce Babi, es una chica de clase alta que vive en un entorno tan protegido como poco excitante. Él, Hugo, conocido como el duro ""H"", es un chico impulsivo e irresponsable, aficionado a las peleas y a las carreras ilegales de motos. Esta es la crónica de un amor inicialmente imposible que arrastrará a ambos a un frenético viaje iniciático a través del cual descubrirán el amor.",7.726,https://image.tmdb.org/t/p/w500/nNoMfNPnvEzGADXDkP6eJAP81KB.jpg
Sin novedad en el frente,Im Westen nichts Neues,2022,"Bélica, Drama",147,"Paul Baumer y sus amigos Albert y Muller, incitados por sueños románticos de heroísmo, se alistan voluntariamente en el ejército alemán. Llenos de emoción y fervor patriótico, los muchachos marchan con entusiasmo hacia una guerra en la que creen. Pero una vez en el frente occidental, descubren el horror destructor del alma de la Primera Guerra Mundial.",7.726,https://image.tmdb.org/t/p/w500/vTfqiOZ4bZZZpIJp8sXT1UB6QS5.jpg
Los Increíbles,The Incredibles,2004,"Acción, Aventura, Animación, Familia",115,"Como Mr. Increíble y Elastigirl, Bob y su esposa Helen estaban entre los mejores luchadores contra el crimen. Por fin pueden volver a la acción cuando una misteriosa llamada cita a Bob en una isla remota.",7.726,https://image.tmdb.org/t/p/w500/al1jusd4T7JPatZlj4BuYkDDOzr.jpg
Encadenados,Notorious,1946,"Suspense, Romance, Misterio, Drama",101,"Tras la Segunda Guerra Mundial (1939-1945), el padre de Alicia Huberman, un espía nazi, es condenado por traición contra los Estados Unidos. Después del juicio, Alicia da una fiesta en la que aparece un apuesto desconocido llamado Devlin. Se trata de un agente de los servicios de Inteligencia que reclama su colaboración para atrapar a Alexander Sebastian, el cerebro de los nazis en Brasil. Al principio se muestra reacia, pero finalmente accede, sobre todo, porque se ha enamorado del atractivo agente americano. Una vez en Brasil, Alicia se gana la simpatía de Sebastian y se va a vivir a su casa. Pero su implicación en el asunto acaba poniendo en peligro su vida.",7.726,https://image.tmdb.org/t/p/w500/gHI8XPXkMspTIly1TcHAEHQo63A.jpg
¿Qué culpa tiene el niño?,¿Qué culpa tiene el niño?,2016,"Comedia, Romance",105,"Después de una divertida y tremenda borrachera, Maru (Karla Souza) y Renato (Ricardo Abarca), se llevan una sorpresa que no estaba dentro de sus planes, por lo que ambos deberán decidir cómo lidiar con un pequeñito asunto.",7.725,https://image.tmdb.org/t/p/w500/md3iYDpi6rlrAF6iyJyzdOzyUEV.jpg
Big Hero 6,Big Hero 6,2014,"Aventura, Familia, Animación, Acción, Comedia",101,"En la metrópolis de San Fransokio (cruce de San Francisco y Tokio), vive Hiro Hamada, quien aprende a sacar provecho de su capacidad gracias a su brillante hermano Tadashi y sus también brillantes amigos: la buscadora de adrenalina GoGo Tamago, el meticuloso de la limpieza Wasabi-No-Ginger, la genio de la química Honey Lemon y el fanático de los cómics Fred. Cuando tras un devastador giro de los acontecimientos, se ven envueltos en una peligrosa conspiración que tiene lugar en las calles de San Fransokio, Hiro recurre a su amigo más íntimo: un robot llamado Baymax, y transforma al grupo en una banda de héroes de última tecnología decididos a resolver el misterio.",7.725,https://image.tmdb.org/t/p/w500/qVU0ag4i5BCmH5h4o04cdvUo0Zf.jpg
Buenos días,お早よう,1959,"Comedia, Familia, Drama",94,"Japón, años 50. Como todos los días, los miembros de una familia se disponen a afrontar sus problemas, sueños y realidades. El padre, con los altibajos de su trabajo y las exigencias que impone la educación de los hijos. La madre, administrando los ingresos familiares y atendiendo a las múltiples complicaciones de la vida doméstica. Y los hijos obsesionados por tener televisión en casa, y uno de ellos enfrascado en sus estudios y angustiado por un defecto físico.",7.7,https://image.tmdb.org/t/p/w500/jc7sxIir75GdELoTKmbYKdvvW6O.jpg
"Cowboy Bebop, la película: Llamando a las puertas del cielo",カウボーイビバップ 天国の扉,2001,"Acción, Animación, Ciencia ficción",116,"Marte, año 2071, poco antes del día de Halloween. Un camión cisterna lleno de productos químicos hace explosión en una de las calles más importantes de la ciudad, liberando un nuevo virus letal que acaba con la vida de cientos de personas. Las autoridades, temiendo un nuevo ataque aún más destructivo, fijan una recompensa millonaria para quien capture a los responsables. Mientras tanto, en la nave ""Bebop"", Spike y su banda de cazadores de recompensas están aburridos y sin dinero, hasta que conocen la noticia de la recompensa...",7.725,https://image.tmdb.org/t/p/w500/rQXAoHhSV0j7uSXODEaowR7QEkr.jpg
Mañana empieza todo,Demain tout commence,2016,"Drama, Comedia",125,"Samuel vive la vida sin responsabilidades en la playa en el sur de Francia. Hasta que un día, una de sus antiguos amores le deja en los brazos a un bebé de pocos meses, Gloria: su hija. Incapaz de cuidar de un bebé y decidido a devolverle la niña a su madre, Samuel se va a a Londres para tratar de encontrarla pero no tiene éxito. Ocho años más tarde, mientras que Samuel y Gloria viven en Londres y son inseparables, la madre de Gloria regresa a su vida para recuperar a su hija. Remake de 'No se aceptan devoluciones' (2013), la película mexicana más exitosa de la historia.",7.7,https://image.tmdb.org/t/p/w500/5kdTXiFswJJZl4JFvIQi6DMdiqr.jpg
Tetris,Tetris,2023,"Suspense, Historia, Drama",118,"Basada en la historia real del comercial de videojuegos estadounidense Henk Rogers y su descubrimiento del Tetris en 1988. Cuando se dispone a hacer que el juego sea disponible en el mundo, se mete en una peligrosa red de mentiras y corrupción que hay detrás de la Cortina de Hierro.",7.723,https://image.tmdb.org/t/p/w500/qWZTrcZOIhWI4AkpferJFR5n5Ob.jpg
Rojo oscuro,Profondo rosso,1975,"Terror, Suspense, Misterio",110,"Un compositor inglés (Hemmings) presencia en Roma el brutal asesinato de una médium, e inmediatamente trata de localizar al sádico asesino.",7.722,https://image.tmdb.org/t/p/w500/2QTU0JCmcgLhhDvxy58fPkPLkpM.jpg
"Accattone, un muchacho de Roma",Accattone,1961,Drama,116,"Mientras que Accattone se pasa el día metido en las tabernas, Maddalena, la mujer con la que vive, debe ejercer la prostitución para mantenerlo. Cuando Maddalena es detenida y encarcelada, Accatone, privado de su medio de subsistencia, se ve condenado a llevar una vida miserable. Incluso debe pedir ayuda a su esposa legítima, Ascenza, a la que hace años abandonó.",7.7,https://image.tmdb.org/t/p/w500/bOUBzlCDvC0hOTvT2taJ2ySwMOh.jpg
El club de los cinco,The Breakfast Club,1985,"Comedia, Drama",97,"Cinco estudiantes de distinta educación, formación y gustos son castigados a pasar un sábado en el instituto en el que estudian. Pronto las desavenencias entre ellos aparecen, especialmente cuando el director que les vigila se ausenta del aula... Comedia juvenil de culto de los años ochenta.",7.722,https://image.tmdb.org/t/p/w500/f0DhsS50Ksn6rBZhwsH9Rgh9xGi.jpg
Escuadrón letal,捕风追影,2025,"Acción, Crimen, Drama, Suspense",142,"Unos astutos y traicioneros ladrones desafian a la Policía Judicial de Macao. La Policía, que se encontraba en una dura batalla, invita de nuevo al experto en rastreo Huang De Zhong, retirado desde hace muchos años, a unir fuerzas con la joven élite del Departamento de Investigación Criminal de la Policía Judicial. Bajo la colisión de las técnicas tradicionales de rastreo y la alta tecnología, la policía y los criminales luchan con ingenio y valentía, y se lanzan a un duelo entre el bien y el mal parecido al juego del gato y el ratón.",7.7,https://image.tmdb.org/t/p/w500/ftBCLqEhDvgKRcux0fk5TriVhMD.jpg
El pacto,Guy Ritchie's The Covenant,2023,"Bélica, Acción, Suspense",123,"Sigue al sargento John Kinley, uno de los únicos sobrevivientes en su último periodo de servicio en Afganistán, y como decide regresar a zona de guerra para recuperar a su amigo Ahmed y su familia.",7.721,https://image.tmdb.org/t/p/w500/nq7NbZtNfIHyL1NXPV1EiG4XQ7u.jpg
El gatopardo,Il gattopardo,1963,Drama,185,"Película basada en la novela homónima de Giuseppe Tomasi di Lampedusa (1958). Es la época de la unificación de Italia en torno al Piamonte, cuyo artífice fue Cavour. La acción se desarrolla en Palermo y los protagonistas son Don Fabrizio, Príncipe de Salina, y su familia, cuya vida se ve alterada tras la invasión de Sicilia por las tropas de Garibaldi (1860). Para alejarse de los disturbios, la familia se refugia en la casa de campo que posee en Donnafugata. Hasta el lugar se desplazan, además de la mujer del Príncipe y sus tres hijos, el joven Tancredi, el sobrino predilecto de Don Fabrizio, que parece simpatizar con el movimiento liberal de unificación",7.7,https://image.tmdb.org/t/p/w500/wMahDs1uQ8nC5EeqJ9hXDAaXsDb.jpg
Eduardo Manostijeras,Edward Scissorhands,1990,"Fantasía, Drama, Romance",98,"Érase una vez... un castillo donde vivía un inventor que dedicó parte de su vida a crear una criatura perfecta a la que llamó Edward. Pero el inventor murió de repente y dejó incompleta su creación, ya que en vez de dedos tenía unas horribles manos con hojas de tijera. El pobre Edward vivía sólo en el castillo hasta que una encantadora joven, que trabajaba para la firma Avon, lo llevó a su casa junto con su familia. Pero una criatura tan especial como Edward no estaba preparada para vivir en una ciudad tan extravagante y falsa como Suburbia.",7.7,https://image.tmdb.org/t/p/w500/vd8tCekihFx82bzmENaASvbhNmx.jpg
My Little Pony: Una nueva generación,My Little Pony: A New Generation,2021,"Animación, Familia, Fantasía, Comedia, Aventura",90,"Hace mucho tiempo, ponis, pegasos y unicornios vivían en armonía, pero esos tiempos quedaron atrás. Cuando un feliz y despreocupado unicornio llega a Maretown, una poni terrestre (Sunny) y sus amigos se embarcan en una aventura para recuperar la magia y la amistad en Equestria. Acompaña a esta nueva generación de ponis que demostrarán el valor de la amistad y que cuando están unidos, brillan mucho más.",7.7,https://image.tmdb.org/t/p/w500/yJfefyZ6GrgvHU16BqloIHARiXj.jpg
Todo a la vez en todas partes,Everything Everywhere All at Once,2022,"Acción, Aventura, Ciencia ficción",137,"Cuando una ruptura interdimensional altera la realidad, Evelyn, una inmigrante china en Estados Unidos, se ve envuelta en una aventura salvaje en la que sólo ella puede salvar el mundo. Perdida en los mundos infinitos del multiverso, esta heroína inesperada debe canalizar sus nuevos poderes para luchar contra los extraños y desconcertantes peligros del multiverso mientras el destino del mundo pende de un hilo.",7.718,https://image.tmdb.org/t/p/w500/9R1zEZJkIah6GuLwFZWsuygn552.jpg
RRR,రౌద్రం రణం రుధిరం,2022,"Acción, Historia, Drama",187,Un cuento de ficción sobre dos revolucionarios indios legendarios y su viaje lejos de casa antes de que comenzaran a luchar por su país en la década de 1920.,7.714,https://image.tmdb.org/t/p/w500/ljHw5eIMnki3HekwkKwCCHsRSbH.jpg
Mysterious Skin (Oscura inocencia),Mysterious Skin,2005,Drama,99,"En 1981, Brian tenía ocho años y estaba sentado en el banquillo durante un partido de la liga juvenil de béisbol. Cinco horas después despierta en el sótano de su casa con una hemorragia nasal y sin recuerdos. Brian moja la cama y tiene pesadillas, también inventa: fue abducido por extraterrestres. Y pasa el tiempo, Brian llega a la adolescencia, torpe, acomplejado y entregado a la causa OVNI, también Neil, su compañero de infancia, se ha hecho mayor. Neil es la antítesis de Brian, él es sexy, jugador estrella y experto en juegos con hombres adultos con los que nunca se compromete. Mientras Brian encuentra en Avalyn Friesen, una discapacitada obsesionada con sus experiencias en la tercera fase, la posibilidad de asumir sus experiencias inhibidas, Neil huye a nueva York a rozar el lado peligroso.",7.717,https://image.tmdb.org/t/p/w500/55S6U4F9nZWoYxsUMu59uWSV4Q.jpg
Incidente en Ox-Bow,The Ox-Bow Incident,1943,"Western, Drama",72,"El asesinato de un ranchero rompe la aparente tranquilidad de un pueblo del oeste americano. Ausente el sheriff, los hombres del pueblo deciden formar una partida para encontrar a los culpables.",7.717,https://image.tmdb.org/t/p/w500/wEBu9jZCXSSdZjt01EVGisdnD87.jpg
Granujas a todo ritmo (The Blues Brothers),The Blues Brothers,1980,"Música, Comedia, Crimen",133,"Tras pasar años en la cárcel por robo a mano armada, Jake Blues es puesto en libertad por buen comportamiento. Sale de prisión vestido de la misma forma en la que entró: traje y sombrero negro y gafas oscuras. En la puerta le espera su hermano Elwood vestido de idéntica manera. Ahora, el único hogar que conocieron está en peligro. El orfelinato de Santa Elena necesita una gran cantidad de dinero. Los hermanos se ponen manos a la obra.",7.716,https://image.tmdb.org/t/p/w500/rAeF8BlfaWnOBBI52x4hYztiDxY.jpg
Luck,Luck,2022,"Animación, Aventura, Comedia, Fantasía, Familia",105,"Sam Greenfield es la persona con menos suerte del mundo. Cuando de repente se encuentra en la desconocida Tierra de la Suerte, debe aliarse con los seres mágicos que la habitan para que su suerte cambie.",7.716,https://image.tmdb.org/t/p/w500/bwlHp4KsAyuEIAtbYs4mxCkrgyx.jpg
El hombre mosca,Safety Last!,1923,"Comedia, Romance",70,La obra maestra de Harold Lloyd. La escena del genial cómico escalando un edificio supone uno de los momentos más grandes del cine mudo y su clímax -Harold colgado de las manillas del reloj- sigue siendo una de las escenas estelares de la historia del séptimo arte.,7.716,https://image.tmdb.org/t/p/w500/zkmDkZNPM8zgfLgKHEQFLXGrf8Q.jpg
Manhattan,Manhattan,1979,"Comedia, Drama, Romance",96,"Podría decirse que Isaac Davis, un neoyorquino de mediana edad, lo tiene todo, si por todo entendemos un trabajo que odia, una novia de 17 años a la que no ama y una ex-esposa lesbiana a la que desearía estrangular, porque está escribiendo un libro en el que cuenta las intimidades de su matrimonio. Pero su vida cambia cuando conoce a Mary, la sexy e inteligente amante de su mejor amigo, y se enamora perdidamente de ella. Dejar a su novia, acostarse con Mary y abandonar su trabajo no es más que el comienzo de la búsqueda de sí mismo.",7.7,https://image.tmdb.org/t/p/w500/sfhraH52pchgQJQm6gmlTrtenDQ.jpg
Philadelphia,Philadelphia,1993,Drama,125,"Andrew Beckett, un joven y prometedor abogado de Philadelphia, es despedido del prestigioso bufete en el que trabaja cuando sus jefes se enteran de que ha contraído el sida. Decide entonces demandar a la empresa por despido improcedente, pero en un principio ningún abogado acepta defender su caso.",7.715,https://image.tmdb.org/t/p/w500/jATwMlaz93jKzT8K5SlW3sRUpDb.jpg
"No manches, Frida","No manches, Frida",2016,Comedia,100,"Después de salir de prisión, Zequi, un ladrón de bancos, se dispone a recuperar dinero enterrado por su cómplice; pero se horroriza al saber que un gimnasio de secundaria está ahora sobre el sitio donde el botín está escondido.",7.714,https://image.tmdb.org/t/p/w500/6HfyXfIEywLa2HvcswKi44dDKxL.jpg
Alicia en las ciudades,Alice in den Städten,1974,Drama,110,"El periodista alemán Felix Winter recorre los Estados Unidos buscando temas para escribir un libro, pero como ni siquiera consigue empezarlo, su editor cancela el contrato. Cuando Félix decide regresar a Alemania, en el aeropuerto conoce a una mujer, y como no hay vuelos hasta el día siguiente pasa la noche con ella. La mujer desaparece, pero le deja un recado: que vaya con su hija Alicia, de nueve años, a Amsterdam para reunirse con ella.",7.712,https://image.tmdb.org/t/p/w500/wrW5hWMqi87IRQp1iTWOOQ7tW5P.jpg
"Yo, Daniel Blake","I, Daniel Blake",2016,Drama,105,"Por primera vez en su vida, víctima de problemas cardiacos, Daniel Blake, carpintero inglés de 59 años, se ve obligado a acudir a las ayudas sociales. Sin embargo, a pesar de que el médico le ha prohibido trabajar, la administración le obliga a buscar un empleo si no desea recibir una sanción. En el transcurso de sus citas al “job center”, Daniel se cruza con Rachel, una madre soltera de dos niños que tuvo que aceptar un alojamiento a 450 km de su ciudad para evitar que la envíen a un hogar de acogida. Prisioneros de la maraña de aberraciones administrativas actuales de Gran Bretaña, Daniel y Rachel intentarán ayudarse mutuamente.",7.712,https://image.tmdb.org/t/p/w500/akgb2pVUwOsWa26KyO2UjFoZgWE.jpg
Harta,STRAW,2025,"Suspense, Drama, Crimen",105,"¿Cuál será la gota que colme el vaso? Un día devastador lleva al límite a una madre soltera y trabajadora, y la empuja a cometer un impactante acto de desesperación.",7.705,https://image.tmdb.org/t/p/w500/4d2PJ6QLAVd9w66E918JSWjkgs7.jpg
Gran Turismo,Gran Turismo,2023,"Aventura, Drama, Acción",134,"Un adolescente jugaba a 'Gran Turismo', videojuego en el que ganó una serie de competiciones patrocinadas por Nissan, y le sirvió de trampolín para acabar convirtiéndose en un piloto de carreras profesional.",7.709,https://image.tmdb.org/t/p/w500/tVj5dn15iwkMhjU2wIih1yMy5LK.jpg
Sacrificio,Offret,1986,Drama,145,"Mientras su familia se reúne para celebrar su cumpleaños, el periodista Alexander se siente angustiado por la desoladora falta de espiritualidad que caracteriza al mundo contemporáneo. Sus peores temores se confirman cuando, durante la fiesta, llega la noticia de un inminente conflicto nuclear: la Tercera Guerra Mundial. El final, definitivo e irreversible, está cerca. En ese momento están con él su angustiada esposa, sus dos hijos, un amigo médico y un peculiar cartero, que lo convence de que una de sus criadas es una bruja que tiene el poder de salvar al mundo mediante un último sacrificio.",7.709,https://image.tmdb.org/t/p/w500/mWEwEgjOdsCR11pwvrWvfCuGgKQ.jpg
Noche de bodas 2,Ready or Not: Here I Come,2026,"Suspense, Terror, Comedia",108,"Momentos después de sobrevivir a un ataque de la familia Le Domas, Grace descubre que ha alcanzado el siguiente nivel del juego, y esta vez acompañada por su hermana Faith, con quien mantiene una relación distante. Grace tiene una oportunidad para sobrevivir, mantener con vida a su hermana y reclamar el Alto Trono del Consejo que controla el mundo. Cuatro familias rivales la persiguen para hacerse con el trono, y quien gane lo gobernará todo.",7.7,https://image.tmdb.org/t/p/w500/nDXKMOLJuBUKhYmHAY9qJdikuAq.jpg
Nightcrawler,Nightcrawler,2014,"Crimen, Drama, Suspense",117,"Tras ser testigo de un accidente, Lou Bloom (Jake Gyllenhaal), un apasionado joven que no consigue encontrar empleo, descubre como forma de ganar dinero el mundo del periodismo criminalista en la peligrosa ciudad de Los Ángeles. Su trabajo es llegar al escenario de crímenes o accidentes y fotografiar lo sucedido para venderlos al mejor postor.",7.7,https://image.tmdb.org/t/p/w500/lhwHd76JCkpCT8TRn4rUtToPEKL.jpg
Selena,Selena,1997,"Drama, Música, Historia",125,"Basada en hechos reales, narra la meteórica carrera de la joven cantante hispana Selena Quintanilla-Perez, todo un fenómeno de la música que surge en una localidad de Texas para convertirse en una estrella del universo latino. Descubierta casualmente por su propio padre a la temprana edad de 10 años, su vida será un continuo carrusel de problemas familiares, incluyendo su matrimonio en secreto con su guitarrista Chris Perez. A pesar de su corta y trágica carrera, su popularidad fue extraordinaria tanto en México como entre la población hispana de los Estados Unidos, que vivió su fulgurante ascenso y su trágica muerte, sucedida en 1995 cuando contaba con apenas 23 años de edad, a manos de su mayor admiradora: la presidenta de su club de fans y secretaria personal.",7.7,https://image.tmdb.org/t/p/w500/yKNiK1gwRcy9IGvtHKFewSBaPci.jpg
Underground,Подземље,1995,"Comedia, Drama, Bélica",167,"En Belgrado, Yugoslavia, durante la Segunda Guerra Mundial, un poeta, Marko Dren (Miki Manojlovic), esconde a su amigo Petar Popara (Lazar Ristovski) y a su familia en un sótano para esconderse de los nazis. Allí ocultos deben fabricar armas para la guerra. Marko los engaña para que sigan fabricando armas 20 años después de la guerra y haciéndoles creer que aún no termina y que sólo han pasado 15 años. La película está llena de simbolismos y metáforas. Por ejemplo, tras el bombardeo a Belgrado, Blaky se limpia el zapato con un gato; al final, Petar, en la búsqueda de su hijo y tras descubrir que Marko y Natalija (Mirjana Jokovic) murieron, se apoya en una cruz que tiene a Cristo invertido. Además, en medio del fuego y la destrucción, hay un caballo blanco y un ganso volando.",7.708,https://image.tmdb.org/t/p/w500/4kgLlLoRS7n43g8CKcIWQvjFe9T.jpg
Los puentes de Madison,The Bridges of Madison County,1995,"Drama, Romance",135,"La apacible pero anodina vida de Francesca Johnson, un ama de casa que vive en una granja con su familia, se ve alterada con la llegada de Robert Kincaid, un veterano fotógrafo de la revista National Geographic, que visita el condado de Madison para fotografiar sus viejos puentes. Cuando Francesca invita a Robert a cenar, un amor verdadero y una pasión desconocida nacerá entre ellos.",7.7,https://image.tmdb.org/t/p/w500/xjGrjvD94HvANtEurCXDxGkc0Gj.jpg
John Wick 4,John Wick: Chapter 4,2023,"Acción, Suspense, Crimen",170,"John Wick descubre un camino para derrotar a la Alta Mesa. Pero para poder ganar su libertad, Wick deberá enfrentarse a un nuevo rival con poderosas alianzas en todo el mundo, capaz de convertir a viejos amigos en enemigos.",7.7,https://image.tmdb.org/t/p/w500/mj2Z9HnRSIEk3n7yVPoOY4Uzzfh.jpg
Día y noche,Day & Night,2010,"Animación, Familia, Comedia, Fantasía",6,"Cuando Día, un tipo soleado, se encuentra con Noche, un desconocido con hábitos más oscuros, saltan chispas. Ambos se temen, desconfían el uno del otro. Sin embargo, a medida que cada uno va descubriendo las cualidades del otro, se dan cuenta de que sus contrapuestas visiones del mundo pueden ser complementarias e incluso beneficiosas.",7.707,https://image.tmdb.org/t/p/w500/uEzLDVn1r7GhV2WMFbmtMbA2sHz.jpg
Celebración,Festen,1998,Drama,105,"Los Klingenfeldt, una familia de la alta burguesía danesa, se disponen a celebrar el sesenta cumpleaños del patriarca, un hombre de trayectoria y reputación intachable. Sin embargo, sus tres hijos, aunque muy diferentes entre sí, están dispuestos a aprovechar la ocasión para sacar a relucir los trapos sucios de la familia.",7.7,https://image.tmdb.org/t/p/w500/ibWzFsS6Z7cTEKJIE738URYS4Mo.jpg
El huevo del ángel,天使のたまご,1985,"Animación, Fantasía, Misterio, Ciencia ficción",71,"La historia trata sobre una niña que custodia un huevo, hasta que aparece un hombre con un extraño artefacto sobre el hombro y la sigue allá donde va. Obra de culto en Japón con personajes y paisajes sorprendentes. Está dirigida por Mamoru Oshii, director de ""Ghost in the Shell"", y cuenta con story-boards, diseños de personajes e historia de Yoshitaka Amano, un reconocido artista en Japón.",7.7,https://image.tmdb.org/t/p/w500/c82spxiRPgbFnGlQYK1RQSCJpXN.jpg
Vivir su vida,Vivre sa vie: film en douze tableaux,1962,Drama,83,"Nana (Anna Karina) es una joven veinteañera de provincias que abandona a su marido y a su hijo para intentar iniciar una carrera como actriz en París. Sin dinero, para financiar su nueva vida comienza a trabajar en una tienda de discos en la que no gana mucho dinero. Al no poder pagar el alquiler, su casera la echa de casa, motivo por el que Nana decide ejercer la prostitución.",7.706,https://image.tmdb.org/t/p/w500/bAvPie07SWrBWHpbP9uTL71EYyK.jpg
El halcón maltés,The Maltese Falcon,1941,"Misterio, Crimen, Suspense",100,"Un detective privado es abordado por una misteriosa mujer, que dice estar amenazada. Pero tanto el perseguidor como el hombre encargado de su protección aparecen muertos. Todo parece girar alrededor de una estatua de un halcón de valor incalculable.",7.705,https://image.tmdb.org/t/p/w500/zFs0brybfDHNwpfXQVyjFyam8uw.jpg
Agente cinturón negro,무도실무관,2024,"Acción, Comedia, Crimen",108,Un talentoso experto en artes marciales siempre dispuesto a ayudar forma equipo con un oficial de libertad condicional para usar su talento en la lucha contra el crimen.,7.705,https://image.tmdb.org/t/p/w500/53B5aAkXlbT1zufzJGblpR0y7tE.jpg
Breve encuentro,Brief Encounter,1945,"Drama, Romance",85,La casualidad hace que un hombre y una mujer ambos de edad madura y casados coincidan en una estación de tren. Su inicial amistad pronto se convertirá en un amor tan intenso como prohibido.,7.7,https://image.tmdb.org/t/p/w500/5ZJ7OrWNUdcgF4NnVX0xlkh1sTJ.jpg
Harry Potter y la cámara secreta,Harry Potter and the Chamber of Secrets,2002,"Aventura, Fantasía",150,"Harry regresa a su segundo año a Hogwarts, pero descubre que cosas malas ocurren debido a que un sitio llamado la Cámara de los Secretos ha sido abierto por el heredero de Slytherin y hará que los hijos de muggles, los impuros, aparezcan petrificados misteriosamente por un animal monstruoso.",7.704,https://image.tmdb.org/t/p/w500/bhCfAzeMMg7GyLDT11yVM2i1NPh.jpg
Escuadrón letal,捕风追影,2025,"Acción, Crimen, Drama, Suspense",142,"Unos astutos y traicioneros ladrones desafian a la Policía Judicial de Macao. La Policía, que se encontraba en una dura batalla, invita de nuevo al experto en rastreo Huang De Zhong, retirado desde hace muchos años, a unir fuerzas con la joven élite del Departamento de Investigación Criminal de la Policía Judicial. Bajo la colisión de las técnicas tradicionales de rastreo y la alta tecnología, la policía y los criminales luchan con ingenio y valentía, y se lanzan a un duelo entre el bien y el mal parecido al juego del gato y el ratón.",7.7,https://image.tmdb.org/t/p/w500/ftBCLqEhDvgKRcux0fk5TriVhMD.jpg
El malvado zorro feroz,Le Grand Méchant Renard et autres contes...,2017,"Familia, Animación, Comedia",80,"Un zorro  que es incapaz de asustar a nadie y de cazar nada, no tiene otra ocurrencia que robar -de una granja muy peculiar-unos huevos de gallina para, tras incubarlos y criar a los pollitos…, comérselos. Pero al nacer, los pollitos creen que el zorro es su madre y este se encariña de ellos lo que complicará las cosas a este zorro que, ni es malvado ni feroz. En esa divertida granja también encontraremos a un conejo que actúa como una cigüeña bajo la dirección de un pato loco.",7.703,https://image.tmdb.org/t/p/w500/yqDDSRH1tr8r7ctzf5XSrkLIn2W.jpg
The Seven Deadly Sins: La maldición de la luz,劇場版 七つの大罪 光に呪われし者たち,2021,"Animación, Fantasía",80,"Con la ayuda del ""Dragón Sin of Wrath"" Meliodas y los peores rebeldes de la historia, los Siete Pecados Capitales, la ""Guerra Santa"", en la que cuatro razas, incluyendo Humanos, Diosas, Hadas y Gigantes lucharon contra los Demonios, finalmente se sobre. A costa de la vida de Escanor ""El pecado del orgullo del león"", el Rey Demonio fue derrotado y el mundo recuperó la paz. Después de eso, cada uno de los pecados toma su propio camino.",7.7,https://image.tmdb.org/t/p/w500/w6U2pGQokqWh2wJLRaXi0bVd3zF.jpg
Garra,Hustle,2022,"Drama, Comedia",117,"Sandler interpreta a un cazatalentos de baloncestistas en horas bajas que, estando en el extranjero, descubre un jugador con enorme talento pero con un pasado difícil. Sin la aprobación de su equipo, decide llevarse el fenómeno con él, dándoles a ambos una última oportunidad para demostrar que son dignos de la NBA.",7.7,https://image.tmdb.org/t/p/w500/yjtvXD7FyjQSLqvatkY0y1CNazR.jpg
Llamando a las puertas del cielo,Knockin' on Heaven's Door,1997,"Comedia, Crimen, Acción, Drama",89,"Dos jóvenes enfermos terminales dedicen vivir con intensidad y alocamiento sus últimos días, saltándose todas las normas. La historia narrada combina de modo singular drama y comedia. Y presenta situaciones muy disparadas, que provocan la risa. Aunque los anhelos más íntimos de los protagonistas se revelan limitados -ver el mar, que uno de ellos no conoce-, el alemán Thomas Jahn logra impregnarlos de entidad dramática. Esta atrevida película ganó el premio a la mejor película en el festival de Sitges de 1997.",7.702,https://image.tmdb.org/t/p/w500/9pTUCXcMDZurDmZRtOrnk9mjSFH.jpg
Vidas pasadas,Past Lives,2023,"Drama, Romance",106,"La familia de Nora emigra a Canadá cuando ella tiene 10 años. Pierde el contacto con su amor de la infancia. Muchos años después, cuando Nora está estudiando teatro en Nueva York, se reencuentra con él online.",7.7,https://image.tmdb.org/t/p/w500/jWrJrLMD7SZoxc65KSYej6QOw12.jpg
120 pulsaciones por minuto,120 battements par minute,2017,Drama,142,"París, principios de los años 90. Un grupo de jóvenes activistas intenta generar conciencia sobre el SIDA. Un nuevo miembro del grupo, Nathan, se quedará sorprendido ante la radicalidad y energía de Sean, que gasta su último aliento en la lucha.",7.701,https://image.tmdb.org/t/p/w500/pe9mlcCKGfbHk4S7rq8Tqv0pgLz.jpg
"De tal padre, tal hijo",そして父になる,2013,Drama,120,"Ryoata, un arquitecto obsesionado por el éxito profesional, forma con su joven esposa y su hijo de 6 años una familia ideal. Todas sus referencias se esfuman cuando la maternidad del hospital donde nació su hijo les informa que dos bebes fueron cambiados: el niño que crió no es el suyo y su hijo biológico ha crecido en un medio más modesto...",7.701,https://image.tmdb.org/t/p/w500/1oF7tadi6Aczz4CrSpU6v8xfCOR.jpg
Madre (Madeo),마더,2009,"Crimen, Drama, Misterio",128,"Hye-ia es una madre soltera. Do-Joon, su hijo de 27 años, es tan ingenuo e inmaduro que sigue dependiendo de ella. Su conducta es estúpida o simplemente peligrosa. Es una constante fuente de preocupación para todos. Un día, aparece una joven muerta en un edificio abandonado y Do-joon es acusado de su muerte. Seleccionada por Corea del Sur como candidada al Oscar 2010 en la categoría de película de habla no inglesa.",7.701,https://image.tmdb.org/t/p/w500/4b9vEZoeOan93gHuEiEmKanhXoy.jpg
"¡Scooby-Doo! Conoce a Agallas, el perro cobarde",Straight Outta Nowhere: Scooby-Doo! Meets Courage the Cowardly Dog,2021,"Animación, Misterio",72,"Scooby-Doo y sus amigos encuentran un objeto extraño en medio de Nowhere, Kansas, la ciudad natal de Agallas y sus dueños, Eustaquio y Muriel.",7.7,https://image.tmdb.org/t/p/w500/g9cyiDTw5SQhbI7SRDjBUMr14kV.jpg
La serpiente blanca,白蛇：缘起,2019,"Romance, Animación, Fantasía",99,"Blanca, una mujer que ha perdido la memoria, recibe la ayuda de Sean, un cazador de serpientes junto al que intentará conocer su identidad. Por el camino, tendrán que superar diversos obstáculos, a la vez que el afecto va creciendo entre ellos. Justo cuando están a punto de descubrir quién es Blanca, se produce el desastre…",7.7,https://image.tmdb.org/t/p/w500/yqRNgQy12np7UDIDFAai4nliN3y.jpg
Sword Art Online La película: Ordinal Scale,劇場版 ソードアート・オンライン -オーディナル・スケール-,2017,"Animación, Acción, Aventura, Fantasía, Ciencia ficción",119,"En 2026, una nueva máquina llamada Augma se desarrolla para competir contra el NerveGear y su sucesor, el Amusphere. Un dispositivo portátile de próxima generación, el Augma no tiene una función de inmersiva completa como sus predecesores. En su lugar, utiliza Realidad Aumentada (AR) para introducir a los jugadores en el juego. Es seguro, fácil de usar y permite que los usuarios jueguen mientras están conscientes, lo que lo convierte en un éxito instantáneo en el mercado. El juego más popular en el sistema es ""Ordinal Scale"" (aka: OS), un ARMMORPG desarrollado exclusivamente para el Augma. Asuna y la banda ya han estado tocando OS por un tiempo, y pronto Kirito decide unirse a ellos. Sin embargo, están a punto de descubrir que Ordinal Scale no es todo diversión y juegos. Secuela de Sword Art Online II.",7.7,https://image.tmdb.org/t/p/w500/d4eGqZiYPtTBthXH5Q7jjVXVbAC.jpg
Azur y Asmar,Azur et Asmar,2006,"Animación, Familia",92,"Dos niños son criados en Francia como hermanos. Uno es rico y el otro hijo de la nodriza de la familia. La vida les separa bruscamente pero se reencontrarán cuando Azur decida ir en busca del Hada de los Djins. Fábula sobre la tolerancia realizada por Michel Ocelot, director de ""Kirikú y la bruja""",7.7,https://image.tmdb.org/t/p/w500/bAyLfVoLLXYuOTJmf6yOF9j1mUr.jpg
Sound of Metal,Sound of Metal,2020,"Drama, Música",120,"El baterista de metal Ruben comienza a perder la audición. Cuando un médico le dice que su condición empeorará, cree que su carrera y su vida han terminado. Su novia Lou lleva al ex adicto a un centro de rehabilitación para sordos con la esperanza de que esto evite una recaída y lo ayude a adaptarse a su nueva vida. Después de ser bienvenido y aceptado tal como es, Ruben debe elegir entre su nueva normalidad y la vida que una vez conoció.",7.7,https://image.tmdb.org/t/p/w500/xGNzDtOWXRcea94JGvkeOJwmXbG.jpg
Marte (The Martian),The Martian,2015,"Ciencia ficción, Drama, Aventura",142,"Un explorador espacial queda atrapado en Marte, luego de ser abandonado por los miembros de su tripulación, quienes pensaron que había muerto a consecuencia de una tormenta. Casi sin recursos y con solo su ingenio, intentará sobrevivir mientras la NASA, por un lado, y los miembros de su tripulación, por su propia cuenta, intentan rescatarlo.",7.7,https://image.tmdb.org/t/p/w500/hBRK1izFxIH3Nh6vax4ssOHSHVd.jpg
La princesa prometida,The Princess Bride,1987,"Aventura, Familia, Fantasía, Romance",98,"Después de buscar fortuna durante cinco años, Westley retorna a su tierra para casarse con su amada, la bella Buttercup, a la que había jurado amor eterno. Sin embargo, para recuperarla habrá de enfrentarse a Vizzini y sus esbirros. Una vez derrotados éstos, tendrá que superar el peor de los obstáculos: el príncipe Humperdinck pretende desposar a la desdichada Buttercup, pese a que ella no lo ama, ya que sigue enamorada de Westley.",7.699,https://image.tmdb.org/t/p/w500/dYgsPYY3sI6Zvie8NaJeA0vo1PF.jpg
Mustang,Mustang,2015,Drama,97,"En un pequeño pueblo, al norte de Turquía, cinco hermanas huérfanas de edades comprendidas entre los doce y los dieciséis años pasan el verano en un jardín paradisíaco de risas y juegos inocentes sobre las olas del Mar Negro con los chicos de la escuela. Sin embargo, la condición de la mujer en el país no tardará en provocar rumores de inmoralidad y escándalo de las jóvenes, así que sus familiares, a través de la abuela y el tío, deciden hacerse cargo del asunto; esto es, prepararlas y precipitarlas hacia su destino de futuras esposas.",7.7,https://image.tmdb.org/t/p/w500/2Ob8iYodCofAqXuddCDDnr4ZET1.jpg
P.K. (Peekay),पीके,2014,"Comedia, Drama, Ciencia ficción",153,"En la ciudad, un extraño hace preguntas que nadie ha hecho antes. Conocido sólo por sus iniciales, PK, sus preguntas inocentes y su curiosidad infantil lo llevarán a un viaje de amor y alegría.",7.697,https://image.tmdb.org/t/p/w500/z2x2Y4tncefsIU7h82gmUM5vnBJ.jpg
"Kenshin, el guerrero samurái 3. El fin de la leyenda",るろうに剣心　伝説の最期編,2014,"Acción, Aventura, Fantasía",134,"El duelo entre Kenshin Himura y el maligno Shishio Makoto sigue sin resolverse. El conflicto entre los dos guerreros decidirá el destino de Japón, y pondrá un bombástico punto final a la memorable adaptación cinematográfica del manga de Nobuhiro Watsuki.",7.7,https://image.tmdb.org/t/p/w500/p9XXb2TDbVidEw1eGs21xMIRELm.jpg
Playtime,PlayTime,1967,Comedia,155,"Un grupo de turistas americanas hace un viaje por Europa, que prevé la visita de una capital por día. Al llegar a París, se dan cuenta de que el aeropuerto es exactamente igual al de Roma, de que las carreteras son idénticas a las de Hamburgo y que las farolas guardan un curioso parecido con las de Nueva York. En resumidas cuentas, el escenario no cambia de una ciudad a otra. Y ya que no pueden conocer París, se conformarán con pasar veinticuatro horas con parisinos de verdad, entre ellos Monsieur Hulot.",7.7,https://image.tmdb.org/t/p/w500/cVTaZoFmws0jRSXykK4ayrYTkij.jpg
Centauros del desierto,The Searchers,1956,Western,119,"Texas. En 1868, tres años después de la guerra de Secesión, Ethan Edwards, un hombre solitario, vuelve derrotado a su hogar. La persecución de los comanches que han raptado a una de sus sobrinas se convertirá en un modo de vida para él y para Martin, un muchacho mestizo adoptado por su familia.",7.697,https://image.tmdb.org/t/p/w500/dmnGvL8GRP0hEG7Uph0FxXS9aiK.jpg
Primos,Primos,2019,"Comedia, Romance, Drama",83,"El joven Lucas (Paulo Sousa) vive con la religiosa tía Lourdes (Juliana Zancanaro) en una tranquila ciudad del interior. Él ayuda a la tía a promover los cultos con las beatas de la región, en el salón, tocando cantos bíblicos en el teclado. Esta vida poco agitada estará con los días contados a partir del momento en que la caritativa tía comunica la llegada de otro sobrino, Mário (Thiago Cazado), recién salido de la cárcel. El choque de realidad entre los primos acaba con situaciones que no son inusitadas, sino también una inesperada atracción entre los chicos.",7.696,https://image.tmdb.org/t/p/w500/smOiEhe3zIbsXqsv0ugPsXXwnF9.jpg
Vampire Hunter D: Bloodlust,吸血鬼ハンターD ブラッドラスト,2001,"Animación, Fantasía, Terror",103,"""D"" ha sido contratado para localizar a Meier Link, un poderoso vampiro que ha secuestrado a una chica humana, Charlotte Elbourne. Las órdenes de ""D"" son claras, encontrar a Charlotte a cualquier precio y traerla de vuelta. Por primera vez ""D"" se enfrenta a serios competidores, los Hermanos Markus, también contratados con el mismo fin. ""D"" deberá interceptar a Meier y superar a poderosos adversarios en una carrera mortal a contratiempo.",7.7,https://image.tmdb.org/t/p/w500/uEt3l1c3KvT5jPkwntKN3PFYkTV.jpg
Spirit: El corcel indomable,Spirit: Stallion of the Cimarron,2002,"Animación, Aventura, Familia, Drama, Western",80,"Sigue las aventuras de un corcel mustang salvaje e ingobernable que recorre la indómita frontera norteamericana. Cuando encuentra a un hombre por primera vez, un joven de la tribu de los Lakota llamado Little Creek, Spirit se niega a dejarse domar por él pero sí se hace amigo suyo. El valiente corcel también encuentra el amor con una hermosa yegua llamada Rain. Spirit se conviertirá en uno de los grandes héroes anónimos del Viejo Oeste.",7.695,https://image.tmdb.org/t/p/w500/gNRQdU3KEsYTIl4y9Xte3onUSsx.jpg
Mandarinas,Mandariinid,2013,"Drama, Bélica",87,"1990. La guerra estalla en la provincia georgiana de Abkhazia, que busca independizarse. Un hombre estonio, Ivo, decide quedarse, a diferencia del resto de sus compatriotas, para ayudar a su amigo Margus con la cosecha de mandarinas. En los inicios del conflicto, un par de soldados resultan heridos a las puertas de la casa de Ivo, y éste se ve obligado a cuidar de ellos.",7.694,https://image.tmdb.org/t/p/w500/kduF0H234u9IsHcuipl8TJVcBte.jpg
Pequeña Miss Sunshine,Little Miss Sunshine,2006,"Comedia, Drama",101,"Los Hoover son una familia conflictiva: el abuelo esnifa cocaína y suelta palabrotas, el padre da cursos sobre el éxito con estrepitoso fracaso, la madre no da abasto, el tío se recupera de un suicidio frustrado al ser abandonado por su novio, el hijo adolescente lee a Nietzsche y se niega a hablar, y la hija pequeña, Olive, gafotas y ligeramente gordinflona, quiere ser una belleza. Cuando un golpe de suerte lleva a Olive a ser invitada a participar en el muy competitivo concurso de 'Pequeña Miss Sunshine' en California, toda la familia Hoover se reúne para ir con ella. Se apilan en su oxidada furgoneta Volkswagen y se dirigen hacia el Oeste en un trágicómico periplo de tres días lleno de locas sorpresas que les lleva al gran debut de Olive, el cual cambiará a esta familia de inadaptados de una forma que nunca hubieran imaginado.",7.694,https://image.tmdb.org/t/p/w500/qE2ii6o1ndrhpI5ZYpxStvF5sKN.jpg
El sabor de las cerezas,طعم گيلاس,1997,Drama,99,Un hombre de mediana edad decide suicidarse. Su única preocupación es encontrar a alguien que le ayude y se comprometa a enterrarlo. Esta situación le permite conocer a una gran variedad de personajes.,7.7,https://image.tmdb.org/t/p/w500/xjj9f4WEdE2NLO8Luf9ofNhvqCQ.jpg
Vencedores,Overcomer,2019,Drama,119,"La vida cambia repentinamente para el Coach John Harrison cuando los sueños de conquistar la liga nacional del equipo de baloncesto que entrena son aplastados por una trágica noticia: una de las mayores empresas de su ciudad cierra y deja sin trabajo a cientos de familias. El futuro de John se ve afectado directamente por esta circunstancia, por lo que decide tratar de buscar un nuevo empleo lo antes posible. Es entonces cuando se cruza en su camino con un joven corredor que persigue uno de los sueños más complicados de lograr: alzarse con la victoria en la carrera de velocidad más importante del año. Aunque al principio no confía en él, el Coach Harrison pronto descubre que la joven promesa tiene mucho más que enseñarle a él que viceversa.",7.692,https://image.tmdb.org/t/p/w500/h2i9a5BIfDMjVS31ddrIPpiGrU1.jpg
¿Quién teme a Virginia Woolf?,Who's Afraid of Virginia Woolf?,1966,Drama,131,"George y Martha son un matrimonio que se profesa un odio salvaje. Ambos tienen personalidades autodestructivas, conocen perfectamente las debilidades del otro y saben cómo exasperarlo. George es un profesor de historia alcohólico. Martha, la hija del director de la universidad donde George da clases, es una mujer frustrada y vulnerable. Un sábado por la noche, después de una fiesta, invitan a su casa a un nuevo profesor y a su esposa. La presencia de esta pareja no evita que Martha y George se humillen y maltraten como de costumbre. A través de este cruel juego sale a relucir la verdad tanto sobre los anfitriones como sobre los invitados.",7.7,https://image.tmdb.org/t/p/w500/o8pH2izWv39EMVJkTVojYpKAR7.jpg
Kizumonogatari - [1]: ~Tekketsu-hen~,傷物語〈Ⅰ鉄血篇〉,2016,"Animación, Fantasía, Drama, Misterio, Acción",64,"Kizumonogatari I: Tekketsu-hen Pelicula, araragi koyomi es una persona introvertida que no tiene amigos y busca vivir en soledad.  Una noche, mientras camina por las calles vacías del pueblo donde vive se encuentra con una excentricidad de la que se habían escuchado rumores últimamente. se trata de una mujer hermosa, pero se encuentra en mal estado: le hacen falta sus cuatro extremidades y está a punto de morir, aunque Araragi quiere huir, no puede y termina ofreciendo su vida para salvar a la vampiro.  Cuando despierta se da cuenta de que es un vampiro y de que debe ayudar a la mujer a regresar a su estado normal recuperando lo que le fue robado: sus extremidades a manos de tres temibles exorcistas. Araragi contará con la ayuda de Hanekawa Tsubasa y Oshino Meme en su monstruosa misión.",7.7,https://image.tmdb.org/t/p/w500/xZUtYSnQ0RggHTrHcTk1fho2Ptz.jpg
Alabama Monroe,The Broken Circle Breakdown,2012,Drama,112,"Impactante historia de amor entre Elise y Didier. Ella se dedica a hacer tatuajes en su tienda y el toca el bajo en una banda a nivel regional.  Recuerdan su amor a primera vista, su pasión, cómo la música bluegrass les acercó, el embarazo inesperado y la alegría de tener a la preciosa Maybelle. Un círculo completo de felicidad para una pareja muy poco convencional. Pero a los 6 años de edad la enfermedad de la niña ocasionará una gran brecha en la pareja. El estrés y la tristeza causados por la enfermedad de Maybelle empiezan a pasarles factura y Didier y Elise reaccionan de modos completamente diferentes.",7.69,https://image.tmdb.org/t/p/w500/xepO7O1bW8sNI8RWTKSsuqBNNgI.jpg
12 hombres sin piedad: Veredicto final,12 Angry Men,1997,"Drama, Película de TV",120,"Tras escuchar todos los testimonios y valorar las pruebas presentadas en un juicio, un jurado popular compuesto por doce hombres debe decidir, por unanimidad, si absolver o condenar a un joven acusado de haber matado a su padre. Al principio, once se muestran absolutamente convencidos de su culpabilidad y se inclinan por la condena, pero el que discrepa empieza a plantear dudas razonables que, poco a poco, van resquebrajando la inicial seguridad de los demás. Versión televisiva del clásico de 1957 de Sidney Lumet. (FILMAFFINITY)",7.69,https://image.tmdb.org/t/p/w500/rnQb5AHAQQjS9hrfJ37dODukz8U.jpg
Matrimonio a la italiana,Matrimonio all'italiana,1964,"Drama, Romance, Comedia",102,"Durante la Segunda Guerra Mundial, Filomena Marturano se ve obligada a trabajar en una casa de prostitución para ganarse la vida. Allí conoce a Doménico Soriano, quien le retira de la profesión. La relación acabará en boda.",7.689,https://image.tmdb.org/t/p/w500/eLoFzFYxivdpIdWaoQ1lPSkijFH.jpg
El hombre sin pasado,아저씨,2010,"Acción, Suspense, Crimen",119,"La única conexión del ex-agente especial Cha Tae-sik con el mundo es una niña que vive cerca de su casa. La madre de la pequeña trabaja para una organización mafiosa que se dedica al tráfico de drogas y le confía a él la mercancía. Cuando los traficantes se dan cuenta, secuestran a la madre y a la niña. Además, confunden a Tae-sik con un camello.",7.688,https://image.tmdb.org/t/p/w500/pluoTRta765OHJlsP0PCSyZ4F1J.jpg
Entergalactic,Entergalactic,2022,"Animación, Romance, Música",92,Sigue la historia de dos jóvenes artistas que navegan por los giros y vueltas de encontrar el amor en la ciudad de Nueva York.,7.687,https://image.tmdb.org/t/p/w500/oMU3JpuKuasjAWIbUQgCaT6pco1.jpg
Cisne negro,Black Swan,2010,"Drama, Suspense, Terror",109,"Nina, una brillante bailarina que forma parte de una compañía de ballet de Nueva York, vive completamente absorbida por la danza. La presión de su controladora madre, la rivalidad con su compañera Lily y las exigencias del severo director se irán incrementando a medida que se acerca el día del estreno. Esta tensión provoca en Nina un agotamiento nervioso y una confusión mental que la incapacitan para distinguir entre realidad y ficción.",7.7,https://image.tmdb.org/t/p/w500/dZucAEc4JNsO6z4fvvunXgLe3b8.jpg
El abrazo de la serpiente,El abrazo de la serpiente,2015,"Drama, Aventura",125,"Karamakate fue en su día un poderoso chamán del Amazonas, es el último superviviente de su pueblo, y ahora vive en aislamiento voluntario en lo más profundo de la selva. Lleva años de total soledad que lo han convertido en chullachaqui, una cáscara vacía de hombre, privado de emociones y recuerdos. Pero su vida vacía da un vuelco el día en que a su remota guarida llega Evan, un etnobotánico americano en busca de la yakruna, una poderosa planta oculta, capaz de enseñar a soñar. Karamakate accede a acompañar a Evan en su búsqueda y juntos emprenden un viaje al corazón de la selva en el que el pasado, presente y futuro se confunden, y en el que el chamán irá recuperando sus recuerdos perdidos. Esos recuerdos traen consigo vestigios de una amistad traicionada y de un profundo dolor que no liberará a Karamakate hasta que no transmita por última vez su conocimiento ancestral, el cual parecía destinado a perderse para siempre.",7.686,https://image.tmdb.org/t/p/w500/iLcCVKuePGh7mgUndk59VUyctKJ.jpg
La huella,Sleuth,1972,"Suspense, Misterio, Crimen",138,"Andrew Wyke es un prestigioso escritor de novelas de intriga. Además, su pasión por los juegos de ingenio y las adivinanzas lo ha llevado a convertir su gran mansión en una especie de museo, donde se exponen los juguetes y mecanismos más extravagantes. Una tarde, invita a su casa a Milo Tindle, amante de su mujer y propietario de una cadena de salones de belleza, para proponerle un ingenioso plan del que ambos podrían salir beneficiados.",7.685,https://image.tmdb.org/t/p/w500/vGZrvkCm0FSKvjuPnu1svE3pNls.jpg
Zapatos rojos y los siete trolls,레드슈즈,2019,"Animación, Fantasía, Familia, Comedia, Romance, Aventura",95,Unos enanos hechizados se encuentran a una chica con un poder misterioso: sus zapatos rojos. Deberán emprender una misión junto a ella para volver a ser humanos y salvar el reino.,7.684,https://image.tmdb.org/t/p/w500/2OqPy2SP4Jiu9ftYoqfshxEF4zi.jpg
Fallen angels (Ángeles caídos),墮落天使,1995,"Acción, Romance, Crimen",99,"Leon Lai es un asesino a sueldo cansado de su trabajo que se plantea dejarlo. Michelle Reis es una prostituta que, además de buscarles los encargos, le hace el trabajo sucio a Leon. Pero ella vive apasionadamente enamorado de él, aunque nunca se hayan conocido en persona. Lai conocerá a una mujer, Karen Mok, con la que comenzará una relación. Ésta, con el tiempo, coincidirá con Reis y les preparará una cita en la que Lai le confesará sus deseos de retirarse. Reis, sintiéndose rechazada, le preparará un ultimo trabajo. Intercalándose con esta historia nos encontramos con un joven mudo, Takeshi Kaneshiro, que viviendo con su padre tiene una difícil existencia debida a su deficiencia física. Sus días transcurren entre los dispares trabajos nocturnos y servir de consuelo a una joven engañada por su novio...",7.7,https://image.tmdb.org/t/p/w500/yyM9BPdwttK5LKZSLvHae7QPKo1.jpg
Chicos,Jongens,2014,"Drama, Romance, Película de TV",78,"Cuenta la historia de Sieger, un deportista y tranquilo muchacho de 15 años de edad que descubre el amor durante las vacaciones de verano. Sieger está entrenando en el nuevo equipo de atletismo para los campeonatos nacionales de relevo.",7.684,https://image.tmdb.org/t/p/w500/khEtz97aRfi6P9oRg05fHIMRFnf.jpg
Pride (Orgullo),Pride,2014,"Drama, Comedia",120,"En el verano de 1984, siendo primera ministra Margaret Thatcher, el Sindicato Nacional de Mineros (NUM) convoca una huelga. Durante la manifestación del Orgullo Gay en Londres. Un grupo de lesbianas y gays se dedica a recaudar fondos para ayudar a las familias de los trabajadores, pero el sindicato no acepta el dinero. El grupo decide entonces ponerse en contacto directo con los mineros y van a un pueblecito de Gales. Empieza así la curiosa historia de dos comunidades totalmente diferentes que se unen por una causa común. Basada en hechos reales.",7.684,https://image.tmdb.org/t/p/w500/60yODrgrKDw8d2427tQRC7Vsa5V.jpg
Monsieur Verdoux,Monsieur Verdoux,1947,"Comedia, Crimen, Drama",124,"Basada en hechos reales, esta obra maestra del genio Chaplin cuenta la historia de Henri Verdoux, un hombre de doble vida. Por un lado es un respetable hombre casado padre de un hijo, pero por otro es un seductor que, bajo otra identidad, se dedica a casarse con viudas ricas a las que posteriormente asesina para quedarse con su fortuna.",7.7,https://image.tmdb.org/t/p/w500/bqk56Z7Y8IiPNAMRflUl3FDxkrE.jpg
Terminator,The Terminator,1984,"Acción, Suspense, Ciencia ficción",108,"Un cyborg ha sido enviado desde el futuro en una misión mortal: eliminar a Sarah Connor, una joven cuya vida tendrá una gran importancia en los próximos años. Sarah tiene sólo un protector —Kyle Reese— también enviado desde el futuro. El Terminator utiliza su inteligencia excepcional y fuerza para encontrar a Sarah, pero ¿hay alguna forma de detener al cyborg aparentemente indestructible?",7.683,https://image.tmdb.org/t/p/w500/9KI49SBnwAOzGcMw1onIki7vd2.jpg
Baki Hanma vs. Kengan Ashura,範馬刃牙VSケンガンアシュラ,2024,"Animación, Acción, Fantasía",60,¡Llega el combate definitivo! Los luchadores más fieros de ‘Baki Hanma’ y ‘Kengan Ashura’ se enfrentan en este «crossover» de artes marciales sin precedentes.,7.677,https://image.tmdb.org/t/p/w500/npqKtCydaOCrPBKVsSNoGfLVD14.jpg
El francotirador de Donbás,Снайпер. Білий ворон,2022,"Bélica, Acción, Drama",120,"Mykola es un pacifista excéntrico que quiere ser útil a la humanidad. Cuando comienza la guerra en Donbass, el ingenuo mundo de Mykola se derrumba cuando los militantes matan a su esposa embarazada y queman su casa hasta los cimientos. Recuperado, toma una decisión cardinal y se enrola en una compañía de francotiradores. Habiendo conocido a los asesinos de su esposa, se derrumba emocionalmente y organiza el ""terror de francotiradores"" para el enemigo. Es salvado de una muerte sin sentido por su instructor, quien a su vez es herido de muerte. La muerte de un amigo deja una “cicatriz” y Mykola está dispuesto a sacrificar su vida.",7.684,https://image.tmdb.org/t/p/w500/bsHqULcPgIUroCHLfTIXWJ24sdd.jpg
"Si me pasara algo, os quiero",If Anything Happens I Love You,2020,"Drama, Animación",12,Unos padres devastados se enfrentan a un vacío emocional mientras lloran la trágica muerte de su hija.,7.682,https://image.tmdb.org/t/p/w500/85tDhACvKDQxQoJhBYLvDU0ik1n.jpg
Cómo entrenar a tu dragón 2,How to Train Your Dragon 2,2014,"Fantasía, Acción, Aventura, Animación, Familia",105,"Han pasado cinco años desde que Hipo empezó a entrenar a su dragón, rompiendo la tradición vikinga de cazarlos. Astrid y el resto de la pandilla han conseguido difundir en la isla un nuevo deporte: las carreras de dragones. Mientras realizan una carrera, atraviesan los cielos llegando a territorios inhóspitos, donde nadie antes ha estado. Durante un viaje descubren una cueva cubierta de hielo que resulta ser el refugio de cientos de dragones salvajes, a los que cuida un misterioso guardián. Hipo y los suyos se unen al guardián para proteger a los dragones de las fuerzas malignas que quieren acabar con ellos.",7.682,https://image.tmdb.org/t/p/w500/bXcRw7FL8QzUZOvY2fZdwDv5ymQ.jpg
"Burt Munro: Un sueño, una leyenda",The World's Fastest Indian,2005,"Drama, Aventura, Historia",127,"En los años sesenta, el neozelandés Burt Munro se pasó años perfeccionando una moto Indian de 1920 con el fin de batir un récord de velocidad en las llanuras de sal de Bonneville (Utah).",7.682,https://image.tmdb.org/t/p/w500/cGJC1plxRPus7Ppg0O3m8Ywvak5.jpg
El manantial de las colinas,Jean de Florette,1986,Drama,120,"En un pueblo rural francés, un terrateniente codicioso llamado Le Papet y su sobrino Ugolin, conspiran para bloquear la única fuente de agua potable de una propiedad colindante a la suya. Tras matar a su propietario, esperan que el nuevo heredero, en vista del poco valor que tendría la propiedad (han sellado el manantial para que nadie sepa de su existencia), se vea obligado a vender a bajo precio. El heredero es un recaudador de impuestos de ciudad, jorobado, con mujer e hija. A pesar de no contar con agua, éste quiere establecerse y comenzar a cultivar y criar animales.",7.682,https://image.tmdb.org/t/p/w500/58S4vZ51EUt0RERNZp6SrW3Hu5r.jpg
Traidor en el infierno,Stalag 17,1953,"Comedia, Drama, Bélica",120,"Durante la Segunda Guerra Mundial, en un campo de prisioneros alemán, unos seiscientos sargentos americanos comparten el barracón 17. En Nochebuena, dos de ellos se disponen a fugarse, pero son descubiertos y ejecutados por soldados alemanes que estaban al acecho. Los prisioneros empiezan a sospechar que en el barracón hay un traidor que informa a los nazis y llegan a la conclusión de que ese traidor es el sargento Sefton, un hombre más bien cínico y flemático, que vive bastante bien a base de canjear provisiones con los soldados alemanes",7.682,https://image.tmdb.org/t/p/w500/nUbl5w3E0T8ch7vCnmcj2yBDY6O.jpg
Scooby-Doo en la isla de los zombies,Scooby-Doo on Zombie Island,1998,"Animación, Misterio, Familia, Terror",77,"Scooby Doo, Shaggy, Vilma, Daphne y Fred se reúnen para resolver el más gracioso y aterrador misterio de su carrera. El equipo del miedo viaja a una misteriosa isla para investigar al fantasma del pirata Moonscar. Pero resulta que el espíritu del espadachín no es el único personaje aterrador de la isla... Primera de las películas lanzadas directamente a vídeo/DVD basadas en el personaje de Scooby Doo.",7.7,https://image.tmdb.org/t/p/w500/la1xrRWrs8lmrxWNnho92ivgRmT.jpg
Las señoritas de Rochefort,Les Demoiselles de Rochefort,1967,"Romance, Comedia, Drama",125,"Dos hermanas, ambas profesoras de música ( Deneuve y Dorléac), viven en la pequeña población de Rochefort y sueñan con encontrar un gran amor. Homenaje a los grandes musicales de la época dorada de Hollywood.",7.681,https://image.tmdb.org/t/p/w500/3hwBLy24duQxwW9DeWy51bDtDgR.jpg
Tiburón,Jaws,1975,"Terror, Suspense, Aventura",124,"En la costa de un pequeño pueblo del Este de Estados Unidos, un enorme tiburón ataca a varias personas. Temiendo las fatales consecuencias que esto puede provocar en el negocio turístico, el alcalde se niega a cerrar las playas y a difundir la noticia. Pero un nuevo ataque del tiburón, en la propia playa, termina con la vida de otro bañista. El terror se ha hecho público, así que un veterano cazador de tiburones, un científico y el jefe de la policía local se unen para dar caza al temible escualo...",7.681,https://image.tmdb.org/t/p/w500/aCqHb3eFQV8raX30OfGurqPlpjh.jpg
Prueba de fuego,Fireproof,2008,"Drama, Romance",118,"Un joven bombero que, tras una valiente acción se convierte en un héroe para toda la ciudad, pasa sin embargo por una grave crisis matrimonial... Los creadores de ""Facing the Giants"" -una cinta sobre fútbol americano y los valores cristianos que costó apenas 100.000 dólares y recaudó 10 millones- vuelven a conseguir otro sorprendente éxito de taquilla -""Fireproof"", con un presupuesto estimado de medio millón de dólares, se puso en su primera semana en el 4º puesto del box office americano recaudando 6,5 millones- con este drama romántico protagonizado por Kirk Cameron, conocido por la serie ""Los problemas crecen"".",7.68,https://image.tmdb.org/t/p/w500/6EXVS1Wl7UzynlXfZYPxsqQBBHt.jpg
Harry Potter y el misterio del príncipe,Harry Potter and the Half-Blood Prince,2009,"Aventura, Fantasía",153,"En medio de los desastres que azotan a Inglaterra, Harry y sus compañeros vuelven a Hogwarts para cursar su sexto año de estudios; y aunque las medidas de seguridad han convertido al colegio en una fortaleza, algunos estudiantes son víctimas de ataques inexplicables. Harry sospecha que Draco Malfoy es el responsable de los mismos y decide averiguar la razón. Mientras tanto, Albus Dumbledore y el protagonista exploran el pasado de Lord Voldemort mediante recuerdos que el director ha recolectado. Con esto, Dumbledore planea preparar al muchacho para el día de la batalla final.",7.7,https://image.tmdb.org/t/p/w500/tO0UGkNuQoxyXve0mvwtXP49NAO.jpg
La tierra prometida,Bastarden,2023,"Acción, Drama, Historia",127,"En 1755, el empobrecido capitán Ludvig Kahlen se dispone a conquistar los duros e inhóspitos páramos daneses con un objetivo aparentemente imposible: crear una colonia en nombre del rey. A cambio, recibirá un nombre real que anhela con desesperación. Sin embargo, el único gobernante de la zona, el despiadado Frederik de Schinkel, cree arrogantemente que esa tierra le pertenece. Cuando de Schinkel se percata de que su criada Ann Barbara y su servil marido han escapado para refugiarse con Kahlen, el privilegiado y rencoroso gobernante jura venganza y promete hacer todo lo que esté a su alcance para ahuyentar al capitán. Pero Kahlen no se deja intimidar y emprende una batalla tan desigual que pondrá en riesgo no solo su vida, sino también a la familia de personas marginadas que se ha formado a su alrededor.",7.68,https://image.tmdb.org/t/p/w500/nEpXUsaUOzReUV2SWOWQuTFY5G4.jpg
"Kenshin, el guerrero samurái: El final",るろうに剣心 最終章 The Final,2021,"Acción, Aventura, Historia, Drama",139,"Kenshin Himura (Takeru Satoh) es un legendario espadachín. Tras la Restauración Meiji, ha dejado de matar con la espada. Intenta llevar una vida tranquila con Kaoru Kamiya que dirige una escuela de espadachines en el pueblo. Todo cambia cuando el restaurante Akabeko, que es el lugar favorito de Kenshin para comer, es destruido y él encuentra una nota en la que pone ""Junchu"".",7.7,https://image.tmdb.org/t/p/w500/w4eGNABnQLA38Lg7agGk9Agpaj5.jpg
La Navidad de Charlie Brown,A Charlie Brown Christmas,1965,"Animación, Familia, Comedia, Película de TV",25,"Charlie Brown está deprimido porque piensa que la navidad carece de sentido, ve a Lucy y Snoopy obsesionados con regalos y decoraciones, Schroeder obsesionado con la obra de navidad, y todos los demás concentrados en las tarjetas y cartas a santa, todo esto lo hace cuestionarse el verdadero significado de la navidad. Charlie se disgusta por ver como la festividad se ha convertido en un comercialismo total. Cuando los chicos se comprometen a dar a Charlie la tarea de seleccionar un árbol de navidad para la obra, el escoge uno feo y solitario, pero Linus con un conmovedor discurso logra hacer que todos comprendan el verdadero significado de la navidad.",7.679,https://image.tmdb.org/t/p/w500/9MIBIU9T12Gwc9mfo71tlvB5V7w.jpg
Arde Mississippi,Mississippi Burning,1988,"Drama, Crimen, Misterio, Suspense",128,"En 1964, en un pueblo sureño, donde el racismo está profundamente arraigado y el Ku Klux Klan sigue celebrando sus ritos y reuniones, tres activistas defensores de los derechos humanos desaparecen sin dejar rastro. Dos agentes del FBI, de caracteres muy diferentes, se harán cargo de la investigación. Allí chocarán con un comisario racista.",7.7,https://image.tmdb.org/t/p/w500/2KcLTGJaY2wD6jaZrOra36Eekqz.jpg
Constantine: Ciudad de Demonios,Constantine: City of Demons - The Movie,2018,"Fantasía, Animación, Terror, Acción",90,"10 años después de un trágico error, un padre de familia, Chas, y un detective, John Constantine, intentan curar a la hija de Chas, Trish, de un misterioso coma. Con la ayuda de la Enfermera Pesadilla, la influyente Reina de los Ángeles y el brutal dios azteca Mictlantecuhtli, la pareja tendrá que enfrentarse al demonio Beroul para salvar el alma de Trish.",7.678,https://image.tmdb.org/t/p/w500/dboNLFpCn4BBFUuFXNvOtf9Ty8J.jpg
El invisible Harvey,Harvey,1950,"Comedia, Fantasía",105,"Elwood P. Dowd (James Stewart) es un hombre afable, cariñoso y siempre dispuesto a ayudar a los demás. Su único problema es que va a todas partes acompañado por un imaginario conejo gigante al que llama Harvey. La familia de Elwood no sabe qué hacer y opta por llevarlo a un psiquiátrico.",7.7,https://image.tmdb.org/t/p/w500/9pskEVgnoUWnEURqV7oNEn5sViX.jpg
Baki Hanma vs. Kengan Ashura,範馬刃牙VSケンガンアシュラ,2024,"Animación, Acción, Fantasía",60,¡Llega el combate definitivo! Los luchadores más fieros de ‘Baki Hanma’ y ‘Kengan Ashura’ se enfrentan en este «crossover» de artes marciales sin precedentes.,7.677,https://image.tmdb.org/t/p/w500/npqKtCydaOCrPBKVsSNoGfLVD14.jpg
Los descendientes 3,Descendants 3,2019,"Familia, Película de TV, Aventura, Fantasía, Música",106,"Mal, Evie, Carlos y Jay vuelven a la Isla de los Perdidos en busca de un nuevo grupo de hijos de villanos para que se unan a ellos en Auradon. Pero cuando Hades intenta colarse a través de la barrera mágica, Mal toma la decisión de cerrarla para siempre y así poder mantener a la gente de Auradon a salvo. Sin embargo, una fuerza maligna inesperada se cierne sobre el reino, por lo que Mal y el resto de los hijos de los villanos tendrán que unirse para salvar ambos mundos.",7.677,https://image.tmdb.org/t/p/w500/iQICsH7ckxRExHu0fvPrsczpKJu.jpg
Aftersun,Aftersun,2022,Drama,101,Sophie reflexiona sobre la alegría compartida y la melancolía privada de unas vacaciones que hizo con su padre veinte años atrás. Los recuerdos reales e imaginarios llenan los espacios entre las imágenes mientras intenta reconciliar al padre que conoció con el hombre que no conoció.,7.676,https://image.tmdb.org/t/p/w500/zJd2NwGzciSMppCHividNSROIZR.jpg
Moonrise Kingdom,Moonrise Kingdom,2012,"Comedia, Drama, Romance",94,"Años 60. La huida de dos jóvenes amantes de su pueblo natal lleva a sus familiares y amigos a salir en su búsqueda. Así, quedarán de manifiesto viejos rencores y ocultas relaciones románticas entre algunos de los personajes que participan en la búsqueda.",7.676,https://image.tmdb.org/t/p/w500/rAKTQI0l2tOUylmZutzuypWA1PL.jpg
La venganza del conde de Montecristo,The Count of Monte Cristo,2002,"Aventura, Drama, Historia",134,"El honrado e inocente Edmundo Dantes es traicionado por su mejor amigo y encerrado de por vida en las mazmorras del castillo de If. Con el paso de los años va cambiando y elabora los más despiadados planes de venganza. Tras una milagrosa fuga, Edmundo se convierte en el misterioso y acaudalado conde de Montecristo, y se introduce en los círculos de la nobleza francesa para llevar a cabo sus proyectos y conseguir vengarse de todos los que le traicionaron.",7.675,https://image.tmdb.org/t/p/w500/udaGNhjNcfW2Y2EQKk75SYIeBYl.jpg
Ángeles cotidianos,Ordinary Angels,2024,Drama,118,"Inspirada en la historia real de una peluquera que, sin ayuda de nadie, intentó reunir a toda una comunidad para ayudar a un padre viudo a intentar salvar la vida de su pequeña hija gravemente enferma.",7.7,https://image.tmdb.org/t/p/w500/x1jkzJGnerhMrweZsoCVgefPQ0L.jpg
Holding the Man,Holding the Man,2015,Drama,127,"Tim y John son dos jóvenes que se enamoraron en su adolescencia, mientras asistía al instituto solo para chicos. John tenía una vida llena de éxitos, siendo el capitán del equipo de fútbol, mientras que Tim luchaba por su sueño: ser actor, que consigue un pequeño papel en Romeo y Julieta. Su historia de amor duró 15 años, que les sirvió para ver todos los obstáculos que marcaron sus vidas: las rupturas, las discusiones, la discriminación, las tentaciones, los celos y las pérdidas. Parece que son una pareja indestructible, hasta que el único problema que no puede resolver el amor, se interpondrá en sus caminos.",7.674,https://image.tmdb.org/t/p/w500/dF04CHO27xbNL0Zn0JJ0QdC7SNU.jpg
Ricos de amor,Ricos de Amor,2020,"Romance, Comedia",104,"Teto es un joven millonario decidido a probarle a Paula, la chica que le gusta, que es un buen muchacho. Pero una mentira sobre su pasado terminará saliéndose de control.",7.672,https://image.tmdb.org/t/p/w500/u8kRdW12mhOakR9WqVnarQbqGNH.jpg
Cielo de octubre,October Sky,1999,"Drama, Historia",108,"En 1957 en la pequeña ciudad minera de Coalwood, Homer Hickam sabe, como todos los chicos, que de mayores terminarán trabajando en las minas de carbón. Como no tiene el talento de su hermano para el fútbol americano, Homer intuye que no escapará de este estilo de vida. Pero el satélite soviético Sputnik atraviesa el cielo de octubre y todo cambiará. Homer decide fabricar un cohete junto con sus amigos y, a pesar de los fracasos iniciales logrará convencer a todos de que incluso en Coalwood se puede soñar con las estrellas.",7.672,https://image.tmdb.org/t/p/w500/qs0GdHYvrNNoe6dEhmiNK5OotWu.jpg
Cielo de octubre,October Sky,1999,"Drama, Historia",108,"En 1957 en la pequeña ciudad minera de Coalwood, Homer Hickam sabe, como todos los chicos, que de mayores terminarán trabajando en las minas de carbón. Como no tiene el talento de su hermano para el fútbol americano, Homer intuye que no escapará de este estilo de vida. Pero el satélite soviético Sputnik atraviesa el cielo de octubre y todo cambiará. Homer decide fabricar un cohete junto con sus amigos y, a pesar de los fracasos iniciales logrará convencer a todos de que incluso en Coalwood se puede soñar con las estrellas.",7.672,https://image.tmdb.org/t/p/w500/qs0GdHYvrNNoe6dEhmiNK5OotWu.jpg
Harry Potter y la Orden del Fénix,Harry Potter and the Order of the Phoenix,2007,"Aventura, Fantasía",138,"Harry Potter regresa por quinto año a Hogwarts aún sacudido por la tragedia ocurrida en el Torneo de los Tres Magos. Debido a que el Ministro de la Magia niega el regreso de Lord Voldemort, Harry se convierte en el centro de atención de la comunidad mágica. Mientras lucha con sus problemas en el colegio, incluyendo a la nueva profesora Dolores Umbridge, intentará aprender más sobre la misteriosa Orden del Fénix.",7.7,https://image.tmdb.org/t/p/w500/xxXiM2Ij7plbzibKWW9BfDk23aI.jpg
"¡Agáchate, maldito!",Giù la testa,1971,Western,157,"Juan Miranda y John Mallory, veterano del IRA, se conocen en México y planean trabajar juntos robando bancos. Un día dinamitan lo que creían que era un banco local y resulta ser una prisión. La explosión libera a los revolucionarios que estaban presos y ambos se convierten en héroes de la revolución. Poco tiempo después, las tropas del gobierno, comandadas por el coronel Gutiérrez, comienzan a seguirles los pasos.",7.7,https://image.tmdb.org/t/p/w500/zHzv1nA9azV2lLR0nu8dhIsmbjY.jpg
El buscavidas,The Hustler,1961,"Drama, Romance",134,"Eddie Felson es un joven arrogante y amoral que frecuenta con éxito las salas de billar. Decidido a ser proclamado el mejor, busca al Gordo de Minnesota, un legendario campeón de billar. Cuando, por fin, consigue enfrentarse con él, su falta de seguridad le hace fracasar. El amor de una solitaria mujer podría ayudarlo a abandonar esa clase de vida, pero Eddie no descansará hasta vencer al campeón sin importarle el precio que tenga que pagar por ello.",7.671,https://image.tmdb.org/t/p/w500/6jicxcrfFZpXIBgQidj3uouwsiP.jpg
Solo ante el peligro,High Noon,1952,"Western, Drama, Suspense",84,"Will Kane, el sheriff del pequeño pueblo de Hadleyville, acaba de contraer matrimonio con Amy. Los recién casados proyectan trasladarse a la ciudad y abrir un pequeño negocio; pero, de repente, empieza a correr por el pueblo la noticia de que Frank Miller, un criminal que Kane había atrapado y llevado ante la justicia, ha salido de la cárcel y llegará al pueblo en el tren del mediodía para vengarse de Kane. El tiempo va pasando lentamente, pero nadie en el pueblo está dispuesto a ayudar al sheriff.",7.671,https://image.tmdb.org/t/p/w500/9wGUWTtUfCvW5qVv8kHkPZBikKd.jpg
Divinas,Divines,2016,Drama,105,Dos amigas adolescentes muy espabiladas están decididas a hacerse ricas o morir en el intento. Su plan es seguir los pasos de una traficante de droga famosa en el barrio.,7.67,https://image.tmdb.org/t/p/w500/3QGGcCivE0xa6kmscKud7qVxEIe.jpg
En el calor de la noche,In the Heat of the Night,1967,"Crimen, Drama, Misterio, Suspense",110,"En una pequeña población de Mississippi, el policía Sam Wood descubre el cadáver de un industrial. Poco después, detiene en la estación a un hombre negro que, tras ser interrogado por el jefe de la policía local, Billl Gillespie, resulta ser un inspector de la policía de Filadelfia llamado Virgil Tibbs. Ambos policías deciden colaborar para investigar el asesinato.",7.7,https://image.tmdb.org/t/p/w500/lRkD04pmGpVSYsObL4LZctxiCt9.jpg
Arrietty y el mundo de los diminutos,借りぐらしのアリエッティ,2010,"Fantasía, Animación, Familia",95,"Una joven diminuta llamada Arrietty, que se hace amiga de un niño mucho más grande que ella, tendrá que proteger a su familia de todos los gigantes.",7.669,https://image.tmdb.org/t/p/w500/1uEzy1zW8M4c4jePqLfIGXlBHvl.jpg
La herencia del viento,Inherit the Wind,1960,Drama,128,En una pequeña ciudad del estado de Tennessee se juzga a un profesor por enseñar a sus alumnos la teoría de la evolución de las especies. El darwinismo se enfrenta a una burda y fundamentalista teoría del creacionismo en una explosiva batalla judicial entre el abogado defensor Henry Drummond (Tracy) y el líder ultraconservador Matthew Harrison Brady (March). Basada en hechos reales.,7.7,https://image.tmdb.org/t/p/w500/upW1VQj2rvwjvI8a34UU3BoXKzW.jpg
Fabricated City,조작된 도시,2017,"Acción, Suspense, Crimen",126,"En la vida real Kwon Yoo está sin empleo, pero en el mundo virtual es un gamer de éxito. Un día se convierte en el principal sospechoso de un asesinato y tendrá que acudir a sus amigos gamers para intentar destapar la verdad del caso.",7.667,https://image.tmdb.org/t/p/w500/jsC2AKvwgZzkYbWrBnq1TvvcUCm.jpg
Lecciones inolvidables,Stand and Deliver,1988,Drama,103,"Jaime Escalante (Edward James Olmos, nominado al Oscar al mejor actor) es el nuevo profesor de matemáticas en un instituto para jóvenes de origen hispano en un barrio de Los Angeles. Son alumnos difíciles que no esperan llegar a la universidad, y que aspiran tan sólo a algún trabajo que apenas les permita sobrevivir. Jaime tendrá que hacerles cambiar de opinión, y exigirles fuertes sacrificios.",7.7,https://image.tmdb.org/t/p/w500/zAZb6vW7zg8xz6PLtcRqBWwzk93.jpg
Un sueño posible,The Blind Side,2009,Drama,129,"Basada en hechos reales, narra la historia de Michael Oher, un joven afroamericano sin hogar que encuentra ayuda y cobijo en una familia blanca, dispuesta a prestarle el apoyo necesario para que pueda desarrollar todo su potencial, tanto para triunfar como jugador de fútbol americano como en la vida. Por su parte Oher también influirá en la vida de los miembros de la familia Touhy, que atravesarán también por experiencias de descubrimiento personal. El cambio de ambiente significa también nuevos desafíos que el joven habrá de vencer, esforzándose por dar lo máximo de sí mismo como deportista y como persona.",7.666,https://image.tmdb.org/t/p/w500/uDZJph23idOLBmImnuaZBlF3TgP.jpg
Los sobornados,The Big Heat,1953,"Crimen, Suspense",89,"Dave Bannion es un honesto policía que investiga el suicidio de un compañero. Bertha, la viuda, le explica a Bannion que a su esposo le habían diagnosticado una grave enfermedad. Pero Lucy, la amante del difunto, le cuenta que, en realidad, el policía había descubierto un complejo entramado de corrupción en su departamento. Cuando Lucy aparece brutalmente asesinada, Bannion decide acusar a Lagana, el mayor mafioso de la ciudad. Al cabo de poco tiempo, el coche de Bannion explota y mata a su esposa, hecho que le llevará a iniciar una salvaje venganza.",7.7,https://image.tmdb.org/t/p/w500/3YPt74p6MtqYE2fyFdRXE5m2I9p.jpg
Kabhi Khushi Kabhie Gham,कभी ख़ुशी कभी ग़म,2001,"Comedia, Drama",210,"Rohan, estudiante universitario, regresa a casa de sus padres en las afueras de Nueva Delhi para celebrar el Diwali con su familia. Una vez allí, descubre la verdad sobre lo sucedido con su hermano Rahull: diez años antes, su padre y su hermano se distanciaron después de que éste se casara, en contra de la tradición y el deseo de su familia, con una joven llamada Anjali y se mudaran a Londres. Es entonces cuando Rohan decide viajar a Londres para traer a su hermano a casa… pero primero debe encontrarlo y convencerlo.",7.666,https://image.tmdb.org/t/p/w500/12BvYKueY0eruZuTYIextEZaCC.jpg
Hana-Bi: Flores de fuego,HANA-BI,1997,"Crimen, Drama",103,"Un policía llamado Nishi (Takeshi Kitano) se enfrenta a la enfermedad terminal de su esposa, al drama de un compañero que ha quedado parapléjico en una redada y a un grupo de mafiosos que le siguen la pista.",7.7,https://image.tmdb.org/t/p/w500/A3ubCSK5Y8ObcTNWdjqnoMlROCl.jpg
"Gato negro, gato blanco","Crna mačka, beli mačor",1998,"Comedia, Romance, Crimen",123,"Matko es un estafador de poca monta que viven a orillas del Danubio con Zare, su hijo de 17 años. Después de un chanchullo fallido, le debe dinero a Dadan, un gánster con más éxito. Dadan tiene una hermana poco agraciada, Afrodita, a la que quiere ver casada cuanto antes, por lo que llegan a un acuerdo para saldar la deuda: que Zare se case con ella.",7.7,https://image.tmdb.org/t/p/w500/d6HT4SE2IdIJdzcIx2q1jRDVYFm.jpg
Brazil,Brazil,1985,"Comedia, Ciencia ficción",131,"En un extraño y deprimente universo futurista donde reinan las máquinas, una mosca cae dentro de un ordenador y cambia el apellido del guerrillero Harry Tuttle por el del tranquilo padre de familia Harry Buttle, que es detenido y asesinado por el aparato represor del Estado. El tranquilo burócrata Sam Lowry es el encargado de devolver un talón a la familia de la víctima, circunstancia que le permite conocer a Jill Layton, la mujer de sus sueños. Y, mientras la persigue, hace amistad con Harry Tuttle y se convierte en su cómplice.",7.665,https://image.tmdb.org/t/p/w500/x7N8ZbCw7ojT8XbvoeGL0LXTK8E.jpg
Mi noche con Maud,Ma nuit chez Maud,1969,"Romance, Comedia, Drama",100,"Jean-Louis, un ingeniero católico de treinta años, descubre un día a la salida de misa a Françoise, una mujer rubia, y presiente que algún día se casará con ella, pero la pierde entre la multitud. Por otra parte, su viejo amigo Vidal, marxista convencido, lo lleva a casa de Maud, una bella divorciada.",7.7,https://image.tmdb.org/t/p/w500/nNGvvZqCgCdDmTocWiINQxx5SrC.jpg
Cuento de Navidad con Mickey,Mickey's Christmas Carol,1983,"Familia, Animación",25,"Ebenezer Scrooge (Gilito McPato) es un viejo banquero avaricioso y ruin. Además de no dar dinero a los pobres, hace trabajar sin parar a su ayudante Bob Cratchit (Mickey Mouse). Una noche, cuando a Scrooge le visita el fantasma de su antiguo socio, Jacobo Marley (Goofy), éste le dice que por sus maldades acabará arrastrando unas pesadas cadenas para toda la eternidad, al igual que le pasa a él, y le avisa de que esa misma noche le visitarán tres espíritus a los que debe escuchar antes de que sea demasiado tarde.",7.666,https://image.tmdb.org/t/p/w500/3fp6Og76ETtbKGiMffBTsrCcXJ3.jpg
Tomates verdes fritos,Fried Green Tomatoes,1991,"Drama, Comedia",130,"Evelyn, una mujer madura que vive frustrada por su gordura y por la incomprensión de su marido, conoce en un asilo a Ninny, una anciana que le va contando poco a poco una dramática historia ocurrida en su pueblo, en Alabama. La trama gira en torno a la gran amistad entre dos mujeres y al misterioso asesinato del marido de una de ellas.",7.664,https://image.tmdb.org/t/p/w500/zVWUSjYmmg4PQudX6NGPj0gbnV5.jpg
¿A quién ama Gilbert Grape?,What's Eating Gilbert Grape,1993,"Romance, Drama",120,"Gilbert es un chico del pequeño pueblo de Endora atrapado allí por las obligaciones familiares. Tras el suicidio de su padre, debe hacerse cargo de su hermano menor, que es deficiente, de sus dos hermanas y de una madre obesa que pesa más de 200 kilos. Su aburrida vida transcurre entre el colmado donde trabaja, su familia y la relación que mantiene con una mujer casada. La llegada al pueblo de una joven optimista llamada Becky cambiará su rutina.",7.663,https://image.tmdb.org/t/p/w500/1W9WHcWBD08V3SxpDpxESODDpde.jpg
Hiroshima mon amour,Hiroshima mon amour,1959,"Drama, Historia, Romance",88,"Después de rodar una película en Hiroshima, una joven actriz francesa pasa su última noche en un hotel, en compañía de un japonés. Son dos desconocidos, pero lo que podría ser la fugaz aventura de una noche se convierte en un intenso idilio que hace que ella rememore un amor imposible vivido en Nevers (Francia) unos años antes. La relación amorosa se convierte entonces en un proceso introspectivo a través del cual la mujer reconstruye su pasado y revela sus sentimientos más íntimos a su compañero.",7.7,https://image.tmdb.org/t/p/w500/q2fmvMrBqNnniukiVRthGPrshUU.jpg
Todos los hombres del presidente,All the President's Men,1976,"Drama, Misterio, Suspense",138,"En 1972, dos jóvenes periodistas del diario The Washington Post, Bob Woodward y Carl Bernstein, comienzan a investigar el allanamiento del cuartel general del Partido Demócrata en Washington. Sus descubrimientos desencadenan el llamado 'caso Watergate', que provocó la dimisión del presidente Richard Nixon.",7.7,https://image.tmdb.org/t/p/w500/wmocd5vF8Nt0oz06qCKMEL1mjBD.jpg
The Gentlemen: Los señores de la mafia,The Gentlemen,2020,"Acción, Comedia, Crimen",110,Un capo de la droga con un marcado estilo británico intenta vender su imperio a una dinastía de multimillonarios procedentes de Oklahoma.,7.662,https://image.tmdb.org/t/p/w500/nC27YUVYDF2J1GEB9IIqmh3jIvc.jpg
Náufrago,Cast Away,2000,"Aventura, Drama",143,"Chuck Noland, un ejecutivo de la empresa multinacional de mensajería FedEx, se ve apartado de su cómoda vida y de su prometida a causa de un accidente de avión por el que queda aislado de la civilización en una remota isla tropical. Único superviviente y solo en la isla, tras cuatro años de subsistencia Chuck aprende todas las técnicas de supervivencia mientras sufre la tortura de la soledad. La solución: arriesgar la vida adentrándose mar adentro.",7.7,https://image.tmdb.org/t/p/w500/BlxcYMoHMXsgf3sXcHAjLOuQ1y.jpg
Viridiana,Viridiana,1962,Drama,90,"Don Jaime, un viejo hidalgo español, vive retirado y solitario en su hacienda desde la muerte de su esposa, ocurrida el mismo día de la boda. Un día recibe la visita de su sobrina Viridiana, novicia en un convento, que tiene un gran parecido con su mujer.",7.662,https://image.tmdb.org/t/p/w500/dcXpg8ELDUZMb8MikPReiwH3lYY.jpg
Extraños en un tren,Strangers on a Train,1951,"Crimen, Suspense, Drama",101,"Inspirada en la novela homónima de Patricia Higsmith. Durante un viaje en tren, Guy, un joven campeón de tenis (Farley Granger), es abordado por Bruno (Walker), un joven que conoce su vida y milagros a través de la prensa y que, inesperadamente, le propone un doble asesinato, pero intercambiando las víctimas con el fin de garantizarse recíprocamente la impunidad. Así podrían resolver sus respectivos problemas: él suprimiría a la mujer de Guy (que no quiere concederle el divorcio) y, a cambio, Guy debería asesinar al padre de Bruno para que éste pudiera heredar una gran fortuna y vivir a su aire.",7.662,https://image.tmdb.org/t/p/w500/4o0mXvFkVBr7lzH5sOsHGKmsNI5.jpg
Cleo de 5 a 7,Cléo de 5 à 7,1962,Drama,90,"Cleo, una joven cantante, espera impaciente los resultados de un examen médico. Cuando una adivina que lee las cartas le revela que tiene cáncer y que puede morir, su inquietud aumenta. Tratando de ocupar su tiempo a la espera de los resultados, Cleo conoce a un joven soldado, a punto de partir para hacer el servicio militar en Argelia, al que confía su temor a la muerte.",7.662,https://image.tmdb.org/t/p/w500/k5dXkYYgjRcWFfgm8dSdYr9abAc.jpg
Onibaba,鬼婆,1964,Terror,103,"Mientras su hijo, Kichi, está en guerra, una mujer y su nuera sobreviven matando a samuráis que se pierden en su pantano y luego vendiendo los objetos de valor que encuentran. Ambos quedan devastados cuando se enteran de que Kichi ha muerto, pero su esposa pronto comienza una aventura con un vecino que sobrevivió a la guerra, Hachi. La madre lo desaprueba y, cuando no puede robarse a Hachi, intenta asustar a su nuera con una misteriosa máscara de un samurái muerto.",7.661,https://image.tmdb.org/t/p/w500/ptk0GHF7xwVxFinfsG31UGUlcl6.jpg
The Batman,The Batman,2022,"Crimen, Misterio, Suspense",176,"Cuando un asesino se dirige a la élite de Gotham con una serie de maquinaciones sádicas, un rastro de pistas crípticas envía Batman a una investigación en los bajos fondos. A medida que las pruebas comienzan a acercarse a su casa y se hace evidente la magnitud de los planes del autor, Batman debe forjar nuevas relaciones, desenmascarar al culpable y hacer justicia al abuso de poder y la corrupción que durante mucho tiempo han asolado Gotham City.",7.66,https://image.tmdb.org/t/p/w500/mo7teil1qH0SxgLijnqeYP1Eb4w.jpg
Iron Man,Iron Man,2008,"Acción, Ciencia ficción, Aventura",126,"El multimillonario fabricante de armas Tony Stark debe enfrentarse a su turbio pasado después de sufrir un accidente con una de sus armas. Equipado con una armadura de última generación tecnológica, se convierte en 'El hombre de hierro' para combatir el mal a escala global.",7.661,https://image.tmdb.org/t/p/w500/tFCTNx7foAsUQpgu2x1KjAJD1wT.jpg
Las dos caras de la verdad,Primal Fear,1996,"Crimen, Drama, Misterio, Suspense",129,"Martin Vail (Richard Gere) es un ambicioso abogado de Chicago, capaz de aceptar cualquier caso con tal de salir en la prensa. Un día acepta un caso en apariencia imposible de ganar: la defensa de Aaron (Edward Norton), un joven acusado de asesinar al arzobispo de Chicago tras ser detenido huyendo del lugar del crimen. El caso parece fácil, pero la pesadilla para Martin acaba de empezar.",7.7,https://image.tmdb.org/t/p/w500/8EkX8965Hb2hZdkpEcFShrlrklw.jpg
Zootrópolis 2,Zootopia 2,2025,"Aventura, Animación, Comedia, Familia, Misterio",107,"Después de resolver el caso más importante en la historia de Zootrópolis, los policías novatos Judy Hopps y Nick Wilde descubren que su asociación no es tan sólida como pensaban cuando el Jefe Bogo les ordena unirse al programa de consejería ""Compañeros en Crisis"". Pero no pasa mucho tiempo para que su asociación se ponga a prueba al máximo, cuando la llegada de Gary, la serpiente, pone la ciudad patas arriba.",7.658,https://image.tmdb.org/t/p/w500/4fRdfQPjHiuDSkzaxFAV44k7Iem.jpg
Predator: La presa,Prey,2022,"Suspense, Acción, Ciencia ficción",100,"Ambientada hace 300 años en la Nación Comanche. Naru es una joven guerrera, feroz y altamente hábil, que se crió a la sombra de algunos de los cazadores más legendarios que deambulan por las Grandes Llanuras. Cuando el peligro amenaza su campamento, se dispone a proteger a su gente. La presa a la que acecha y, en última instancia, se enfrenta, resulta ser un depredador alienígena evolucionado con un arsenal técnicamente avanzado, lo que deriva en un enfrentamiento cruel y aterrador entre los dos adversarios.",7.658,https://image.tmdb.org/t/p/w500/sNAMqQ9T7YnXnvUSufeWzaRgK6Y.jpg
Padre no hay más que uno,Padre no hay más que uno,2019,"Comedia, Familia",95,"Javier es un hombre que cree saberlo todo, pero no mueve un dedo para ayudar a su mujer en el cuidado de la casa y de sus cinco hijos. Sin embargo, este padre de familia tiene que enfrentarse a la realidad cuando su mujer decide irse de viaje y dejarlo solo con sus hijos. Esta será una experiencia que cambiará las vidas de todos para siempre.",7.7,https://image.tmdb.org/t/p/w500/eDLO2nr5xhjOfxDAj3gQao495kw.jpg
El juicio de los 7 de Chicago,The Trial of the Chicago 7,2020,"Drama, Historia",129,Lo que iba a ser una manifestación pacífica se convirtió en un enfrentamiento con la policía. Y provocó uno de los juicios más mediáticos de la historia de EE. UU.,7.657,https://image.tmdb.org/t/p/w500/yIzTCHXJp5UKi4izt9DtlWksaBz.jpg
Nosferatu,"Nosferatu, eine Symphonie des Grauens",1922,"Terror, Fantasía",91,"Año 1838. En la ciudad de Wisborg viven felices el joven Hutter y su mujer Ellen, hasta que el oscuro agente inmobiliario Knock decide enviar a Hutter a Transilvania para cerrar un negocio con el conde Orlok. Se trata de la venta de una finca de Wisborg, que linda con la casa de Hutter. Durante el largo viaje Hutter pernocta en una posada, donde hojea un viejo tratado sobre vampiros que encuentra en su habitación. Una vez en el castillo, es recibido por el siniestro conde. Al día siguiente, Hutter amanece con dos pequeñas marcas en el cuello, que interpreta como picaduras de mosquito. Una vez firmado el contrato, descubre que el conde es, en realidad, un vampiro. Al verle partir hacia su nuevo hogar, Hutter teme por Ellen.",7.658,https://image.tmdb.org/t/p/w500/z45rXmIF0zl4uxRc5XcSfz6hYO6.jpg
A millones de kilómetros,A Million Miles Away,2023,"Drama, Historia",122,"Narra la historia de José Hernández, el primer trabajador agrícola migrante en viajar al espacio. Una historia de perseverancia, comunidad y sacrificio para lograr un sueño imposible.",7.7,https://image.tmdb.org/t/p/w500/7hrkceHqhMbxfZNb570NzjQWGI7.jpg
Al rojo vivo,White Heat,1949,"Crimen, Drama, Suspense",114,"Cody Jarrett y su banda asaltan un tren que transporta 300.000 dólares, asesinan a los conductores y huyen con el dinero. Poco después, los agentes federales inician la persecución, convencidos de que él es el autor del asalto. Cody se entrega a la policía y es condenado a sólo dos años de prisión, ya que ha preparado una coartada perfecta. Sin embargo, los agentes del tesoro están convencidos de que fue el cerebro del asalto y le tienden una trampa.",7.7,https://image.tmdb.org/t/p/w500/ih5QqEMXE6UwrbGEjRFGIcGri83.jpg
Los tipos malos 2,The Bad Guys 2,2025,"Familia, Comedia, Crimen, Aventura, Animación",104,"Un genial equipo de animales que no respetan la ley, los ahora muy reformados Tipos Malos, se esfuerzan (mucho, muchísimo) en ser buenos, pero se ven envueltos involuntariamente en un golpe de envergadura mundial planeado por un inesperado grupo de criminales: las Tipas Malas.",7.7,https://image.tmdb.org/t/p/w500/mZmnKDhIS2yNmtfzde5vtdCYzBF.jpg
Minha Mãe é uma Peça 2: O Filme,Minha Mãe é uma Peça 2: O Filme,2016,Comedia,88,,7.7,https://image.tmdb.org/t/p/w500/eDApDWU6r9zxk9MZLc6rfnBb3vu.jpg
Caída libre,Freier Fall,2013,"Drama, Romance",100,"Marc (Hanno Koffer) es un agente de policía que vive con su novia Bettina, embarazada, y con la que en apariencia mantiene una genuina relación de amor y comprensión. Es una pareja feliz, pero las dudas llaman a la puerta de Marc cuando conoce a Kay (Max Riemelt) en un curso de formación. El desconcierto, el miedo, la incomprensión de sentirse atraído por otro hombre, una clase de deseo que hasta ahora desconocía, que incluso repudiaba, despierta dentro de él.",7.7,https://image.tmdb.org/t/p/w500/Ae9gOuuzAH9snr4q8p8So7xdRP4.jpg
Capitán América: El soldado de invierno,Captain America: The Winter Soldier,2014,"Acción, Aventura, Ciencia ficción",136,"Capitán América, Viuda Negra y un nuevo aliado, Falcon, se enfrentan a un enemigo inesperado mientras intentan sacar a la luz una conspiración que pone en riesgo al mundo.",7.655,https://image.tmdb.org/t/p/w500/3Zv12uAqBxj4xAdeHeVySEQzY1o.jpg
Aladdin,Aladdin,1992,"Animación, Familia, Aventura, Fantasía, Romance",87,"Aladdín es un ingenioso joven que vive en una extrema pobreza, y que sueña con casarse con la bella hija del sultán, la princesa Jasmine. El destino interviene cuando el astuto visir del Sultán, Jafar, recluta a Aladdín para que le ayude a recuperar una lámpara mágica de las profundidades de la Cueva de las Maravillas. Aladdín encuentra una lámpara maravillosa con un genio dentro, y sus deseos comienzan a hacerse realidad.",7.655,https://image.tmdb.org/t/p/w500/5ALwczKzFxbsiMDlHuy7aREDCzr.jpg
Retorno al pasado,Out of the Past,1947,"Crimen, Suspense",97,"Jeff Bailey, un antiguo detective, regenta una gasolinera en un pequeño pueblo, donde lleva una vida tranquila y sencilla. Sus amores son la pesca y una jovencita con la que quiere casarse. Inesperadamente, recibe la visita de un viejo conocido que le anuncia que el jefe quiere verlo. Bailey se ve entonces obligado a contarle a su novia su turbio pasado.",7.655,https://image.tmdb.org/t/p/w500/lVrSynBqsFZVKbRKaaP0YQW2ccg.jpg
System crasher,Systemsprenger,2019,Drama,110,"En su salvaje búsqueda de amor, la energía salvaje de Benni, de 9 años, lleva a todos a su alrededor a la desesperación.",7.7,https://image.tmdb.org/t/p/w500/bQIUrTkwN1vehbLwjElVkAtbA5Y.jpg
"Titanes, hicieron historia",Remember the Titans,2000,Drama,113,"Corre el año 1971, cuando en la ciudad de Alexandria, Virginia, se tomó la polémica decisión de integrar en el Secundario T.C. Williams a los estudiantes de raza negra con los de raza blanca. Los jugadores blancos veían con temor el ingreso de jugadores negros al equipo, llamado ""Los Titanes"", pues ponía en peligro sus puestos. Su miedo aumentó cuando el hasta entonces entrenador Bill Yoast es reemplazado en su cargo por Herman Boone, de raza afroamericana.",7.653,https://image.tmdb.org/t/p/w500/fh9fyi0pEpsY1vli8b0myyqRuJ2.jpg
Charada,Charade,1963,"Comedia, Misterio, Romance",113,"Charles Lampert, buscado por el gobierno de los Estados Unidos bajo la acusacion de haberse apoderado de un cuarto de millón de dólares en oro del fondo federal suma entregada a Charles y a cuatro compañeros de armas de éste, durante la guerra, para ayudar a la Resistencia francesa es asesinado cuando viajaba en tren en las proximidades de Burdeos. La esposa de Lampert -Regine- es sometida a vigilancia en Paris no solo por miembros de la embajada americana, sino por los individuos a los que Charles defraudó y que acusan a Regine de ocultar el dinero. Pero Regine es ajena, al parecer, a toda la maniobra montada por su difunto esposo.",7.653,https://image.tmdb.org/t/p/w500/lttpLnsThCunHUHIl86FWBo5aNM.jpg
El planeta de los simios,Planet of the Apes,1968,"Ciencia ficción, Aventura, Drama, Acción",112,"George Taylor forma parte de una tripulación de astronautas a bordo de una nave espacial -en una misión de larga duración- que se estrella en un planeta desconocido y aparentemente carente de vida inteligente. Sin embargo, pronto se da cuenta de que el lugar está gobernado por una raza de simios inteligentes que esclavizan a los seres humanos, que carecen de la facultad del habla. Cuando su líder, el doctor Zaius, descubre con horror la facultad de hablar de Taylor, decide que lo mejor es exterminarlo.",7.653,https://image.tmdb.org/t/p/w500/pMLpuzyeXFsttiW0dHzJLH5FXyK.jpg
El viaje de Rickey Hill,The Hill,2023,"Historia, Drama",121,La extraordinaria historia real del increíble viaje de Ricky Hill para jugar en las Grandes Ligas de béisbol.,7.652,https://image.tmdb.org/t/p/w500/9V219DjyPjBzvyRxqxJ1jhjBPGU.jpg
Los inútiles,I vitelloni,1953,"Comedia, Drama",107,Los vecinos de un pueblo de la costa adriática italiana son gentes amables y corteses que se dedican afanosamente al trabajo. Sólo cinco jóvenes rompen la armonía de la comunidad: ninguno de ellos ha trabajado nunca y ni siquiera se avergüenza de ello.,7.7,https://image.tmdb.org/t/p/w500/ua1XUwp1Nx6zndVImR6pr6t4PBJ.jpg
The Killer,더 킬러: 죽어도 되는 아이,2022,"Acción, Crimen, Suspense",95,"Un asesino a sueldo retirado cuya esposa se va de viaje con su amigo y le pide que cuide de la hija adolescente del amigo. Las cosas salen mal cuando se ve obligado a usar un poco de violencia para proteger a la niña de los delincuentes juveniles, pero luego los encuentran muertos y la niña es secuestrada.",7.65,https://image.tmdb.org/t/p/w500/scgxYi3icXpwNDEQBEojkkCqxrW.jpg
"Kenshin, el guerrero samurái: El principio",るろうに剣心 最終章 The Beginning,2021,"Acción, Aventura, Drama, Romance",138,"Antes de convertirse en protector, Kenshin era un temible asesino conocido como Battosai. Pero su historia comienza a cambiar tras conocer a la dulce Tomoe Yukishiro.",7.7,https://image.tmdb.org/t/p/w500/a7cWay8MBxGbgvFI8HN5FhJsPAX.jpg
Rescate congelado: Una película de huevos,Huevitos congelados,2022,"Animación, Aventura, Comedia, Familia",91,"Sigue las aventuras de Toto y su familia, que tendrán que viajar al Polo Sur para cumplir la promesa de devolver a un oso polar y a unos pingüinos españoles a su hogar.  Para lograr cumplir la promesa, tendrán que superar algunos obstáculos que les enseñarán lo importante que es el trabajo en equipo.",7.65,https://image.tmdb.org/t/p/w500/2nmnGLRMoa4uM3fVIE1MeOCFuY9.jpg
Ricky Gervais: Humanity,Ricky Gervais: Humanity,2018,Comedia,79,"Ricky Gervais vuelve a los escenarios en Londres con sus mordaces monólogos en los que trata temas como el envejecimiento, su trabajo en los Globos de Oro, ser un engreído y la perspectiva de ser padre.",7.7,https://image.tmdb.org/t/p/w500/vXNvvb9RUXSZS08PvXxLtA9wrfV.jpg
Ciudad sin ley,범죄도시,2017,"Acción, Crimen, Suspense",121,"Jang Chen llega de China y trabaja como prestamista en una sórdida zona de Chinatown en Seúl. Está respaldado por sus esbirros sanguinarios Wei Sung-Rak y Yang-Tae. Mientras tanto, Ma Suk-Do es un detective en el área de Chinatown de Seúl. Él trata de mantener la paz, mientras que dos pandillas chino-coreanas luchan por el poder.",7.65,https://image.tmdb.org/t/p/w500/cL2GQORmn0UDfIuGfDKOYyjxZ3j.jpg
Berserk. La edad de oro III: El advenimiento,ベルセルク 黄金時代篇Ⅲ 降臨,2013,"Animación, Acción, Aventura, Drama, Fantasía",112,"Ha pasado un año desde que Guts abandonó la Banda del Halcón y Griffith fue encarcelado por el Reino de Midland por traición. En la oscuridad de la noche, en un campamento donde se esconden, la Banda del Halcón es atacada por asesinos Bakiraka liderados por Silat. Cuando todo parece perdido, Guts regresa de su viaje. «Lo destruiste todo». Casca, llorando porque Griffith no es nada sin Guts, une a Guts en cuerpo y alma. Griffith es encarcelado en el edificio más antiguo del Castillo de Wyndham, la Torre del Renacimiento.",7.65,https://image.tmdb.org/t/p/w500/eLgS53Y6tZNg2LiHR4Y4NQ2uo8A.jpg
Pregúntame si soy feliz,Chiedimi se sono felice,2000,Comedia,100,"Giovanni y Giacomo, después de tres años sin hablarse, viajan juntos en tren con la mujer causante de su enemistad. Viajan para ver al tercer amigo en discordia, Aldo, enfermo de gravedad. Los tres eran grandes amigos que preparaban representar una versión teatral de Cyrano de Bergerac. Grandes amigos que se ayudaban mtuamente en todo, incluído sus líos con las mujeres. Pero ellas también pueden romper grandes amistades...",7.65,https://image.tmdb.org/t/p/w500/gzDYw3sUQ18gJSlLvJ5YqWlXfZr.jpg
Los que se quedan,The Holdovers,2023,"Drama, Comedia",133,"A nadie le gusta el profesor Paul Hunham (Giamatti), ni a sus alumnos, ni a sus compañeros, ni al director de la escuela secundaria donde trabaja, a todos les resulta exasperante su pomposidad y rigidez. Sin familia y sin ningún lugar a donde ir durante las vacaciones de Navidad de 1970, Paul se queda en la escuela para supervisar a los estudiantes que no han podido viajar a casa. Después de unos días, solo queda allí un estudiante: un problemático chico de 15 años llamado Angus, un buen estudiante cuyo mal comportamiento siempre amenaza con expulsarlo. Junto a Paul y Angus está la cocinera Mary (Randolph), una mujer afroamericana que atiende a hijos privilegiados y cuyo propio hijo perdió la vida recientemente en Vietnam. Estos tres náufragos tan diferentes formarán una improbable familia durante dos semanas muy nevadas en Nueva Inglaterra.",7.647,https://image.tmdb.org/t/p/w500/aZj21Kcmazecm6VDBn4bYU4evi3.jpg
"Quo Vadis, Aida?","Quo Vadis, Aida?",2021,"Bélica, Drama, Historia",104,"Bosnia, julio de 1995. Aida trabaja como traductora para la ONU en la pequeña ciudad de Srebrenica. Cuando el ejército serbio ocupa el pueblo, su familia está entre las miles de personas que buscan refugio en los campos de la ONU. Como participa en las negociaciones, Aida tiene acceso a información importante.",7.648,https://image.tmdb.org/t/p/w500/nmJYdxAJJpjGxOKSjXr0qNZmtw0.jpg
El traidor,Il traditore,2019,"Drama, Crimen, Suspense",151,"Palermo, Sicilia, 1980. Tommaso Buscetta, miembro de la mafia siciliana, decide mudarse a Brasil con su familia huyendo de la guerra constante entre los diferentes clanes de la organización criminal. Pero cuando, después de vivir varias desgracias, se ve obligado a regresar a Italia, toma una decisión audaz que cambiará para siempre su vida y el destino de la Cosa Nostra.",7.648,https://image.tmdb.org/t/p/w500/2Lx8v0CDjrJCeCbFIwJYz7VHjUX.jpg
Bacurau,Bacurau,2019,"Misterio, Western, Suspense",130,"En un futuro cercano. El pueblo de Bacurau llora la muerte de su matriarca Carmelita, que falleció a los 94 años. Algunos días más tarde, los habitantes se dan cuenta de que el pueblo está siendo borrado del mapa...",7.648,https://image.tmdb.org/t/p/w500/lmaOXE74iTZfFv1Sif4Ez71RT1g.jpg
Historia de una gaviota (y del gato que le enseñó a volar),La gabbianella e il gatto,1998,"Familia, Animación",75,"Kenga, una gaviota envenenada por una mancha de petróleo, consigue justo antes de morir confiar su huevo al gato Zorbas, obteniendo de él tres promesas: no comerse el huevo, cuidar de él hasta que se abra y enseñar a volar al recién nacido. La gaviota huérfana es bautizada con el nombre de Afortunada por toda la comunidad de los gatos, que se ha visto involucrada por Zorbas en la tarea de criar a esta insólita hija. La pequeña Afortunada, deberá aprender a conocerse y comprender que no es un gato antes de poder aprender a volar. Mientras, deberá combatir al lado de sus amigos felinos para impedir la llegada del Gran Ratón que, junto con una horda de ratones, espera en las alcantarillas la ocasión para tomar el poder de la ciudad.",7.6,https://image.tmdb.org/t/p/w500/16bgbG4DAfTiPJNwPrLmm7jLDbm.jpg
Más allá de la esperanza,Breakthrough,2019,Drama,116,"Joyce Smith y su familia creían que lo habían perdido todo cuando su hijo adolescente John cayó en el helado lago Saint-Louis. En el hospital, John estuvo sin vida durante 60 minutos, pero Joyce no estaba dispuesta a renunciar por su hijo. Reunió toda su fuerza y fe, y clamó a Dios por su salvación. Milagrosamente, el corazón de John volvió a latir. A partir de ahí, Joyce comienza a desafiar a cualquier experto y prueba científica que tratan de explicar lo que ocurrió.",7.644,https://image.tmdb.org/t/p/w500/fNMHKpqpr5rrKLYlOhRfzZCa0wv.jpg
El abismo secreto,The Gorge,2025,"Romance, Ciencia ficción, Suspense",127,"Mandan a dos operativos de élite a vigilar lados opuestos de un misterioso abismo y allí intiman desde la distancia, pero deberán aunar fuerzas para sobrevivir al mal que esconde el abismo.",7.645,https://image.tmdb.org/t/p/w500/3s0jkMh0YUhIeIeioH3kt2X4st4.jpg
Shelter: El Protector,Shelter,2026,"Acción, Crimen, Suspense",107,"Un recluso en una remota isla escocesa rescata a una niña del mar, desencadenando una peligrosa secuencia de acontecimientos.",7.6,https://image.tmdb.org/t/p/w500/kOsqd5jFZ0p3O8Z0k0VQvBW2neW.jpg
A la caza de los ñumanos,Hunt for the Wilderpeople,2016,"Aventura, Comedia, Drama",93,"Ricky es un rebelde chico de ciudad de doce años al que no encuentran hogar de acogida para él, salvo una granja en medio de la nada con una pareja; ella encantadora, él, arisco y solitario. Cuando comienza a sentirse a gusto, un problema imprevisto dará pie a una caza humana por el campo neozelandés.",7.643,https://image.tmdb.org/t/p/w500/rzu1NT7TXVY1DBxfHEX5yaeOFkC.jpg
El espíritu de la colmena,El espíritu de la colmena,1973,"Drama, Fantasía",94,"Ocurrió en un pueblo castellano a mediados de los años cuarenta, es decir, en plena postguerra. Un domingo, Isabel y Ana, dos hermanas de ocho y seis años respectivamente, vieron la película ""El Doctor Frankenstein"". A la pequeña le causó tal impresión que no dejaba de hacer preguntas sobre el monstruo a su hermana mayor. Cierto día, la familia se dio cuenta de que Ana había desaparecido de la casa. Y mientras todo el pueblo la buscaba, ella consiguió ver a Frankenstein reflejado en las aguas del río por la luz de la luna. Y desde entonces lo sigue invocando",7.641,https://image.tmdb.org/t/p/w500/ueefcFKn9qoAQqjSWY6H9xjjLU2.jpg
Tu mejor amigo,A Dog's Purpose,2017,"Aventura, Comedia, Fantasía, Familia, Drama",101,"Toby es un perro que se pregunta el sentido de su vida cuando, sorprendido, se da cuenta de que se ha reencarnado en un cachorrito. Así, a lo largo de sus vidas se cuestionará su sentido mientras ayuda a distintos dueños, pero siempre con el objetivo de encontrarse con el primero.",7.643,https://image.tmdb.org/t/p/w500/1vz34upg09Hh9p4aV2Uau19g2bv.jpg
"Marcel, la concha con zapatos",Marcel the Shell with Shoes On,2022,"Animación, Comedia, Drama, Familia",90,"Marcel es un adorable caparazón de una pulgada de alto que se gana la vida con su abuela Connie y su mascota, Alan. Una vez que formaron parte de una comunidad en expansión de caparazones, ahora viven solos como los únicos sobrevivientes de una misteriosa tragedia. Pero cuando un realizador de documentales los descubre entre el desorden de su Airbnb, el cortometraje que publica en línea trae a Marcel millones de fanáticos apasionados, así como peligros sin precedentes y una nueva esperanza de encontrar a su familia perdida hace mucho tiempo.",7.64,https://image.tmdb.org/t/p/w500/x9VPPEYxv19AEdEoWccVAF1HKot.jpg
Eddie Murphy: Delirious,Eddie Murphy: Delirious,1983,Comedia,69,"En directo desde el Constitution Hall de Washington DC, especial del cómico Eddie Murphy, cuando contaba con 22 años de edad, de más de 60 minutos en los que habla sobre su infancia, el sexo, o el show business.",7.6,https://image.tmdb.org/t/p/w500/qnNXoflFXeUg692kulMKVJVRzYf.jpg
El conformista,Il conformista,1971,Drama,113,"Cuando tenía trece años, Marcello Clerici le disparó a Lino, un adulto homosexual que intentó seducirlo. Años más tarde, Clerici es un ciudadano respetable, profesor de filosofía y va a casarse con Giulia. Pero ideológicamente Clerici es fascista, tiene contactos con el servicio secreto y se muestra dispuesto a combinar su luna de miel en París con un atentado contra un exiliado político italiano que había sido profesor suyo.",7.6,https://image.tmdb.org/t/p/w500/1fOtsLKzGAWJA41NmhRB9yNk0z1.jpg
Batman y Superman: La Batalla de los Super hijos,Batman and Superman: Battle of the Super Sons,2022,"Animación, Acción, Ciencia ficción",79,"Comienza cuando Jonathan Kent, de once años, descubre que tiene superpoderes, empujando al semi kryptoniano al complicado mundo de los superhéroes y los supervillanos, que ahora están siendo atacados por una fuerza alienígena malvada conocida como Starro”.",7.646,https://image.tmdb.org/t/p/w500/fQFY3IsdwLl2O5z5YEh97R8A7hY.jpg
Onward,Onward,2020,"Aventura, Animación, Comedia, Familia, Fantasía",102,"Ambientado en un mundo de fantasía suburbana, dos hermanos elfos adolescentes, Ian y Barley Lightfood, se embarcan en una aventura en la que se proponen descubrir si existe aún algo de magia en el mundo que les permita pasar un último día con su padre, que falleció cuando ellos eran aún muy pequeños como para poder recordarlo.",7.64,https://image.tmdb.org/t/p/w500/tHWeWBBOlkPYdlZcjSKeToQvgZg.jpg
Memorias de una geisha,Memoirs of a Geisha,2005,"Drama, Romance, Historia",145,"Japón, 1929. Chiyo, una niña de nueve años, es vendida por sus padres para trabajar en la casa de Geishas de Nitta Okiya. Su hermana mayor Satsu no es aceptada y es enviada a un prostíbulo. En la casa Chiyo conoce a Pumpkin, otra niña que va a ser instruida para ser geisha, así como a las famosas geishas Hatsumomo y su rival Mameha. Los comienzos de Chiyo son duros, pero un encuentro con el que será el amor de su vida, el Presidente, hará que desde ese momento sólo desee convertirse en una famosa geisha para estar más cerca de él.",7.6,https://image.tmdb.org/t/p/w500/c1bRPGCTTz970dkxqOtKVaiRgru.jpg
La gata sobre el tejado de zinc,Cat on a Hot Tin Roof,1958,Drama,108,"La inminente muerte del anciano patriarca de una acomodada familia del Sur desencadena terribles tensiones entre sus herederos. Uno de sus hijos, Brick, indeciso y apático, se refugia en el alcohol y se muestra completamente indiferente ante la situación, pero Maggie, su mujer, no está dispuesta a contemplar impasible su destrucción. El otro, Gooper, al igual que su esposa, es ambicioso y oportunista.",7.64,https://image.tmdb.org/t/p/w500/k6pDVkqgDTIqXmSNDy8b9o4J1DH.jpg
Atraco perfecto,The Killing,1956,"Crimen, Suspense, Drama",83,"Después de pasar por la cárcel, Johnny Clay ha decidido dar el último golpe de su vida, el que le permita retirarse junto a su amada Fay. El plan es llevarse la recaudación de las carreras de caballos de un hipódromo. Después de una meticulosa selección de colaboradores, planea la estrategia del asalto con una precisión insospechada. Tratará de provocar un altercado en la sala de apuestas y matar al caballo favorito de la séptima carrera. Clay cuenta con la ayuda de Randy, un policía sobornado, George, el cajero de las apuestas, y Mike, barman del hipódromo. El atraco se desarrolla según lo previsto, pero los problemas se presentan con el reparto del botín.",7.64,https://image.tmdb.org/t/p/w500/1NL92xMCQRK254IVSPkpsG0ErZG.jpg
Amores perros,Amores perros,2000,"Drama, Suspense",154,"Ciudad de México: un fatal accidente automovilístico afecta trágicamente a tres personas. Octavio, un joven adolescente, decide fugarse con Susana, la esposa de su hermano; el Cofí, su perro, se convierte en el medio para conseguir el dinero que necesitan para poder escapar juntos. Al mismo tiempo, Daniel, un hombre de 42 años, deja a su esposa y a sus hijos para irse a vivir con Valeria, una hermosa modelo. El mismo día en que ambos festejan su nueva vida, el destino hace que Valeria sea víctima del trágico accidente.",7.6,https://image.tmdb.org/t/p/w500/bVK4CPluBY9LFkzCAwhG5Fs04HE.jpg
Frankenstein,Frankenstein,2025,"Drama, Fantasía, Terror",149,"Un científico brillante y obsesivo, Victor Frankenstein, en su ambición por desafiar a la muerte, da vida a una criatura ensamblada con partes de cadáveres. Pese a tratarse de una proeza científica, Frankenstein considera que la criatura carece de inteligencia y la rechaza. Dolida, esta se rebela contra su creador.",7.6,https://image.tmdb.org/t/p/w500/hTj8x0ElKldJyAjTYvaqxkQNxxN.jpg
Pobres criaturas,Poor Things,2023,"Ciencia ficción, Romance, Comedia",141,"Bella Baxter es una joven revivida por el brillante y poco ortodoxo científico Dr. Godwin Baxter. Bajo la protección de Baxter, Bella está ansiosa por aprender. Hambrienta de la mundanidad que le falta, Bella se escapa con Duncan Wedderburn, un sofisticado y perverso abogado, en una aventura vertiginosa a través de los continentes. Libre de los prejuicios de su época, Bella se vuelve firme en su propósito de defender la igualdad y la liberación.",7.639,https://image.tmdb.org/t/p/w500/9OYMVcP2zyw0zpWOTuxlDo2MsMw.jpg
Un quinteto a lo loco,Amici miei - Atto II°,1982,Comedia,104,"Segunda parte de las aventuras de cuatro amigos toscanos. Durante dos horas se asiste a ruleta de bromas y desventuras privadas del presente, que se alternan con flash-backs que narran viejas aventuras de cuando aún vivía Perozzi.",7.639,https://image.tmdb.org/t/p/w500/cUXEfnzCqMw7OpPhRHFtwVND6hK.jpg
La calumnia,The Children's Hour,1961,Drama,107,"Karen y Martha son dos buenas amigas y socias que dirigen una exclusiva escuela privada para niñas, la Escuela Dobie-Wright. Karen está prometida con el doctor Joe Cardin, con el que pretende casarse pronto, aunque Martha le insiste en retrasar la boda, para no acabar sola al frente de la escuela. Una alumna maliciosa y vengativa, despechada por un castigo que ha recibido, oye por casualidad un comentario y lo utiliza, distorsionándolo ante su abuela, para acusar a las profesoras de ser amantes.",7.6,https://image.tmdb.org/t/p/w500/dfsUNwOBKvSWyjpg8TyR6nEr5k8.jpg
Gladiator,Gladiator,1992,Drama,101,"Un chico de clase media se traslada a la dura zona sur de Chicago, donde se introducirá como luchador en el mundo ilegal de las peleas de boxeo no autorizadas.",7.637,https://image.tmdb.org/t/p/w500/o5333m4CcButz0I7NrxDXlTRB70.jpg
Ocho sentencias de muerte,Kind Hearts and Coronets,1949,"Comedia, Crimen",106,"Un joven ambicioso y sin escrúpulos (Dennis Price) proyecta vengar la afrenta que la aristocrática familia D'Ascoyne, a la cual pertenece, les ha infligido a él y a su madre. El plan consiste en eliminar a todos los miembros de la familia que le preceden en la sucesión al título de Duque.",7.6,https://image.tmdb.org/t/p/w500/fM27q6W6YAPUwJM0ApeE8vMtoWT.jpg
Boogie nights,Boogie Nights,1997,"Drama, Comedia",156,"A los 17 años, un joven sexualmente bien dotado (Mark Wahlberg) es descubierto por un director veterano (Burt Reynolds), que lo transforma en una celebridad de la subcultura del mundo del porno en pleno apogeo de los 70. Sin embargo, la fama repentina puede pasar factura",7.635,https://image.tmdb.org/t/p/w500/njDsPPXygxLluTcWrRKtePKIWk.jpg
Shelter: El Protector,Shelter,2026,"Acción, Crimen, Suspense",107,"Un recluso en una remota isla escocesa rescata a una niña del mar, desencadenando una peligrosa secuencia de acontecimientos.",7.6,https://image.tmdb.org/t/p/w500/kOsqd5jFZ0p3O8Z0k0VQvBW2neW.jpg
Mad Max: Furia en la carretera,Mad Max: Fury Road,2015,"Acción, Aventura, Ciencia ficción",120,"Perseguido por su turbulento pasado, Mad Max cree que la mejor forma de sobrevivir es ir solo por el mundo. Sin embargo, se ve arrastrado a formar parte de un grupo que huye a través del desierto en un War Rig conducido por una Emperatriz de élite: Furiosa. Escapan de una Ciudadela tiranizada por Immortan Joe, a quien han arrebatado algo irreemplazable. Enfurecido, el Señor de la Guerra moviliza a todas sus bandas y persigue implacablemente a los rebeldes en una 'guerra de la carretera' de altas revoluciones.",7.635,https://image.tmdb.org/t/p/w500/fnY0VRsb31A5RLVCBjuR6EFUlo2.jpg
"Godzilla, Japón bajo el terror del monstruo",ゴジラ,1954,"Suspense, Terror, Ciencia ficción",96,"Las misteriosas destrucciones de barcos en el Pacífico provocan el pánico. Los nativos de una isla afirman que el culpable es una criatura legendaria, Godzilla, un lagarto mutante convertido en un gigantesco monstruo a causa de unas radiaciones atómicas. Godzilla se dispone a atacar las principales ciudades del Japón.",7.635,https://image.tmdb.org/t/p/w500/mu4KeHb8GOjKbZGIeE4C5dXBx9B.jpg
El graduado,The Graduate,1967,"Drama, Romance, Comedia",106,"Benjamin Braddock (Dustin Hoffman) vuelve a casa después de terminar sus estudios universitarios. Es un joven que alberga un gran rencor contra la hipocresía y la corrupción de la sociedad que lo rodea. La señora Robinson (Anne Bancroft), una amiga de la familia, se encapricha de él y lo hace su amante. Pero cuando Benjamin conoce a Elaine (Katharine Ross), la hija de la señora Robinson, todo se complica...",7.6,https://image.tmdb.org/t/p/w500/z8QQ9T38rNEoCHlqHMgcJfwbZRd.jpg
Shottas (Hermanos en el crimen),Shottas,2002,"Acción, Aventura, Crimen, Drama",95,"La historia comienza en Kingston (Jamaica) a finales de los 70, donde viven Biggs y Wayne, que con apenas 12 años ya quieren ser delincuentes y conseguir dinero fácil. Tras su primer robo, deciden ir a vivir a Miami, donde reside la madre de Biggs. Años después, ambos ya están de vuelta en Jamaica debido a su deportación. En EEUU han aprendido y vivido como ""shottas"" (gángsters), y en Jamaica no pretenden frenar su tren de vida. Pero tras unas complicaciones, deciden volver a Miami, y convertirse en los dueños de la ciudad cueste lo que cueste. (FILMAFFINITY)",7.634,https://image.tmdb.org/t/p/w500/amOWE3VqD0rKDiHZSWhYcpYZcxq.jpg
"Expiación, más allá de la pasión",Atonement,2007,"Drama, Romance",123,"En el verano de 1935, Briony Tallis (Saoirse Ronan), una precoz escritora de 13 años, cambia irremediablemente el curso de varias vidas cuando acusa al amante de su hermana Cecilia (Keira Knightley), el joven Robbie Turner (James McAvoy), de haber cometido un crimen. Los productores y el realizador de ""Orgullo y prejuicio"" vuelven a unirse en este drama.",7.6,https://image.tmdb.org/t/p/w500/lGzQYPmmdBZDiIqhhnB7NdZmB2q.jpg
Exit: Escape de Seúl,엑시트,2019,"Acción, Comedia",80,"Yong-Nam (Cho Jung-Seok) ha estado desempleado durante años. Tiene una celebración de cumpleaños número 70 para su madre en un salón de convenciones. Allí, Yong-Nam se encuentra con Ui-Joo (Yoona). Se graduó de la misma universidad que Yong-Nam. En ese momento, el gas venenoso se extiende por toda la ciudad.",7.633,https://image.tmdb.org/t/p/w500/fS1mM63OegqpJCfhHapPZhaMW5q.jpg
Kubo y las dos cuerdas mágicas,Kubo and the Two Strings,2016,"Animación, Aventura, Familia",101,"Kubo es un joven desaliñado y bondadoso que se gana la vida humildemente y cuida de su madre en una apacible aldea costera. Tiene una tranquila existencia hasta que un espíritu del pasado vuelve para llevar a cabo una vieja venganza. De repente, rodeado por dioses y monstruos, Kubo verá que su supervivencia pasa por encontrar la armadura mágica de su caído padre, el más grande samurai que el mundo ha conocido. Llenándose de coraje, Kubo se embarca en una emocionante odisea enfrentándose a su historia familiar, navegando entre los elementos y luchando valientemente por la Tierra y las estrellas.",7.633,https://image.tmdb.org/t/p/w500/b9L5BomkYAHwiRaVNp14WibZhHs.jpg
Apocalypto,Apocalypto,2006,"Acción, Drama, Historia",136,"Historia ambientada en la época del imperio maya. Cuando la idílica existencia de los mayas es brutalmente interrumpida por el ataque de una fuerza invasora, un hombre emprende un arriesgado viaje a un mundo regido por el miedo y la opresión en el que le espera un incierto final. Debido a un giro del destino y espoleado por el amor a su esposa y a su familia, emprenderá el regreso a su hogar en un desesperado esfuerzo por preservar su forma de vida...",7.633,https://image.tmdb.org/t/p/w500/yQ4uC13IYVerbxMMXeSogSQUkOT.jpg
Violet y Finch,All the Bright Places,2020,"Romance, Drama",108,"Violet y Theodore son dos amigos cuyo encuentro cambia sus vidas para siempre. Mientras luchan por dejar atrás las cicatrices de su pasado, descubren que incluso los momentos más insignificantes pueden tener una importancia crucial en sus vidas.",7.631,https://image.tmdb.org/t/p/w500/cYtAU7GtSEoBD9EuS311RCNTb6K.jpg
Dragon Ball Z: Un futuro diferente Gohan y Trunks,ドラゴンボールZ 絶望への反抗!! 残された超戦士・悟飯とトランクス,1993,"Animación, Acción, Ciencia ficción",47,"Cuando Goku muere de un virus mortal, parece el fin del mundo. ¡Pero la muerte del gran saiyan resulta meramente un presagio de las tragedias horribles que están por el camino! Cuando dos Androides aparecen y empiezan destruyendo las grandes ciudades de la Tierra, el planeta se hunde en la oscuridad y los habitantes viven en temor.",7.6,https://image.tmdb.org/t/p/w500/wmvQymtrEnjuEppy5JIjzlrYcmj.jpg
El amor no cuesta nada,Love Don't Co$t a Thing,2003,"Comedia, Drama, Familia, Romance",101,"Un chico poco popular en el insituto paga a una cheerleader para que finja ser su novia y así adquirir su deseada popularidad. Remake, versión afroamericana, de la comedia para adolescentes de 1987 ""Can't Buy Me Love"" (No puedes comprar mi amor), protagonizada entonces por Patrick Dempsey. (FILMAFFINITY)",7.631,https://image.tmdb.org/t/p/w500/3Lr5FSzeTno0Ybg9N8bpdXx6xOU.jpg
El juego de Geri,Geri's Game,1997,"Animación, Comedia, Familia",4,"Geri es un anciano que juega una partida de ajedrez en el parque contra sí mismo. Inexplicablemente empieza a perder contra su contrincante, pero justo cuando la partida está casi terminada, Geri consigue remontarla.",7.631,https://image.tmdb.org/t/p/w500/weHsxRcrCpiaoYQPEVVwhfArgJX.jpg
Los chicos del barrio,Boyz n the Hood,1991,"Crimen, Drama",111,Sorprendente debut del jovencísimo John Singleton -nominado al Oscar al mejor director con sólo 21 años- en un drama que cuenta la historia de tres amigos de la infancia que viven en un peligroso barrio de Los Ángeles. Los tres deberán enfrentarse a difíciles dilemas para abrirse camino en la vida.,7.631,https://image.tmdb.org/t/p/w500/wcHEyW05V0PH4b1bLo47nTIp1oX.jpg
Atrapado en el tiempo,Groundhog Day,1993,"Romance, Fantasía, Comedia",101,"Phil, hombre del tiempo de una cadena de televisión, es enviado un año más a Punxstawnwey, a cubrir la información del festival de El día de la marmota. En el viaje de regreso, Phil y su equipo se ven sorprendidos por una tormenta que les obliga a regresar a la pequeña ciudad. A la mañana siguiente, al levantarse, Phil escucha en el radiodespertador el mismo programa que la mañana anterior.",7.631,https://image.tmdb.org/t/p/w500/j8ZRAOctUiw7YzrQGuyCRIAJPIW.jpg
Better Man: La historia de Robbie Williams,Better Man,2024,"Música, Drama",135,"Sigue el viaje de Robbie Williams desde la infancia, hasta convertirse en el miembro más joven de la boyband Take That, pasando por sus logros incomparables como artista solista que bate récords, mientras se enfrenta a los desafíos que pueden traer la fama y el éxito estratosféricos.",7.63,https://image.tmdb.org/t/p/w500/ak7VgAaI94K6CbbFuL22xIBJtyE.jpg
Tres colores: Azul,Trois couleurs : Bleu,1993,Drama,98,"En un accidente de coche, Julie pierde a su esposo Patrice, un prestigioso compositor, y a la hija de ambos, Anna. Al recuperarse de sus lesiones, Julie decide comenzar una nueva vida, independiente, solitaria y anónima, alejada de los privilegios que antes disfrutaba. En su propósito se cruza Sandrine, una periodista especializada en música que la persigue intentando probar que era Julie quien componía las piezas que hicieron famoso a su marido. También pretenderá entrar en su vida Olivier, el ayudante de Patrice, enamorado de Julie desde muchos años atrás, que la convence para terminar el «Concierto para Europa», una ambiciosa obra inacabada del músico.",7.63,https://image.tmdb.org/t/p/w500/acF0MZyMhe1svIxp17xxIstPIqi.jpg
Otra ronda,Druk,2020,"Comedia, Drama",116,"Cuatro profesores de instituto se embarcan en un experimento sociológico en el que cada uno de ellos deberá mantener la tasa de alcohol en su cuerpo al mismo nivel, durante su vida diaria, intentando demostrar de esa manera que pueden mejorar en todos los aspectos de su vida.",7.628,https://image.tmdb.org/t/p/w500/kqkpGdZsNpKv5x5jWGtCyONrr43.jpg
One Cut of the Dead,カメラを止めるな！,2017,"Comedia, Terror, Drama",96,"El rodaje de una película de zombies en un almacén abandonado en el que se habían realizado experimentos militares se ve torpedeado por la irrupción de… ¡zombies! Estamos en el terreno del cliché, pero nada en One Cut of the Dead es lo que parece a primera vista. Con un plano secuencia de más de media hora y con un tono de humor desmadrado, esta adorable zomedia da una nueva vida al cine de no-muertos.",7.628,https://image.tmdb.org/t/p/w500/n6tXUFMRHDGRcVXRF1SErjtobrX.jpg
El profesor (Detachment),Detachment,2011,Drama,97,"A un instituto lleno de alumnos problemáticos y con unos resultados académicos muy bajos, llega Henry Bathes, un profesor sustituto que posee un auténtico don para conectar con los alumnos. Pero Henry prefiere ignorar su talento. Al trabajar sólo sustituciones, nunca permanece bastante tiempo en un instituto como para mantener una relación afectiva con sus alumnos o sus compañeros. Cuando llega a este instituto donde una frustrada administración ha conseguido volver totalmente apáticos a los alumnos, Henry no tarda en convertirse en un ejemplo a seguir para los adolescentes. Logra una conexión emocional con los alumnos, con los otros profesores y con una adolescente prostituta a la que recoge en la calle. Puede que gracias a ellos se dé cuenta de que no está solo en su desesperada búsqueda de la belleza en un mundo aparentemente falto de amor y lleno de maldad.",7.6,https://image.tmdb.org/t/p/w500/rAgnqZIFkYNDVKRqKstwOQj7Ku.jpg
Días sin huella,The Lost Weekend,1945,Drama,101,"Don Birnam es un escritor fracasado a causa de su adicción al alcohol, adicción que lo ha destruido física y moralmente y lo ha convertido en un hombre desprovisto de voluntad. Con tal de seguir bebiendo es capaz de todo, incluso de robar. Tanto su novia como su hermano intentan por todos los medios regenerarlo, pero sus esfuerzos parecen estériles.",7.6,https://image.tmdb.org/t/p/w500/kNXR9S1XJ89EuAZnirDC8SVhI8y.jpg
El planeta salvaje,La Planète sauvage,1973,"Animación, Ciencia ficción",72,"En el planeta Ygam, los Draags, humanoides azules extremadamente avanzados tecnológica y espiritualmente, consideran a los diminutos Oms, seres humanos descendientes de los habitantes de Terra, como animales ignorantes. Los que viven en la esclavitud son tratados como simples mascotas y utilizados para entretener a los niños Draag; los que viven escondidos en los hostiles desiertos del planeta son periódicamente cazados y masacrados sin piedad como si fueran alimañas.",7.6,https://image.tmdb.org/t/p/w500/skuBfcttPSVrnaOvdDRbIvHUIOI.jpg
The Fall: El sueño de Alexandria,The Fall,2006,"Aventura, Fantasía, Drama",117,"Hollywood, años veinte. Tras una desafortunada caída, un especialista en secuencias de acción es ingresado en un hospital. Allí conoce a Alexandria, una niña con un brazo roto a la que hace una promesa: si ella le consigue morfina, él le contará una historia maravillosa. El relato se extiende a todos los rincones del mundo. Remake de la película búlgara ""Yo Ho Ho"" (1981) de Zako Heskija.",7.628,https://image.tmdb.org/t/p/w500/kheVg6wENDS0hZf93qlYJLaXFJ4.jpg
Fitzcarraldo,Fitzcarraldo,1982,"Drama, Aventura",157,"Fitzcarraldo es un soñador que planea construir un teatro de ópera en Iquitos, en la Amazonía peruana, así que, para financiar su proyecto, se embarca en una aventura épica para recolectar caucho, un producto muy rentable, en una región remota e inexplorada de la selva.",7.628,https://image.tmdb.org/t/p/w500/ArN2ltzwfJG0bFuLBQMYuYK3rpk.jpg
Las ocho montañas,Le otto montagne,2022,Drama,147,"Pietro es un chico de ciudad, Bruno es el último niño de una localidad de montaña olvidada. Con el paso de los años, Bruno se mantiene fiel a su montaña, mientras que Pietro viene y va. Sus experiencias le harán enfrentarse al amor y a la pérdida, recordándoles sus orígenes y abriendo paso al destino.",7.6,https://image.tmdb.org/t/p/w500/k005afxR9TZSFRcFN5XiPEjNQ8C.jpg
La llegada,Arrival,2016,"Drama, Ciencia ficción, Misterio",116,"Unas misteriosas naves espaciales aterrizan por todo el mundo. Un equipo, liderado por la lingüista Louise Banks, intenta descifrar el motivo de su visita. A medida que la humanidad se tambalea al borde de la guerra, Louise y su equipo luchan contra el tiempo, llegando a poner en peligro su vida y, muy posiblemente, la del resto de la humanidad.",7.627,https://image.tmdb.org/t/p/w500/tbVITeytclB4JKx2LxxasrCCmZx.jpg
El sirviente,The Servant,1963,Drama,116,"Un intrigante y manipulador mayordomo consigue, gradualmente, dominar la vida del señor al que sirve, aprovechándose de sus debilidades sexuales. Un tenso y adulto drama psicológico que obtuvo excelentes críticas.",7.6,https://image.tmdb.org/t/p/w500/7aqzvi7mRfQAzSdWKSZcm7haoix.jpg
La última película,The Last Picture Show,1971,"Drama, Romance",118,"En la década de los 50, en una pequeña ciudad de Texas, un grupo de jóvenes afronta el paso de la adolescencia a la madurez dentro de una sociedad represora y cambiante en la que el cine y todo lo que representa muere en manos de la televisión.",7.6,https://image.tmdb.org/t/p/w500/gVexULn5yuHV5dfPGyjkc5VySzB.jpg
El viaje más largo,The Longest Ride,2015,"Drama, Romance",139,"Historia de amor entre Luke, un antiguo campeón de rodeo buscando su vuelta a la competición, y Sophia, una estudiante a punto de embarcarse en su sueño de trabajar en el mundo del arte en Nueva York. (FILMAFFINITY)",7.626,https://image.tmdb.org/t/p/w500/fBIqn0Qa1rctlZfIeW1AICgS3Hm.jpg
Laurence Anyways,Laurence Anyways,2012,"Drama, Romance",168,Canadá /// Laurence Alia (Melvil Poupaud) es un profesor de inglés con un trabajo estable y una sólida relación con su novia Fred (Suzanne Clément). Sus vidas parecen encauzadas y sin mayores problemas hasta el día en que él cuenta a sus seres más cercanos y queridos sus planes para cambiarse de sexo.,7.626,https://image.tmdb.org/t/p/w500/9uIu7Ou8JhLJGyxaaWyKhsBlnvC.jpg
El hombre de la tierra,The Man from Earth,2007,"Ciencia ficción, Drama",87,"La película cuenta la historia de John Oldman, un profesor de universidad que asegura ser en realidad un hombre de Cromañón de 14.000 años de edad que sobrevive hasta nuestros días. Toda la película está rodada en la misma casa y su porche, prueba de su bajo presupuesto y de su elaboración prácticamente artesanal. Se basa únicamente en la conversación de los personajes para mantener la trama, sin efectos especiales ni escenas de acción. Se trata de un discurso intelectual entre un supuesto hombre de las cavernas y sus actuales colegas de trabajo, en su despedida como docente universitario. En las horas que transcurren, las reacciones de sus amigos científicos son muy variadas y van surgiendo preguntas, cuestiones, revelaciones y reacciones de todo tipo.",7.6,https://image.tmdb.org/t/p/w500/uN3X6JZhcEZqLTeQ8r5CKEmKeix.jpg
Arsénico por compasión,Arsenic and Old Lace,1944,"Comedia, Crimen",118,Un crítico teatral que acaba de casarse decide visitar a sus ancianas tías antes de marcharse de luna de miel. Durante la visita descubrirá que las encantadoras viejecitas tienen una manera muy peculiar de practicar la caridad.,7.6,https://image.tmdb.org/t/p/w500/t1RP1lzSB8UR4aWuZnCSYcLCIlX.jpg
Laura,Laura,1944,"Drama, Misterio",88,"El detective Mark McPherson investiga el asesinato de Laura, una elegante y seductora mujer que aparece muerta en su apartamento. McPherson elabora un retrato mental de la joven a partir de las declaraciones de sus allegados. El sugestivo retrato de Laura, que cuelga de la pared de su apartamento, también le ayuda en esta tarea.",7.6,https://image.tmdb.org/t/p/w500/onzDw0Iy9RIqXnS0Yi04gtNMwdh.jpg
Deadpool,Deadpool,2016,"Acción, Aventura, Comedia",109,"Basado en el anti-héroe menos convencional de Marvel, Deadpool narra el origen de un ex agente de las fuerzas especiales llamado Wade Wilson, reconvertido a mercenario, y que tras ser sometido a un cruel experimento para curar su cáncer adquiere poderes de curación rápida, adoptando entonces el alter ego de Deadpool. Armado con sus nuevas habilidades y un oscuro y retorcido sentido del humor, Deadpool intentará dar caza al hombre que casi destruye su vida.",7.624,https://image.tmdb.org/t/p/w500/3TUYy0XvhPQBhrXJwRIaOoYFOBO.jpg
Desayuno con diamantes,Breakfast at Tiffany's,1961,"Comedia, Romance, Drama",110,"Holly Golightly es una bella joven de la alta sociedad neoyorquina que bajo su vida alegre esconde una gran tristeza. Holly tiene un comportamiento algo alocado, y alguna manía, como por ejemplo desayunar contemplando el escaparate de la lujosa joyería Tiffanys. Un día se muda a su mismo edificio Paul Varjak, un escritor en ciernes que mientras espera alcanzar un éxito que nunca llega vive de la relación con una mujer madura que le mantiene. Holly y Paul enseguida entablarán una bonita amistad.",7.6,https://image.tmdb.org/t/p/w500/aHFIHN7yenVYk1wkDWJ7hs1czh4.jpg
Corpus Christi,Boże Ciało,2019,Drama,116,"""Corpus Christi"" es la historia de Daniel, de 20 años de edad, quien experimenta una transformación espiritual mientras vive en un Centro de Detención Juvenil. Quiere ser sacerdote, pero esto es imposible debido a sus antecedentes penales. Cuando es enviado a trabajar a un taller de carpintería en una pequeña ciudad, a su llegada se viste de sacerdote y se hace cargo accidentalmente de la parroquia local. La llegada del joven y carismático predicador es una oportunidad para que la comunidad local comience el proceso de sanación después de una tragedia que ocurrió allí.",7.6,https://image.tmdb.org/t/p/w500/131TxpRZPGfBPfB6xdL813DuO6C.jpg
Déjame salir,Get Out,2017,"Misterio, Suspense, Terror",103,"Un joven afroamericano visita a la familia de su novia blanca, un matrimonio adinerado. Para Chris y su novia Rose ha llegado el momento de conocer a los futuros suegros, por lo que ella le invita a pasar un fin de semana en el campo con sus padres, Missy y Dean. Al principio, Chris piensa que el comportamiento 'demasiado' complaciente de los padres se debe a su nerviosismo por la relación interracial de su hija, pero a medida que pasan las horas, una serie de descubrimientos cada vez más inquietantes le llevan a descubrir una verdad inimaginable.",7.623,https://image.tmdb.org/t/p/w500/xiMoqa0bmjuyuXYqKGwrTSJL8nI.jpg
Roma,Roma,2018,Drama,135,"Cleo es la joven sirvienta de una familia que vive en la Colonia Roma, barrio de clase media-alta de Ciudad de México. En esta carta de amor a las mujeres que lo criaron, Cuarón se inspira en su propia infancia para pintar un retrato realista y emotivo de los conflictos domésticos y las jerarquías sociales durante la agitación política de la década de los 70.",7.621,https://image.tmdb.org/t/p/w500/veWGVw33lnifG10fpkz3QmimVaI.jpg
Flor del desierto,Desert Flower,2009,Drama,120,"Como en un cuento de hadas, Waris Dirie, nacida en Somalia entre pastores nómadas, se convirtió en una de las modelos más solicitadas de la época. Recorrió un camino fascinante hasta pisar las pasarelas más famosas y ser portada de las mejores revistas de moda. A los 13 años huyó de una boda de conveniencia y anduvo días por el desierto antes de llegar a Mogadiscio, capital de Somalia. Allí, sus parientes la mandaron a trabajar como criada a la Embajada de su país en Londres, donde pasó la adolescencia sin saber leer ni escribir.",7.6,https://image.tmdb.org/t/p/w500/xdzZG5MIy6ZWhLLf5PMsfp8axKR.jpg
Il Divo,Il Divo,2008,Drama,115,"Film sobre una de las figuras más controvertidas de la política italiana, el que fuera jefe del gobierno en siete ocasiones, Giulio Andreotti. Narra las presuntas relaciones de Andreotti con la mafia siciliana, delitos por los que fue procesado en los años 90 y absuelto por falta de pruebas.",7.622,https://image.tmdb.org/t/p/w500/sXc4t0ztPi4OoCz6IuQ37uvZelj.jpg
Mala hierba,Mauvaises herbes,2018,"Comedia, Drama",100,Un estafador de poca monta con un pasado difícil que opera con su madre adoptiva se hace cargo de un grupo de estudiantes problemáticos que lo cambiarán todo.,7.621,https://image.tmdb.org/t/p/w500/3kWYE5Yc3PGFOd5FYw7d9CCHWSk.jpg
Comenzar desde tres,Ricomincio da tre,1981,Comedia,107,"Gaetano, un joven napolitano, decide dejar la casa, el trabajo y los amigos, para buscar otros momentos de la vida y conocer a otras personas. Va a Florencia, a casa de su tía.",7.621,https://image.tmdb.org/t/p/w500/lS0X9KScgkUbhiu6lOHBya8z9R2.jpg
"Comer, beber, amar",飲食男女,1994,"Comedia, Drama, Romance",128,"Agridulce comedia sobre la vida de Chu, un viejo chef de Taipei, viudo y con tres hijas (Jen, Chien y Ning) muy distintas pero con algo en común: la rebeldía. Un buen día, sus vidas empiezan a complicarse: una gruñona viuda se muda al apartamento de al lado, alguien se queda embarazada, alguien cae en una profunda depresión, alguien muere y alguien encuentra el amor verdadero. El reputado director Ang Lee volvió a Taiwán para contar otra historia de sentimientos y emociones.",7.621,https://image.tmdb.org/t/p/w500/uUTk6VVzmsUArSicFbaLLAiemVL.jpg
Alma en suplicio,Mildred Pierce,1945,"Crimen, Drama",111,"Tras el abandono de su marido, Mildred Pierce demuestra que puede llevar una vida independiente, pero no logra ganarse la aprobación de su hija consentida.",7.6,https://image.tmdb.org/t/p/w500/tgda61QeFb67YG4G6lpSYy7Op1H.jpg
Kingsman: Servicio secreto,Kingsman: The Secret Service,2015,"Crimen, Comedia, Acción, Aventura",129,"Un veterano agente secreto inglés (Colin Firth) debe entrenar a un joven sin refinar (Taron Egerton), pero que promete convertirse en un competitivo agente gracias a un ultra-programa de entrenamiento, al mismo tiempo que una amenaza global emerge procedente de un genio retorcido. Adaptación del cómic de Mark Millar y Dave Gibbons.",7.62,https://image.tmdb.org/t/p/w500/2RNABhJ8sTfenTz84ADVUbPllxq.jpg
Mediterráneo,Mediterraneo,1991,"Comedia, Romance, Bélica",96,"Segunda Guerra Mundial. Ocho soldados han recibido la orden de desembarcar en una pequeña e insignificante isla griega. Su misión es custodiarla, dado que tiene un alto valor estratégico. Cuando consiguen llegar a tierra, su nave se ha hundido y la radio se ha roto. El lugar, que al principio parecía desierto, en realidad está habitado por mujeres, ancianos y niños. Los ocho hombres, aislados del frente y de la realidad, empiezan a integrarse rápidamente entre los vecinos, llegando incluso a olvidarse de que son soldados y están en guerra.",7.619,https://image.tmdb.org/t/p/w500/xspcpzfsFSRQZPL80QOHQheVvhB.jpg
Threads,Threads,1985,"Bélica, Drama, Ciencia ficción",117,Popular producción de la BBC sobre un hipotético ataque nuclear en la ciudad de Sheffield (Inglaterra) y sus consecuencias.,7.6,https://image.tmdb.org/t/p/w500/1LZXTlcgDIdVFtPUvF7Q2XV6D2r.jpg
En un lugar solitario,In a Lonely Place,1950,"Suspense, Drama, Romance, Misterio",94,"Steele, un guionista con fama de conflictivo y violento, tiene que afrontar la difícil tarea de adaptar un best-seller de nula calidad literaria. Casualmente se entera de que Mildred, la chica del guardarropa del club que frecuenta, ha leído la obra en cuestión. Decide entonces llevársela a su casa para que le cuente el argumento. Pero, a la mañana siguiente, la policía se presenta en su casa y le comunica que Mildred  ha sido asesinada, y Steele se convierte en el principal sospechoso.",7.6,https://image.tmdb.org/t/p/w500/taBbWy7bdDZR2iFzUOok7fkceXg.jpg
Lilja forever (Lilja 4-ever),Lilja 4-ever,2002,"Drama, Crimen",109,"A sus 16 años Lilja es una joven rusa que ha sido abandonada por su madre y lleva una vida miserable en una ciudad pobre de la decadente ex-Unión Soviética. Su única vía para poder escapar del hambre y de la pobreza más extrema es prostituyendo su cuerpo esporádicamente. Entre toda esa desdicha su único amigo es Volodja, un niño de 11 años adicto al pegamento, ambos intentan escapar de la realidad soñando con una vida mejor. Un día parece que esa vida soñada por fin se pone al alcance de Lilja cuando conoce a Andrei, del cual se enamora y éste le propone que se marche con él a Suecia y empiece una nueva vida.",7.618,https://image.tmdb.org/t/p/w500/mzsvyl7xXElVDanS2T5DOVKY9wx.jpg
"Alemania, año cero",Germania anno zero,1948,Drama,70,"Edmund, un niño de doce años, intenta sobrevivir a las duras condiciones de la postguerra alemana, especialmente en Berlín, una ciudad que ha quedado completamente derruida tras la Segunda Guerra Mundial.",7.618,https://image.tmdb.org/t/p/w500/v4AsjlgKPUw4yc9vOpLhWm48pVv.jpg
Dos hombres y un destino,Butch Cassidy and the Sundance Kid,1969,Western,112,"Un grupo de jóvenes pistoleros se dedica a asaltar los bancos del estado de Wyoming y el tren-correo de la Union Pacific. El jefe de la banda es el carismático Butch Cassidy, y Sundance Kid es su inseparable compañero. Un día, después de un atraco, el grupo se disuelve. Será entonces cuando Butch, Sundance y una joven maestra de Denver formen un trío de románticos forajidos que, huyendo de la ley, llegan hasta Bolivia.",7.618,https://image.tmdb.org/t/p/w500/2w6Ik8P1E20KOH5ykQlfTjawAIf.jpg
Sonic 3: La película,Sonic the Hedgehog 3,2024,"Acción, Ciencia ficción, Comedia, Familia",112,"Sonic, Knuckles y Tails se reúnen para enfrentarse a un nuevo y poderoso adversario, Shadow, un misterioso villano cuyos poderes no se parecen a nada de lo que nuestros héroes han conocido hasta ahora. Con sus facultades superadas en todos los sentidos, el Equipo Sonic tendrá que establecer una insólita alianza con la esperanza de detener a Shadow y proteger el planeta.",7.617,https://image.tmdb.org/t/p/w500/3aDWCRXLYOCuxjrjiPfLd79tcI6.jpg
"Pablo, el apóstol de Cristo","Paul, Apostle of Christ",2018,"Drama, Historia",108,"Pablo sufre en soledad en una prisión romana, a la espera de su ejecución por orden del emperador Nerón. A Mauricio, el ambicioso prefecto de la prisión, le cuesta imaginar qué clase de peligro podría suponer este hombre destrozado. En otro tiempo, fue Saulo de Tarso, un brutal asesino de cristianos de alto rango. Ahora, su fe inquieta a Roma. Corriendo un gran riesgo, Lucas, el galeno, visita al anciano Pablo para confortarlo y atenderlo... así como para preguntarle, transcribir y sacar clandestinamente las cartas de Pablo a la creciente comunidad de creyentes. Pese a la inhumana persecución a la que los somete Nerón, estos hombres y mujeres difundirán el Evangelio de Jesucristo y cambiarán el mundo.",7.6,https://image.tmdb.org/t/p/w500/7ZrIkdRTbPNCB6LCk71CxWLVJMc.jpg
Los otros,The Others,2001,"Terror, Misterio, Suspense",105,"Grace educa sola a sus hijos en un aislado caserón victoriano bajo estrictas normas religiosas. Los tres nuevos sirvientes deben aprender una regla vital, la casa estará siempre en penumbra y nunca se abrirá una puerta si no se ha cerrado la anterior  porque los niños sufren una extraña alergia a la luz del día.",7.617,https://image.tmdb.org/t/p/w500/u03kblxsv3zar3Uqt6sRfICU9L6.jpg
Todo sobre mi madre,Todo sobre mi madre,1999,"Comedia, Drama",101,"Madrid. Manuela, una madre soltera, ve cómo su hijo muere el día en que cumple 17 años, por correr para conseguir el autógrafo de su actriz favorita. Decide entonces viajar a Barcelona en busca del padre de su hijo, un travestido llamado Lola, que ignoraba que tenía un hijo. Encuentra también a su amigo Agrado, otro travesti, y a través de él conoce a Rosa, una monja española y, por pura casualidad, Manuela termina convirtiéndose en la asistente de Huma Rojo, la actriz que admiraba su hijo.",7.617,https://image.tmdb.org/t/p/w500/evvT3HUwoQYoPQXWFO10R6AvhxG.jpg
Todo sobre mi madre,Todo sobre mi madre,1999,"Comedia, Drama",101,"Madrid. Manuela, una madre soltera, ve cómo su hijo muere el día en que cumple 17 años, por correr para conseguir el autógrafo de su actriz favorita. Decide entonces viajar a Barcelona en busca del padre de su hijo, un travestido llamado Lola, que ignoraba que tenía un hijo. Encuentra también a su amigo Agrado, otro travesti, y a través de él conoce a Rosa, una monja española y, por pura casualidad, Manuela termina convirtiéndose en la asistente de Huma Rojo, la actriz que admiraba su hijo.",7.617,https://image.tmdb.org/t/p/w500/evvT3HUwoQYoPQXWFO10R6AvhxG.jpg
Sin nombre,Sin nombre,2009,"Drama, Acción, Suspense, Crimen",96,"Sayra (Paulina Gaitan), una adolescente hondureña, se reúne con su padre para viajar con él a los Estados Unidos; a partir de Chiapas, viajan en el techo de un vagón de carga, donde están expuestos tanto a las inclemencias del tiempo como a la violencia.",7.616,https://image.tmdb.org/t/p/w500/dubZwiGWp6TwYNGYtyGEUC7XAin.jpg
El banquero,The Banker,2020,Drama,120,"En los años 60, dos emprendedores traman un ingenioso plan para conseguir acceso igualitario al sueño americano.",7.615,https://image.tmdb.org/t/p/w500/sxV1aV1ca2gKLnEoNdzaeySmgU.jpg
La princesita,A Little Princess,1995,"Drama, Familia, Fantasía",97,"Sara Crewe (Liesel Matthews) comparte una vida de ensueño en la exótica India con su cariñoso padre (Liam Cunningham), pero la guerra los separa. Él es reclamado por el ejército y Sara es enviada a un internado en Nueva York, el mismo al que su difunta madre había asistido, dirigido por la estricta Srta. Minchin (Eleanor Bron), quien ve a Sara como una niña caprichosa y consentida. Todo cambia cuando a su padre lo dan por muerto y Sara tendrá que hacer labores y limpieza para poder seguir en el internado.",7.615,https://image.tmdb.org/t/p/w500/jWbUc8zePxkgUO9W9B0luVSrBU5.jpg
Redada Asesina 2,The Raid 2: Berandal,2014,"Acción, Crimen, Suspense",148,"Poco después de finalizar la sangrienta redada, el inspector Rama se ve obligado a infiltrarse en las filas del sindicato del crimen de Yakarta con el fin de proteger a su familia y descubrir la corrupción en el seno de su propia fuerza policial.",7.614,https://image.tmdb.org/t/p/w500/2P2RZgQ24NoL6IgtmpHHZWqfTZu.jpg
Un tranvía llamado deseo,A Streetcar Named Desire,1951,"Drama, Suspense",122,"Blanche, que pertenece a una rancia pero arruinada familia sureña, es una mujer madura y decadente que vive anclada en el pasado. Ciertas circunstancias la obligan a ir a vivir a Nueva Orleáns con su hermana Stella y su cuñado Stanley (Marlon Brando), un hombre rudo y violento. A pesar de su actitud remilgada y arrogante, Blanche oculta un escabroso pasado que la ha conducido al desequilibrio mental. Su inestable conducta provoca conflictos que alteran la vida de la joven pareja.",7.614,https://image.tmdb.org/t/p/w500/21aAQ59swa68yYuI7XYyLTn0jqQ.jpg
El himno del corazón,心が叫びたがってるんだ。,2015,"Animación, Drama, Música, Romance",119,"Jun ha vivido en silencio desde que un hada selló sus palabras tras un incidente familiar. Su vida cambia cuando es elegida para el consejo estudiantil y debe protagonizar el musical del instituto, enfrentándose a su pasado.",7.6,https://image.tmdb.org/t/p/w500/5YgbhP3aIZW9zFi2nvIYF4xMDyZ.jpg
El principito,The Little Prince,2015,"Aventura, Animación, Fantasía, Familia",106,"Para que todo salga bien en la prestigiosa Academia Werth, la pequeña y su madre se mudan a una casa nueva. La pequeña es muy seria y madura para su edad y planea estudiar durante las vacaciones siguiendo un estricto programa organizado por su madre; pero sus planes son perturbados por un vecino excéntrico y generoso. Él le enseña un mundo extraordinario en donde todo es posible. Un mundo en el que el Aviador se topó alguna vez con el misterioso Principito. Entonces comienza la aventura de la pequeña en el universo del Principito. Y así descubre nuevamente su infancia y comprenderá que sólo se ve bien con el corazón. Lo esencial es invisible a los ojos. Adaptación de la novela homónima de Antoine de Saint-Exupery.",7.6,https://image.tmdb.org/t/p/w500/i8gmsOtNe2Zqlj7dqstEprf3w1T.jpg
Enredados,Tangled,2010,"Animación, Familia, Aventura",101,"Flynn Rider, el más buscado -y encantador- bandido del reino, se esconde en una misteriosa torre y allí se encuentra con Rapunzel, una bella y avispada adolescente con una cabellera dorada de 21 metros de largo, que vive encerrada allí desde hace años. Ambos sellan un pacto y a partir de ese momento la pareja vivirá emocionantes aventuras en compañía de un caballo superpolicía, un camaleón sobreprotector y una ruda pandilla de matones",7.613,https://image.tmdb.org/t/p/w500/z5kvXWek4smCyeWBDJQkT5sLc9T.jpg
El tiempo de los gitanos,Dom za vešanje,1988,"Drama, Crimen, Fantasía",140,"Perhan vive en el sur de Yugoslavia con su devota abuela Hatidža (Ljubica Adžović), su alocado tío Merdžan y su hermana Danira, enferma de osteomielitis. Perhan está enamorado de Azra (Silonicka Trpkova), pero la madre de esta lo desprecia por su pobreza y por ser el hijo de un esloveno no gitano. Un día llega Ahmed (Bora Todorovic), el ""jeque de los gitanos"" que solicita los poderes mágicos de Hatidža para sanar a su hijo. A cambio, Ahmed llevará a Danira a Liubliana, donde la curarán de su enfermedad. Perhan la acompañará. Luego de dejar a Danira en el hospital, Ahmed lleva a Perhan a Milán, donde éste descubre que aquél maneja un negocio de explotación de prostitutas y niños mendigos.",7.6,https://image.tmdb.org/t/p/w500/lNHkAXswML1EPDqofqsPhCUFp3x.jpg
No matarás,Krótki film o zabijaniu,1988,"Crimen, Drama",85,"Varsovia. Un taxista está lavando su coche. Jacek, un joven campesino de mirada turbia, vaga por la ciudad. Piotr, un estudiante de derecho, se prepara para hacer su último examen. Sus destinos se cruzan cuando Jacek coge un taxi para ir a los suburbios de la ciudad, donde asesina brutalmente al taxista golpeándolo con una piedra.",7.613,https://image.tmdb.org/t/p/w500/i5Yy8BSeNWwTAsMvBfglEXmjsj5.jpg
Hijos de los hombres,Children of Men,2006,"Ciencia ficción, Suspense, Acción",109,"Año 2027: el ser humano está al borde de la extinción: los hombres han perdido la capacidad de procrear y se ignora por qué razon todas las mujeres del planeta se han vuelto estériles. Al mismo tiempo, el mundo se estremece cuando muere un muchacho de 18 años, la persona más joven de la Tierra. Se vive, pues, una situación de caos galopante. En tales circunstancias, Theo (Clive Owen), un desilusionado ex-activista radical de Londres convertido en burócrata, es contratado por Julian (Julianne Moore) para que proteja a una mujer que puede tener el secreto de la salvación de la humanidad, la persona más valiosa de la Tierra...",7.613,https://image.tmdb.org/t/p/w500/jxVLES5eTLuJgeYs0ywCLZbbQW1.jpg
¡Nos volvemos a casa!,Back to the Outback,2021,"Familia, Animación, Aventura, Comedia",92,"Cansados de estar encerrados en un terrario en el que los humanos los miran boquiabiertos como si fueran monstruos, un variado grupo de las criaturas más mortíferas de Australia trama una temeraria fuga del zoo al Outback, un lugar en el que encajarán sin ser juzgados por sus escamas y colmillos. A la cabeza del grupo está Maddie, una serpiente venenosa con un corazón de oro, que se une a un diablo espinoso llamado Zoe, muy seguro de sí mismo, una araña peluda con mal de amores y un sensible escorpión llamado Nigel. Pero cuando su archienemigo, Pretty Boy, un koala monísimo pero detestable, se une a su fuga de manera inesperada, Maddie y su pandilla no tienen más remedio que llevarlo con ellos. Así comienza un viaje por carretera espeluznante e hilarante a través de Australia, mientras son perseguidos por el cuidador del zoo y su mini-yo en busca de aventuras.",7.612,https://image.tmdb.org/t/p/w500/5w46mwA4JCZJ5Tl3rHSc98762O8.jpg
Hasta que te encontré,Forever My Girl,2018,"Romance, Drama",104,"Liam Page (Alex Roe), una estrella de música country, dejó a su prometida en el altar para centrarse en su carrera profesional, la fama y el éxito. Después de ocho años, regresa a su ciudad natal para asistir al funeral de su mejor amigo. Al volver al lugar donde creció y vivió los mejores momentos de su vida, se da cuenta de todo lo que dejó atrás al olvidar sus raíces. Poco a poco sentirá que no ha podido olvidar al amor de su vida, Josie (Jessica Rothe) e intentará hacer todo lo posible para recuperar a su ex prometida.",7.612,https://image.tmdb.org/t/p/w500/kFhnAQv0ntMlVE4EtYeBzOGWO1w.jpg
बर्फी!,बर्फी!,2012,"Drama, Romance, Comedia",151,"Ambientada en la década de 1970 en un bonito rincón de la India, es la historia de tres jóvenes que se enteran que el amor no se puede definir ni contener por las normas de la sociedad.. Barfi es un chico con problemas de audición y del habla que se enamora de Shruti. A pesar de su profundo afecto por Barfi, Shruti cede a la presión social y a la de los padres para casarse con un hombre ""normal"".",7.612,https://image.tmdb.org/t/p/w500/5cJIx2zKjDoUtPSliou23xsReb1.jpg
Círculo rojo,Le Cercle rouge,1970,"Crimen, Suspense",140,"Mientras Corey sale de prisión tras cumplir condena en una cárcel francesa, Vogel, un criminal custodiado por el temible comisario Mattei, escapa del tren en el que viajan. Después de robar a un antiguo socio, Corey se encuentra con Vogel y le propone formar equipo para realizar un meticuloso robo de joyas.",7.612,https://image.tmdb.org/t/p/w500/ezov5DqBaCnXR7nPwpqqQ01Iavy.jpg
Belle,竜とそばかすの姫,2021,"Animación, Ciencia ficción, Fantasía",121,"En la vida real, Suzu es una adolescente acomplejada atrapada en su pequeño pueblo de montaña con su padre. Pero en el mundo virtual de 'U', Suzu se convierte en Belle, un icono musical con más de cinco mil millones de seguidores. Su vida tomará un giro inesperado cuando Belle conozca a Bestia, una criatura tan fascinante como aterradora.",7.611,https://image.tmdb.org/t/p/w500/uboCDV8S5qOfV1PLyKXb9Wc4EL0.jpg
Guardianes de la Galaxia Vol. 2,Guardians of the Galaxy Vol. 2,2017,"Ciencia ficción, Aventura, Acción",135,"Continúan las aventuras del equipo en su travesía por los confines del cosmos. Los Guardianes deberán luchar para mantener unida a su nueva familia mientras intentan resolver el misterio de los verdaderos orígenes de Peter Quill. Viejos rivales se convertirán en nuevos aliados, y queridos personajes de los cómics clásicos acudirán en ayuda de nuestros héroes a medida que el universo cinematográfico de Marvel continúa expandiéndose.",7.61,https://image.tmdb.org/t/p/w500/kdg6Y06jfq9FV7qknWNcKLYtBJn.jpg
Andhadhun,अंधाधुन,2018,"Crimen, Misterio, Suspense, Comedia",139,Una serie de misteriosos sucesos cambian la vida de un pianista ciego que ahora debe denunciar un crimen del que en realidad nunca fue testigo.,7.609,https://image.tmdb.org/t/p/w500/dy3K6hNvwE05siGgiLJcEiwgpdO.jpg
La diligencia,Stagecoach,1939,Western,99,"Personajes muy variopintos emprenden un largo, duro y peligroso viaje en diligencia. Entre ellos, un fuera de la ley en busca de venganza, una prostituta a la que han echado del pueblo, un jugador, un médico, la mujer embarazada de un militar y un sheriff. Las relaciones entre ellos serán difíciles y tensas. Además, durante el viaje, tendrán que afrontar el ataque de una partida de indios apaches.",7.6,https://image.tmdb.org/t/p/w500/wHXgVEfvkExGzm5qNFcYKTTSY0W.jpg
Toy Story 2,Toy Story 2,1999,"Animación, Comedia, Familia",93,"Cuando Andy se va de campamento dejando solos a los juguetes, Al McWhiggin, un compulsivo coleccionista de juguetes valiosos, secuestra a Woody. Buzz Lightyear y el resto de los juguetes de Andy deberán actuar con rapidez para rescatarlo, poniéndose al frente de una operación de rescate durante la cual se enfrentarán a múltiples peligros y divertidas situaciones.",7.6,https://image.tmdb.org/t/p/w500/6zI0N9blJ9DwuV2xgl3TdGFLtn0.jpg
Terciopelo azul,Blue Velvet,1986,"Misterio, Suspense, Crimen",120,"Una mañana, Jeffrey Beaumont, después de visitar a su padre en el hospital, encuentra entre unos arbustos una oreja humana. La guarda en una bolsa de papel y la lleva a la comisaría de policía, donde le atiende el detective Williams, que es vecino suyo. Comienza así una misteriosa intriga que desvelará extraños sucesos acontecidos en una pequeña localidad de Carolina del Norte.",7.609,https://image.tmdb.org/t/p/w500/rzcigN8ujeVJiEKGP3y3mJybvii.jpg
Mi primer beso 2,The Kissing Booth 2,2020,"Comedia, Romance",132,"Elle debe tomar decisiones sobre la universidad, afrontar su relación a distancia con Noah, su cambiada amistad con Lee y lo que siente por un compañero de clase.",7.608,https://image.tmdb.org/t/p/w500/cwCR4d9sB98eeiXr76K0wpJsKhk.jpg
Sólo se vive una vez,ज़िन्दगी ना मिलेगी दोबारा,2011,"Drama, Comedia, Romance",155,"Kabir Dhiman, perteneciente a una familia acaudalada de constructores de Bombay, se propone a su novia de siempre, Natasha, ante el deleite de sus respectivas familias. Como despedida de soltería quiere irse de viaje con sus amigos Imran Habib y Arjun en cumplimiento de un pacto de sus años de adolescencia. El viaje será a España. El trío comenzará su viaje no plenamente consciente que Arjun aún no ha perdonado a Imran por su ruptura con Sunani. Durante el viaje les ocurrirá infinidad de historias.",7.608,https://image.tmdb.org/t/p/w500/hKO9O715wYxjkQSEv47giCYcyO8.jpg
La noche de los muertos vivientes,Night of the Living Dead,1968,"Terror, Suspense, Ciencia ficción",96,"Las radiaciones procedentes de un satélite provocan un fenómeno terrorífico: los muertos salen de sus tumbas y atacan a los hombres para alimentarse. La acción comienza en un cementerio de Pennsylvania, donde Barbara, después de ser atacada por un muerto viviente, huye hacia una granja. Allí también se ha refugiado Ben. Ambos construirán barricadas para defenderse de una multitud de despiadados zombies que sólo pueden ser vencidos con un golpe en la cabeza.",7.608,https://image.tmdb.org/t/p/w500/5cjDlHqfb6CJV9gUcAcSp7jlEs4.jpg
12 monos,Twelve Monkeys,1995,"Ciencia ficción, Suspense, Misterio",130,"En el año 2035, un virus mortal ha arrasado la humanidad y los supervivientes viven bajo tierra. Un convicto llamado James Cole se ofrece como voluntario para viajar al pasado y averiguar el origen de la plaga. Su misión es encontrar al 'Ejército de los Doce Monos', una organización terrorista que se cree que liberó el virus. Sin embargo, su viaje se complica por los errores temporales, las visiones recurrentes y la duda sobre su propia cordura. Con la ayuda de una psiquiatra llamada Kathryn Railly y un loco llamado Jeffrey Goines, Cole intenta salvar el futuro antes de que sea demasiado tarde.",7.608,https://image.tmdb.org/t/p/w500/bXLwKCCMS2NCNlxAhSwn9HCymRl.jpg
Mortal Kombat Leyendas: La Batalla de los Reinos,Mortal Kombat Legends: Battle of the Realms,2021,"Animación, Acción, Fantasía",80,"Tras ganar el primer torneo de Mortal Kombat: Liu Kang, Sonya Blade y Johnny Cage, deberán entrar al reino de Outworld, para decidir el destino de la humanidad.",7.607,https://image.tmdb.org/t/p/w500/ikSqxoxcIMq6tG3cCpO0KFt5PQ5.jpg
Anastasia,Anastasia,1997,"Animación, Familia, Fantasía, Aventura",94,"Cuando la sombra de la revolución se cierne sobre Rusia, Anastasia, la hija más joven de la familia real, apenas consigue escapar con vida. Años despúes conoce al joven Dimitri. Cuando se dirigen a París para reclamar los derechos del legado de Anastasia, se verán envueltos en una cruenta lucha contra el malvado monje Rasputín y su sicario, el murciélago Bartok.",7.6,https://image.tmdb.org/t/p/w500/bppGWGA8zq1sRvTdDJnUzVW9GcH.jpg
El último samurái,The Last Samurai,2003,"Drama, Acción, Bélica",154,"1870. El capitán Nathan Algren es un hombre a la deriva. Las batallas que libró en otro tiempo parecen ahora lejanas e inútiles. Una vez arriesgó su vida por el honor y por la patria, pero, en los años transcurridos desde la Guerra de Secesión estadounidense, el mundo ha cambiado. El pragmatismo ha reemplazado al valor, el interés personal ha ocupado el lugar del sacrificio y el honor no se encuentra en ninguna parte, especialmente en el Oeste, donde su papel en las campañas contra los indios acabó en desilusión y tristeza. En algún lugar de las implacables llanuras junto a la ribera del río Washita, Algren perdió su alma. En un mundo completamente distinto, otro soldado ve como su modo de vida está a punto de desintegrarse.",7.607,https://image.tmdb.org/t/p/w500/DfwutbQodAsYxdqJu7Cme5jifC.jpg
Prodigiosa: Las aventuras de Ladybug - La película,Miraculous - le film,2023,"Animación, Fantasía, Acción, Romance, Familia",105,"Cuando un despiadado villano amenaza con robar dos joyas mágicas con facultades extraordinarias —los Miraculous—, la frágil adolescente Marinette es elegida para ponerse el traje de superheroína Ladybug.  Haciendo malabares con sus nuevos poderes y con la escuela, une fuerzas con un carismático luchador contra el crimen, Cat Noir.  Pero no sabe que detrás de la máscara se esconde Adrien, el tímido compañero de clase del que se ha enamorado. A medida que sus secretos y corazones chocan, el caótico dúo emprende una arriesgada misión para frustrar el despreciable plan de Hawk Moth.  Desde las espeluznantes catacumbas de París hasta las deslumbrantes alturas de Notre-Dame, es finalmente el amor lo que los arrastra en un viaje inolvidable.",7.606,https://image.tmdb.org/t/p/w500/u0OMTZrva4WKZ2SmoNYI8eVDTkd.jpg
Maurice,Maurice,1987,"Drama, Romance",140,"Gran Bretaña, principios del siglo XX. Cuando el joven Maurice (James Willby) va a la universidad, se enamora de Clive (Hugh Grant), uno de sus compañeros de clase. Juntos vivirán un romance que mantendrán en secreto. Sin embargo, Clive, para evitar habladurías y normalizar su vida, decide casarse con una joven. Maurice, por su parte, seguirá manteniendo relaciones secretas con otros hombres, aunque no será lo mismo.",7.606,https://image.tmdb.org/t/p/w500/8HhCyxxzoUqEBmVGK25Jq69LhVo.jpg
Perversidad,Scarlet Street,1945,"Drama, Crimen",103,"Christopher Cross es un simple cajero infelizmente casado, pero tiene un raro talento para la pintura. En cierta ocasión, conoce a una aventurera de la que se enamora y le hace creer que es un pintor de éxito. La chica y su novio, un individuo sin escrúpulos, aprovechan la ocasión para explotar al pobre hombre, que llegará incluso a cometer un desfalco en su empresa para que ella siga creyendo que es un artista de éxito.",7.606,https://image.tmdb.org/t/p/w500/6tAsfGH6IaUokIqXyY52edw32am.jpg
Barbie en Las 12 princesas bailarinas,Barbie in the 12 Dancing Princesses,2006,"Animación, Familia",83,"Únete a Barbie, en el papel de la bella Princesa Genevieve, y a sus 11 hermanas y princesas bailarinas y descubre con ellas la entrada secreta a un mundo mágico, donde los deseos ise hacen realidad! Pero cuando su padre corre el riesgo de perder su reino, la Princesa Genevieve y sus hermanas deberán unirse para salvarle. Así aprenderán que el poder de la familia es capaz de superar cualquier obstáculo.",7.6,https://image.tmdb.org/t/p/w500/areWNqaBEcY9Sx2iO9XCV2RvUaD.jpg
Un hombre llamado Ove,En man som heter Ove,2015,"Comedia, Drama",116,"Ove (Rolf Lassgård), de 59 años, es un hombre gruñón que ha perdido la fe en todo el mundo, incluido en él mismo; hasta que su visión negativa del hombre y la sociedad es puesta a prueba por una familia que se muda a la casa de al lado.",7.605,https://image.tmdb.org/t/p/w500/6hC0QZytb82Hf51qBeTYK5kKuhX.jpg
Avatar,Avatar,2009,"Ciencia ficción, Acción, Aventura",161,"Año 2154. Jake Sully, un exmarine en silla de ruedas, es enviado al planeta Pandora, donde se ha creado el programa Avatar, gracias al cual los seres humanos pueden controlar de forma remota un cuerpo biológico con apariencia y genética de la especie nativa. Pronto se encontrará con la encrucijada entre seguir las órdenes de sus superiores o defender al mundo que le ha acogido y siente como suyo.",7.6,https://image.tmdb.org/t/p/w500/t5T3LPbLLgP2OP6kloM9p2PXpJL.jpg
El último regalo,The Ultimate Gift,2007,"Romance, Drama, Familia",80,"Jason Stevens es un joven adinerado, sin necesidad de trabajar y que vive la vida con los mayores lujos que se puede permitir. Su abuelo fallece y, a través del testamento, le propone una serie de pruebas para disfrutar de su parte de la herencia. Su objetivo es que comprenda el valor real de la riqueza.  Película basada en el superventas del mismo título escrito por Jim Stovall. Se trata de un largometraje familiar que rescata aspectos positivos de la vida diaria como el trabajo, el amor, la amistad y la familia.",7.605,https://image.tmdb.org/t/p/w500/grRLGopjpYSXpzk5SxA3zuEhAK2.jpg
Mi policía,My Policeman,2022,"Drama, Romance",114,"A fines de la década de 1990, la llegada del anciano inválido Patrick a la casa de Marion y Tom desencadena la exploración de eventos sísmicos de 40 años antes: la relación apasionada entre Tom y Patrick en un momento en que la homosexualidad era ilegal.",7.6,https://image.tmdb.org/t/p/w500/42cx9I1QP0pXpmCUchP8OTs1uHK.jpg
Super Mario Bros: La película,The Super Mario Bros. Movie,2023,"Familia, Comedia, Aventura, Fantasía, Animación",92,"Mientras trabajan en una avería subterránea, los fontaneros de Brooklyn, Mario y su hermano Luigi, viajan por una misteriosa tubería hasta un nuevo mundo mágico. Pero, cuando los hermanos se separan, Mario deberá emprender una épica misión para encontrar a Luigi. Con la ayuda del champiñón local Toad y unas cuantas nociones de combate de la guerrera líder del Reino Champiñón, la princesa Peach, Mario descubre todo el poder que alberga en su interior.",7.604,https://image.tmdb.org/t/p/w500/4CDkQMpNDTtVKwS0BBZw5RIXDtY.jpg
Gigante,Giant,1956,"Drama, Western",201,"Jordan ""Bick"" Benedict, un joven terrateniente, llega a su inmenso rancho de Texas con su flamante esposa Leslie Benedict, una rica y bella muchacha del Este. No tardan mucho en descubrir que pertenecen a mundos radicalmente opuestos y que los separa un abismo. Jett Rink es un arrogante y joven empleado de los Benedict que tiene la suerte de encontrar petróleo en unas tierras que le ha dejado en su testamento Luz, la hermana de Jordan; pero, a pesar de su inmensa fortuna, no consigue lo que realmente le importa: Leslie.",7.604,https://image.tmdb.org/t/p/w500/oruoMYVned5WVdd5uRBXIuRcE1B.jpg
Sleepers,Sleepers,1996,"Crimen, Drama, Suspense",147,"Durante los años 60, la iglesia de los Santos Ángeles y su escuela eran el centro de la ""Cocina del Infierno"", un barrio marginal de Nueva York. Allí podían refugiarse los niños marginados. John, Lorenzo, Michael y Tommy son cuatro amigos que tratan de sobrevivir en un barrio de inmigrantes y cuya única guía moral es el padre Robert Carillo, un tipo criado en las calles que intenta que no se desvíen del buen camino. Sin embargo, tras una fechoria colectiva en la que casi muere un hombre, los cuatro muchachos son enviados al Hogar Wilkinson.",7.605,https://image.tmdb.org/t/p/w500/e0bzX1pK2STzUAYXnretiU9gkiq.jpg
Thelma & Louise,Thelma & Louise,1991,"Drama, Crimen, Aventura",130,"Thelma Dickinson, un ama de casa de vida vacía y anodina, está casada con un cretino detestable que la trata como a una niña. Por su parte, Louise Sawyer trabaja como camarera en una cafetería y sueña con que su novio Jimmy, que es músico, se case con ella. Un fin de semana deciden hacer un viaje juntas en el coche de Louise para alejarse de la mortal rutina de sus vidas y de todas sus frustraciones. Sin embargo, su escapada, que prometía ser divertida y, sobre todo, liberadora, acaba siendo una experiencia llena de episodios dramáticos.",7.6,https://image.tmdb.org/t/p/w500/zS4vosCL144152a1hlU2vbiv8cO.jpg
El ángel borracho (El ángel ebrio),酔いどれ天使,1948,Drama,102,"Después de la Segunda Guerra Mundial (1939-1945). Crónica sobre la relación entre un gángster de la mafia japonesa (""yakuza""), enfermo de tuberculosis y el médico alcohólico que lo atiende.",7.6,https://image.tmdb.org/t/p/w500/aAOyl6mo18xMSB5RcvR1BnFENRW.jpg
Siete almas,Seven Pounds,2008,Drama,123,"Ben Thomas es un inspector de Hacienda que comienza a contactar con determinadas personas con la aparente intención de ayudarles, a todos de diferentes maneras, sin que sepamos bien ni sus razones ni sus objetivos. Aparentemente Ben tiene un plan, pero cuando conoce a una de esas personas, la atractiva Emily, comienza a sentir algo por ella, complicándose sus misteriosos planes.",7.602,https://image.tmdb.org/t/p/w500/3z8EmLOiOWOgf3gyeobCoFWelcp.jpg
Chantaje en Broadway,Sweet Smell of Success,1957,Drama,96,"Burt Lancaster y Tony Curtis se adentran en el misterioso mundo de la fauna nocturna que puebla el centro de Manhattan, en un juego siniestro de poder y en un universo de supervivencia. Con uno de los diálogos más corrosivos del cine de todos los tiempos esta película es uno de los títulos más grandes que Hollywood ha creado. Burt Lancaster, encarna a un poderoso, famoso y ambicioso columnista que domina toda una ciudad a través de la información que habitualmente consumen sus más de 60 millones de lectores. Pero como todo el mundo tiene un punto débil: su hermana pequeña. Todo cambiará cuando ésta se enamora apasionadamente de un guitarrista de jazz y los instintos más básicos del periodista salgan a relucir.",7.602,https://image.tmdb.org/t/p/w500/aqjd1fUiVTdGAVTxyL0ebKra5DL.jpg
"tick, tick... BOOM!","tick, tick... BOOM!",2021,"Drama, Música",120,"En la cúspide de su cumpleaños número 30, un joven y prometedor compositor de teatro navega por el amor, la amistad y las presiones de la vida como artista en la ciudad de Nueva York.",7.6,https://image.tmdb.org/t/p/w500/f25ztdpMF58m7mfKGgVYYlDQNNd.jpg
El curioso caso de Benjamin Button,The Curious Case of Benjamin Button,2008,"Drama, Fantasía, Romance",159,"Un hombre nace con ochenta años y va rejuveneciendo a medida que pasa el tiempo, es decir, en lugar de cumplir años los descumple. Ésta es la historia de un hombre extraordinario, de la gentes que va conociendo, de sus amores, pero sobre todo de su relación con Daisy.",7.6,https://image.tmdb.org/t/p/w500/t5nG1UuIZ5VEPUFdEsHwRmxToeo.jpg
JFK: Caso abierto,JFK,1991,"Drama, Suspense, Historia",189,"El fiscal de Nueva Orleans, Jim Garrison, reabrió el caso del asesinato del presidente de los Estados Unidos John F. Kennedy y presentó cargos contra algunas personas. Después de entrevistar a numerosos testigos de Dallas y a personas relacionadas con los hechos, mantuvo la tesis de que el magnicidio fue fruto de una conspiración en la que podrían haber intervenido el FBI, la CIA y el propio vicepresidente Lindon B. Johnson.",7.6,https://image.tmdb.org/t/p/w500/14TrPHZxrrQfoIcmXpN7q9Y0WYP.jpg
Ascensor para el cadalso,Ascenseur pour l'échafaud,1958,"Crimen, Drama, Suspense",88,"Julien Tavernier, héroe de la guerra de Indochina, trabaja para el industrial Simon Carala, y es el amante de su esposa, Florence. Para poder vivir juntos, los amantes deciden matar al marido de modo que parezca un suicidio, pero ocurre algo que no estaba previsto.",7.599,https://image.tmdb.org/t/p/w500/kDeqKN54ATMs78bhaJAay9iDN3r.jpg
El método Williams,King Richard,2021,"Drama, Historia",144,"Biopic sobre Richard Williams, un padre inasequible que ayudó a formar a dos de las deportistas más extraordinarias de todos los tiempos, dos atletas que acabarían marcando época en el deporte del tenis. Richard tenía una visión muy clara del futuro de sus hijas, y sirviéndose de métodos arriesgados y poco convencionales, elaboró un plan que llevaría a Venus y Serena Williams de las calles de Compton, California, al olimpo del deporte, convirtiéndolas en iconos del tenis.",7.598,https://image.tmdb.org/t/p/w500/p9v8y0f95KG2gxNiNckRQ22AeV7.jpg
Bienvenido Mr. Chance,Being There,1979,"Comedia, Drama",130,"Chance es un hombre peculiar. Su vida se reduce a cuidar el jardín de la mansión de un hombre adinerado y a ver la televisión el resto del día. Pero, cuando el dueño de la casa muere y Chance es despedido, no está preparado para hacer frente al mundo exterior. Tiene, sin embargo, la suerte de conocer a Eve, una buena mujer que lo acoge en su casa. Lo paradójico es que, poco a poco, este hombre analfabeto conseguirá engañar a muchos haciéndoles creer que es un gran político.",7.598,https://image.tmdb.org/t/p/w500/vjVUeQluMfAwbP5MFwDVULTKmu5.jpg
El día más largo,The Longest Day,1962,"Bélica, Acción, Drama",178,Reconstrucción con todo lujo de detalles de uno de los episodios claves para el desarrollo de la II Guerra Mundial: el desembarco en las playas de Normandía llevado a cabo por las tropas aliadas en junio de 1944.,7.598,https://image.tmdb.org/t/p/w500/glWepCvby6ve4y8ZhlWxGRikJZt.jpg
El tren,The Train,1964,"Bélica, Suspense",133,"El Coronel Franz Von Waldheim se encuentra destacado en París con una misión muy concreta: hacerse con las modernas pinturas francesas, las mismas calificadas de ""degeneradas"" por los nazis, y cargarlas en un tren con destino a Alemania para el Tercer Reich. Eso sí, ha de tener mucho cuidado de no dañar la carga y, además, tiene de tiempo límite lo que tarden los aliados en reconquistar la ciudad, es decir, poco margen, ya que cada vez están más cerca.",7.597,https://image.tmdb.org/t/p/w500/6NPcGg1AVec3o7d0zBbc7RTd2eC.jpg
La mujer rey,The Woman King,2022,"Acción, Drama, Historia, Bélica",135,"Una epopeya histórica inspirada en los hechos reales que sucedieron en el Reino de Dahomey, uno de los estados más poderosos de África en los siglos XVIII y XIX. La historia sigue a Nanisca (Davis), general de la unidad militar exclusivamente femenina y a Nawi (Mbedu), una recluta ambiciosa. Juntas lucharon contra enemigos que violaron su honor, esclavizaron a su gente y amenazaron con destruir todo por lo que habían vivido.",7.596,https://image.tmdb.org/t/p/w500/rLEeiar1YUW4EB6By4tSKWA4whZ.jpg
El quimérico inquilino,Le locataire,1976,"Suspense, Misterio, Drama",126,"Un tímido conserje se muda a una habitación, en la que una chica intentó suicidarse arrojándose por la ventana. A medida que pasa el tiempo, el nuevo inquilino empieza a temer que sus vecinos intenten provocar en él un estado de paranoia que lo induzca también a saltar por la ventana.",7.6,https://image.tmdb.org/t/p/w500/tgrJsTPQqQha6Sil0pKQxwDeXR3.jpg
Blade Runner 2049,Blade Runner 2049,2017,"Ciencia ficción, Drama",164,"Han pasado 30 años desde los acontecimientos ocurridos en Blade Runner (1982). El oficial K, un blade runner caza-replicantes del Departamento de Policía de Los Ángeles, descubre un secreto que ha estado enterrado durante mucho tiempo y que tiene el potencial de llevar a la sociedad al caos. Su investigación le conducirá a la búsqueda del legendario Rick Deckard, un antiguo blade runner en paradero desconocido, que lleva desaparecido 30 años.",7.595,https://image.tmdb.org/t/p/w500/cOt8SQwrxpoTv9Bc3kyce3etkZX.jpg
Billy Elliot (Quiero bailar),Billy Elliot,2000,"Drama, Comedia, Música",110,"En 1984, durante una huelga de mineros en el condado de Durham, se suceden los enfrentamientos entre piquetes y policía. Entre los mineros más exaltados están Tony y su padre. Éste se ha empeñado en que Billy, su hijo pequeño, reciba clases de boxeo. Pero, aunque el chico tiene un buen juego de piernas, carece por completo de pegada. Un día, en el gimnasio, Billy observa la clase de ballet de la señora Wilkinson, una mujer de carácter severo que lo anima a participar. A partir de ese momento, Billy se dedicará apasionadamente a la danza.",7.595,https://image.tmdb.org/t/p/w500/lN6JppeFXbPFXFREickSSeHOjCz.jpg
A todos los chicos de los que me enamoré,To All the Boys I've Loved Before,2018,"Comedia, Romance",100,"La joven Lara Jean Covey se ha dedicado durante toda su vida a escribir cartas a todos esos chicos con los que tuvo una relación fallida o ni siquiera consiguió tener algo. Todas esas cartas las guarda en una caja que solo ella conoce. Un día, todas esas misivas de amor (o desamor) son entregadas a los chicos a los que iban dirigidas misteriosamente. Ahora Lara tendrá que enfrentarse a sus amores pasados y a la reacción de ellos y de toda la gente de su alrededor que se entera.",7.594,https://image.tmdb.org/t/p/w500/edspFefhqzR2jpqzV38duYjYKNC.jpg
Avatar: El sentido del agua,Avatar: The Way of Water,2022,"Acción, Aventura, Ciencia ficción",192,"Más de una década después de los acontecimientos de 'Avatar', los Na'vi Jake Sully, Neytiri y sus hijos viven en paz en los bosques de Pandora hasta que regresan los hombres del cielo. Entonces comienzan los problemas que persiguen sin descanso a la familia Sully, que decide hacer un gran sacrificio para mantener a su pueblo a salvo y seguir ellos con vida.",7.6,https://image.tmdb.org/t/p/w500/ckeTumMS4G31UQ9NNkmtW2QhfMF.jpg
Evangelion: 1.0 You Are (Not) Alone,ヱヴァンゲリヲン新劇場版：序,2007,"Animación, Ciencia ficción, Acción, Drama",97,"En 1999 un cataclismo ocurre en la Antártida llamado ""El Segundo Impacto"" como resultado de un incidente ocasionado por unos seres conocidos como ""Ángeles"". Gran parte de la Tierra quedó devastada por el fenómeno, aunque gradualmente se va recuperando. Años después, los ""Ángeles"" regresan y comienzan a atacar a la Tierra. La organización NERV revela su nuevo proyecto con miras a salvar el mundo: gigantes y bio-mecánicos robots conocidos como Evas que son unos de las pocas fuerzas sobre la Tierra capaces de enfrentar a los ""Ángeles"".",7.594,https://image.tmdb.org/t/p/w500/wGYmvSZIj2ragDNSWhyunOXu2Oc.jpg
American Gangster,American Gangster,2007,"Drama, Crimen",157,"Nueva York, 1968. Frank Lucas es el taciturno chófer de un importante mafioso negro de Harlem. Cuando su jefe muere inesperadamente, Frank aprovecha la oportunidad para construir su propio imperio. Gracias a su talento, se convierte no sólo en el principal narcotraficante de la ciudad, inundando las calles con productos de mejor calidad y precio, sino también en un hombre público muy respetado. Richie Roberts, un policía incorruptible marginado por su honradez que conoce bien las calles, se da cuenta de que una persona ajena a los clanes trepa por la escalera del poder. Tanto Roberts como Lucas comparten un estricto código ético que les aparta de los demás y los convierte en dos figuras solitarias en lados opuestos de la ley. Cuando se encuentren, el enfrentamiento entre ellos será inevitable.",7.6,https://image.tmdb.org/t/p/w500/pn4A89Rdv0fI7KuugdhSbgfJZs7.jpg
Harold y Maude,Harold and Maude,1971,"Comedia, Drama, Romance",90,"Comedia negra que relata la historia de un joven de buena familia obsesionado con la muerte, hasta el punto de que su pasatiempo favorito es probar diferentes métodos de suicidio. Obtuvo excelentes críticas.",7.594,https://image.tmdb.org/t/p/w500/tEXdC1RB0xWU9t5TffvHs7SctnZ.jpg
10 razones para odiarte,10 Things I Hate About You,1999,"Comedia, Romance, Drama",97,"Las hermanas Stratford son muy distintas. La guapa y popular Bianca nunca ha salido con un chico, y Kat, su hermana mayor, es una bruja con muy mal genio, y algo arisca, que se ha propuesto rechazar a cualquier chico que demuestre el más mínimo interés por ella. Desgraciadamente, el estricto reglamento que rige el hogar de los Stratford prohibe a Blanca tener novio hasta que su insoportable hermana tenga uno; situación que parece más que improbable teniendo en cuenta que Kat lleva una vida social desastrosa. Blanca está desesperada por ir al baile de fin de curso. Pero su pretendiente, Cameron, guarda una sorpresa...",7.593,https://image.tmdb.org/t/p/w500/ugSquUOt4U0a6xsgWUiOZcr5plz.jpg
Doce del patíbulo,The Dirty Dozen,1967,"Acción, Aventura, Bélica",150,"El comandante Reisman es un oficial estadounidense que se ha distinguido en la campaña de Italia, durante la Segunda Guerra Mundial. A pesar de ello, su mayor virtud no es la disciplina; de ahí que las relaciones con sus superiores sean más bien tensas. Sin embargo, debido a su brillante historial militar, no dudan en encargarle una misión suicida: asaltar una fortaleza nazi y matar a sus ocupantes, todos ellos altos mandos del régimen. Para ello debe someter a un duro entrenamiento a doce presidiarios.",7.593,https://image.tmdb.org/t/p/w500/lXYSPzIqjQxKnI0YgAVHjp1t3wK.jpg
Los ojos sin rostro,Les Yeux sans visage,1960,"Drama, Terror, Suspense",88,"En París, un brillante y desquiciado cirujano rapta chicas con el fin de utilizar su piel para reconstruir la belleza de su hija, destrozada por un trágico accidente del que él se siente culpable.",7.6,https://image.tmdb.org/t/p/w500/uV1rTX8m0tzbiO4WtcEJnwf02Oc.jpg
Hair Love,Hair Love,2019,"Animación, Familia, Comedia",7,Un padre afroamericano trata de peinar a su hija por primera vez.,7.591,https://image.tmdb.org/t/p/w500/pm9uRa7031Z56unxNE8AqE8f2wg.jpg
Bajo la misma estrella,The Fault in Our Stars,2014,"Romance, Drama",125,"A pesar de que un milagro médico ha conseguido reducir su tumor y darle unos años más de vida, la adolescente Hazel siempre se ha considerado una enferma terminal. Sin embargo, cuando el joven Gus entra a formar parte del grupo de ayuda para enfermos de cáncer juvenil, la vida de Hazel se transforma por completo.",7.591,https://image.tmdb.org/t/p/w500/wWtK2Kg4afUaQ2LVzQKsdcvJnLa.jpg
La novia cadáver,Corpse Bride,2005,"Romance, Fantasía, Animación",77,"Ambientada en un pueblecito europeo en el siglo XIX, esta película de animación fotograma a fotograma cuenta la historia de Victor, un joven que es llevado de repente al infierno, donde se casa con una misteriosa Novia Cadáver, mientras que su verdadera novia, Victoria espera en el mundo de los vivos. A pesar de que la tierra de los muertos resulta ser más colorista que su estricta educación victoriana, Victor aprende que no hay nada en este mundo, ni en el siguiente, que pueda separarle de su único y verdadero amor.",7.591,https://image.tmdb.org/t/p/w500/3ALM0VeZjGUryAqWo6pqohzbLDh.jpg
El sueño eterno,The Big Sleep,1946,"Misterio, Crimen, Suspense",114,El detective Philip Marlowe  investiga qué ha ocurrido con un cadáver que ha sido rescatado en el muelle Lido. La familia que le ha contratado para resolver el caso tiene una hija muy atractiva de la que Marlowe se enamora sin remisión.,7.6,https://image.tmdb.org/t/p/w500/hkKuvY7u4cOFF3nfCSLewVKGRai.jpg
King Kong,King Kong,1933,"Aventura, Fantasía, Terror",100,"Un equipo de cine va a rodar una película a la misteriosa isla de Teschio, al este de Sumatra. Allí descubren la existencia de una civilización prehistórica y de una tribu ancestral que secuestra a la atractiva Ann, la actriz protagonista, para ofrecerla en sacrificio ritual a King, un gigantesco gorila.",7.591,https://image.tmdb.org/t/p/w500/7WQcJuFtwkT3PsK3V6kBzK0F4Ko.jpg
My Hero Academia: Misión mundial de héroes,僕のヒーローアカデミア THE MOVIE ワールド ヒーローズ ミッション,2021,"Animación, Acción, Aventura, Ciencia ficción",101,"Deku es perseguido por la policía, acusado de asesinato en masa, mientras que el resto de super héroes han de enfrentarse a un incidente que afecta a todo el mundo. Tercera película de la serie anime ""My Hero Academia"".",7.59,https://image.tmdb.org/t/p/w500/u9JXGdxsb7jbRhqaeVWzCBwiY19.jpg
El jardín de las palabras,言の葉の庭,2013,"Animación, Drama, Romance",46,"Takao, quien está entrenando para convertirse en un zapatero, se salta la escuela para dibujar zapatos en un jardín de estilo japonés, un día se encuentra con una misteriosa mujer, Yukino, que es mayor que él. Los dos se comienzan a ver una y otra vez, pero sólo en días de lluvia. Con el tiempo ellos empiezan a profundizar su relación y a abrirse el uno al otro. Pero el final de la temporada de lluvias está muy cerca...",7.6,https://image.tmdb.org/t/p/w500/eOtrviHuMFNetRqvVVkdL8HCm9G.jpg
Secretos y mentiras,Secrets & Lies,1996,Drama,141,"Al morir sus padres adoptivos, Hortense, una joven negra que vive en Londres, siente la necesidad de conocer a su madre biológica, la cual la dio en adopción nada más nacer. Cuando por fin la encuentra, resulta ser una mujer soltera que trabaja en una fábrica.",7.59,https://image.tmdb.org/t/p/w500/zETSgsWXpOIsJjpCl8UoxcJqPlX.jpg
Ready Player One,Ready Player One,2018,"Aventura, Acción, Ciencia ficción",140,"Cuando el creador de una realidad virtual llamada OASIS muere, lanza un reto póstumo a todos sus usuarios para que busquen un huevo de pascua, que dará al que lo encuentre su fortuna y el control de su mundo.",7.589,https://image.tmdb.org/t/p/w500/2iuVrtC5IpwLtSFSgkIIIKLs0Zq.jpg
Victoria,Victoria,2015,"Crimen, Suspense, Romance",140,"Rodada en un único plano secuencia, el film tiene como escenario el famoso barrio berlinés de Kreuzberg. La cámara es testigo de todo lo que le pasa a la joven Victoria, una joven española de Berlín, durante dos horas de su vida: desde las cuatro de la mañana hasta las seis: desde que conoce a cuatro jóvenes para los que la noche acaba de empezar, y cómo en ese breve periodo de tiempo le suceden cosas que darán un giro total a su vida.",7.589,https://image.tmdb.org/t/p/w500/l8gNAI4uVn9xSUUtbweCxj84V6q.jpg
El héroe del río,"Steamboat Bill, Jr.",1928,"Comedia, Romance, Acción, Drama",70,"Los propietarios de dos barcos fluviales compiten por el control del transporte de mercancías por el río Mississippi. Bill, uno de ellos, espera la llegada de su hijo Willie (Buster Keaton), que ha estado estudiando en la ciudad, para que le ayude en el negocio. Pero Willie se ha convertido en un petimetre inexperto y, además, se enamora de la hija del rival de su padre, lo que agudiza las tensiones entre los dos propietarios.",7.589,https://image.tmdb.org/t/p/w500/zygJMsmXxeyDc1N67OCZc8xtq4I.jpg
El acorazado Potemkin,Броненосец Потёмкин,1925,"Drama, Historia, Bélica",75,"Basada en hechos reales ocurridos en 1905, narra como la tripulación del acorazado Príncipe Potemkin de Táurida se cansan del tratamiento vejatorio e injusto de los oficiales. El detonante de la situación es la carne podrida que éstos quieren que los marineros se coman. Con este motín comienza el reguero revolucionario por Odesa y toda Rusia.",7.6,https://image.tmdb.org/t/p/w500/olQ0vHFCK5TzRyNkkT2aJgG2gLz.jpg
Wallace y Gromit: Un esquilado apurado,A Close Shave,1996,"Familia, Animación, Comedia",30,Wallace vive un vertiginoso romance con la propietaria de la tienda de lana local y Gromit es acusado de robo de ovejas en un diabólico complot criminal.,7.589,https://image.tmdb.org/t/p/w500/1fzJ1CeajjvAbRkn6lfe5cjWxu6.jpg
Horizontes de grandeza,The Big Country,1958,"Drama, Western, Romance",165,"James McKay, un capitán naval retirado, llega, desde el Este, a las vastas llanuras de Texas para casarse con Pat Terrill, la hija de un rico ganadero. El choque entre McKay, hombre pacífico y educado, y los violentos y toscos rancheros es inevitable. No sólo tendrá que enfrentarse con el capataz Steve Leech, sino que, incluso su novia se sentirá decepcionada por su comportamiento. Mientras tanto, el padre de Pat y el clan de los Hannassey luchan encarnizadamente por el control del agua para abrevar el ganado.",7.6,https://image.tmdb.org/t/p/w500/3W9z9nc9a9ZIAQfJDXz9YhMftEA.jpg
Don Camilo,Don Camillo,1952,Comedia,130,"El cómico francés Fernandel encarna a Don Camilo, y Gino Cervi a Peppone, personajes creados por el escritor italiano Giovanni Guareschi. En Brescello, una pueblo del valle del Po, los conflictos y enfrentamientos entre Don Camilo, el párroco local, y Peppone, el alcalde comunista, son constantes. (FILMAFFINITY)",7.588,https://image.tmdb.org/t/p/w500/yvOMeJ7O3ozJJUPiczcGH5MrFoB.jpg
Grupo salvaje,The Wild Bunch,1969,Western,145,"Un grupo de veteranos atracadores de bancos, desarraigados ladrones que viven al margen de la ley y que actúan en la frontera entre los Estados Unidos y México, se ven acorralados por unos cazadores de recompensas y el ejército mexicano.",7.588,https://image.tmdb.org/t/p/w500/8RLSKxIbW10kFKJirxVYDwwmDAl.jpg
Tumbbad,तुम्बाड,2018,"Fantasía, Terror",113,"India, siglo XIX. En las afueras de Tumbbad vive Vinayak, hijo bastardo del jefe del pueblo, obsesionado con un tesoro ancestral. Sospecha que el secreto del tesoro lo conoce su bisabuela, una bruja maldita que lleva siglos dormida. Cuando se acerca a ella se topa con el guardián del tesoro, un malvado dios caído. Lo que empieza con unas pocas monedas de oro se convierte en un ansia que dura décadas. La avaricia de Vinayak sigue creciendo hasta que desata el mayor secreto de todos, que es incluso más valioso que el propio tesoro.",7.6,https://image.tmdb.org/t/p/w500/z1xOCxw780WFJC5uCTMfCkQ4Agi.jpg
Dragon Ball Z: El último combate,ドラゴンボールZ たったひとりの最終決戦〜フリーザに挑んだZ戦士 孫悟空の父〜,1990,"Animación, Acción, Ciencia ficción, Drama, Fantasía",47,"Especial para televisión que se ubica en el arco argumental de Dragon Ball Z. Se cuenta la historia del padre de Goku, Bardock, y su intento por salvar su planeta aunque le cueste la vida...",7.583,https://image.tmdb.org/t/p/w500/vFICDkHjSu1ruvwtmNmU50BItoA.jpg
Beasts of No Nation,Beasts of No Nation,2015,"Drama, Bélica",137,"Drama basado en las experiencias de Agu, un niño soldado de un país africano que, tras cerrar la escuela y ser sacado de su aldea y golpeado casi hasta la muerte, se vio obligado a participar en una guerra civil empuñando un arma y combatiendo a sus compatriotas.",7.585,https://image.tmdb.org/t/p/w500/1D4vcJmJc58WXarpRtwgd2do9Rg.jpg
Tombstone: La leyenda de Wyatt Earp,Tombstone,1993,"Western, Acción",130,"En 1879 y tras la sangrienta Guerra Civil norteamericana, mucha gente emigró hacia el oeste del país en busca de prosperidad y fortuna. entre ellos, Wyatt Earp, un hombre de la ley que había abandonado la placa y la pistola para formar una familia, o John ""Doc""Hollyday, un ex caballero del sur reconvertido en pistolero y jugador.",7.585,https://image.tmdb.org/t/p/w500/moAfncos756VZqsrJiZ62nB7mYT.jpg
El mago de Oz,The Wizard of Oz,1939,"Aventura, Fantasía, Familia",103,"La huérfana Dorothy Gale vive una vida sencilla en Kansas con su tía Emma Clara Blandick, su tío Henry y tres pintorescos peones: Hunk, Zeke y Hickory. Un día la severa vecina Miss Gulch es mordida por el perro de Dorothy, Toto. Miss Gulch se lo lleva, por orden del sheriff, a pesar de las apasionadas protestas de tía Emma y el tío Henry. Toto escapa y regresa junto a Dorothy, la cual se alegra momentáneamente, pero pronto se da cuenta de que Miss Gulch regresará. Decide llevarse a Toto y fugarse en busca de una vida mejor 'en algún lugar sobre el arco iris'.",7.585,https://image.tmdb.org/t/p/w500/ymUY2iIm8IuSYuIX1SsABgPyB48.jpg
Drive,Drive,2011,"Drama, Suspense, Crimen",100,"Durante el día, Driver trabaja en un taller y es conductor especialista de cine, pero, algunas noches de forma esporádica, trabaja como chófer para delincuentes. Shannon, su mentor y jefe, que conoce bien su talento al volante, le busca directores de cine y televisión o criminales que necesiten al mejor conductor para sus fugas, llevándose la correspondiente comisión. Pero el mundo de Driver cambia el día en que conoce a Irene, una guapa vecina que tiene un hijo pequeño y a su marido en la cárcel.",7.6,https://image.tmdb.org/t/p/w500/r63LaAngw0LAkgYmvA5gllmOUjm.jpg
Un falso despertar,Meshes of the Afternoon,1943,"Misterio, Fantasía",14,"Una mujer (interpretada por la propia Maya Deren) explora sus propias imágenes interiores, a través de un sueño, donde los objetos ordinarios de su vida diaria consiguen un misterio sobrecogedor. Deren (1917-1961) explicó que quería ""plasmar en la película la sensación que experimenta un ser humano sobre un incidente, más que grabar el incidente con precisión"". Codirigido con su marido, el director de fotografía Alexander Hammid, ""Meshes of the Afternoon"", a través de sus múltiples lecturas y reinterpretaciones, pronto se erigió como uno de los films experimentales más importantes de todos los tiempos, y convirtió a Maya Deren en la voz preeminente del ""avant-garde cinema"" de los Estados Unidos en los años 40 y 50, influyendo en directores como Jean Cocteau, Luis Buñuel o David Lynch. El film lo adquirió el MoMA -The Museum of Modern Art- de Nueva York.",7.584,https://image.tmdb.org/t/p/w500/yHjEjRU81RcxKFNU5hhiPYMzlsu.jpg
Al servicio de las damas,My Man Godfrey,1936,Comedia,94,"Una alocada chica de la alta sociedad, su hermana y sus ricos amigos se divierten con un extravagante juego de caza que consiste en recoger todo tipo de desechos. En un lugar del East River, zona azotada por la Gran Depresión, encuentran a Godfrey, un ingenioso y mordaz vagabundo. Este curioso personaje acompaña a las hermanas a una fiesta, donde pronuncia un discurso sobre el carácter inhumano del juego. Después acepta trabajar como mayordomo en la casa familiar. En realidad, Godfrey esconde un secreto sobre su pasado.",7.584,https://image.tmdb.org/t/p/w500/taZ7yc7FNjLaLKb9GVOaIMFLk8W.jpg
The Killer (El asesino),喋血雙雄,1989,"Acción, Crimen, Drama, Suspense",111,"Sin abandonar su particular estilo que combina el melodrama al más puro estilo Douglas Sirk con la violencia de Peckinpah, el director asiático John Woo consigue su obra maestra dentro del género de acción ""made in Hong Kong"": una violencia desatada irrumpe tras momentos de calma.",7.584,https://image.tmdb.org/t/p/w500/lI27RxnGobVuWv9m3JPAFbEX9Ps.jpg
El último emperador,The Last Emperor,1987,"Drama, Historia",163,"Pekín, 1908. China se encuentra en plena decadencia. Puyi, un niño de tres años, es arrancado de los brazos de su madre. En medio de la noche es conducido hasta la Ciudad Prohibida, donde es coronado emperador, aunque tendrá que vivir recluido dentro de ese recinto inaccesible.",7.6,https://image.tmdb.org/t/p/w500/utbdORmc1tEmnxqQRMOapVAX8E8.jpg
Thor: Ragnarok,Thor: Ragnarok,2017,"Acción, Ciencia ficción, Comedia",131,"Thor está preso al otro lado del universo sin su poderoso martillo y se enfrenta a una carrera contra el tiempo. Su objetivo es volver a Asgard y parar el Ragnarok porque significaría la destrucción de su planeta natal y el fin de la civilización Asgardiana a manos de una todopoderosa y nueva amenaza, la implacable Hela. Pero, primero deberá sobrevivir a una competición letal de gladiadores que lo enfrentará a su aliado y compañero en los Vengadores, ¡el Increíble Hulk!",7.6,https://image.tmdb.org/t/p/w500/pGtkLdk4rnF2A3Yz2BHiTgRwMU4.jpg
Adivina quién viene esta noche,Guess Who's Coming to Dinner,1967,"Drama, Romance",108,"Una joven de familia acomodada lleva a casa a su novio, un médico negro con el que tiene la intención de casarse, para presentárselo a sus padres. A pesar de ser personas de ideas liberales, sus padres se sienten muy confundidos, especialmente el padre, que teme que un matrimonio semejante no traiga más que problemas a su hija.",7.6,https://image.tmdb.org/t/p/w500/7r92JSmLXlKhUTma0uSYEg4Cufz.jpg
El hobbit: La desolación de Smaug,The Hobbit: The Desolation of Smaug,2013,"Fantasía, Aventura, Acción",161,"Tras sobrevivir al inicio de su inesperado viaje, la Compañía sigue hacia el este y se encuentra por el camino con Beorn, el cambiador de piel, y con un enjambre de Arañas gigantes en el peligroso monte Mirkwood. Tras evitar que los Elfos del Bosque los capturen, los Enanos prosiguen su viaje hacia Ciudad del Lago, y finalmente llegan a la Montaña Solitaria, donde tienen que enfrentarse al mayor de los peligros, una criatura más terrorífica que cualquier otra que pondrá a prueba no solo lo profundo de su valentía sino también los límites de su amistad y la sabiduría del viaje: el dragón Smaug.",7.58,https://image.tmdb.org/t/p/w500/1s8xZDmG5IkDU0m1LeW28YcwTRx.jpg
El intercambio,Changeling,2008,"Crimen, Drama, Misterio",136,"Christine Collins es una madre que recupera a su hijo, al que habían secuestrado meses antes. Pero en la locura del muy fotografiado reencuentro, comienza a sospechar que el niño que le han entregado no es su hijo. A pesar de unas fuerzas del orden corruptas y de una opinión pública más que escéptica, intenta dilucidar el misterio cueste lo que cueste. Tachada de loca e incapacitada, por fin encuentra un aliado en el reverendo Briegleb, que la ayudará en su búsqueda.",7.6,https://image.tmdb.org/t/p/w500/rqMNyKVQII7FWpW3QSe3H6sbhex.jpg
El quinto elemento,Le Cinquième Élément,1997,"Ciencia ficción, Acción, Aventura",127,"Cada 5.000 años se abre una puerta entre las dimensiones. En una dimensión existe el Universo y la vida. En la otra dimensión existe un elemento que no está hecho ni de tierra, ni de fuego, ni de aire, ni de agua, sino que es una anti-energía, la anti-vida: es el quinto elemento.",7.58,https://image.tmdb.org/t/p/w500/wnps5IL8YpeJpZvciDRXt7yZF8a.jpg
Confesiones,告白,2010,"Drama, Suspense, Misterio",106,"En el último día de clase de un instituto, una profesora se despide de los alumnos con el anuncio de que deja la escuela, pero añadiendo una confesión: su hija de cuatro años, fallecida recientemente al ahogarse en la piscina de la escuela, fue en realidad asesinada por dos de los estudiantes de esa misma clase.Y, añade, ya ha puesto en marcha su venganza contra ellos.",7.579,https://image.tmdb.org/t/p/w500/5LpU49phDgony1TEMOEL9igLlXv.jpg
El efecto mariposa,The Butterfly Effect,2004,"Ciencia ficción, Suspense",113,"Evan Treborn, un joven que se está esforzando por superar unos dolorosos recuerdos de su infancia, descubre una técnica que le permite viajar atrás en el tiempo y ocupar su cuerpo de niño para poder cambiar el curso de su dolorosa historia. Sin embargo también descubre que cualquier mínimo cambio en el pasado altera enormemente su futuro.",7.579,https://image.tmdb.org/t/p/w500/vtqJkVTvrxbk2BehGO6e6izsUBa.jpg
Elemental,Elemental,2023,"Animación, Comedia, Familia, Fantasía, Romance",102,"En una ciudad donde los residentes del fuego, el agua, la tierra y el aire viven juntos, una joven apasionada y un chico que se deja llevar por la corriente descubrirán algo elemental: cuánto tienen en común.",7.578,https://image.tmdb.org/t/p/w500/d79DeKDCgFOM23O8Dr6MELZVooY.jpg
El amor está en el agua,きみと、波にのれたら,2019,"Animación, Romance, Comedia, Drama, Fantasía",96,"Hinako se muda a un pueblo costero para estudiar y disfrutar del surf, su gran pasión. Sin embargo, aún no tiene claro su futuro. Tras un incendio, conoce a Minato, un joven bombero, y juntos comparten su amor por el deporte. Con el tiempo, Hinako descubre su verdadero deseo: ayudar a los demás, como lo hace Minato.",7.578,https://image.tmdb.org/t/p/w500/glAzGD7Qt8zMuwHvAJ1QbUAbs7i.jpg
Steins Gate the Movie: Load Region of Déjà vu,劇場版 STEINS;GATE 負荷領域のデジャヴ,2013,"Ciencia ficción, Animación, Drama",90,"La película tiene lugar un año después de los acontecimientos de la serie de anime. Después de pasar por un camino arduo a través de múltiples líneas de tiempo debido a la invención de los ""D-Mails"", es decir, los mensajes de texto que se pueden enviar al pasado, Rintaro Okabe ha aterrizado, según las informaciones de la ""Steins Gate"", en una línea de tiempo en la que ninguno de sus amigos tendrían que morir y en la que no existe un futuro gobernado por SERN debido a que no se produjo la invención de una máquina del tiempo. Sin embargo, Okabe pronto comienza a sentir los efectos secundarios de los constantes viajes a través del tiempo por múltiples líneas de tiempo, que pronto se acumula y ocasiona que Okabe desaparezca de repente de la existencia, con sólo Kurisu Makise, la chica que él había salvado gracias a sus esfuerzos, recordándolo a través de un déjà vu. Ahora es el turno de Kurisu para encontrar una manera de conseguir que Okabe regrese a la línea de tiempo.",7.6,https://image.tmdb.org/t/p/w500/maTEWDbqf09wfZYlJDF5XIQJD84.jpg
Coach Carter,Coach Carter,2005,"Drama, Historia",140,"El filme está inspirado en la vida real del controvertido entrenador de baloncesto Ken Carter, que en su segundo año en el Instituto Richmond de California, y con un equipo imbatido con 13 victorias, decidió que sus jugadores no jugarían los próximos dos partidos y en su lugar estudiarían para los exámenes trimestrales por el bajo nivel académico que tenían.",7.577,https://image.tmdb.org/t/p/w500/ykHiXV5XoGYlY33BqOcp4e9HVvz.jpg
El irlandés,The Irishman,2019,"Crimen, Drama, Historia",209,"Pennsylvania, 1956. Frank Sheeran, un veterano de guerra de origen irlandés que trabaja como camionero, conoce accidentalmente al mafioso Russell Bufalino. Una vez convertido en su hombre de confianza, Bufalino envía a Frank a Chicago con el encargo de ayudar a Jimmy Hoffa, un poderoso líder sindical relacionado con el crimen organizado, con quien Frank mantendrá una estrecha amistad durante casi veinte años.",7.577,https://image.tmdb.org/t/p/w500/sNilmIAwBbH0DmBOWBS6gWvNDex.jpg
Gigantes hacia la victoria,Facing the Giants,2006,Drama,111,"Facing the Giants (también conocida como Desafío a los gigantes) es una película cristiana dirigida y protagonizada por Alex Kendrick. El reparto fue compuesto por voluntarios de la Iglesia Bautista Sherwood, y es la segunda película hecha por Sherwood Pictures. Fue filmada en Albany, Georgia, y la película relata una historia de fútbol americano de una perspectiva de la fe cristiana.",7.565,https://image.tmdb.org/t/p/w500/jsnFuAlnCOsrfC3claiy41eukOu.jpg
Despierta la furia,Wrath of Man,2021,"Suspense, Crimen, Drama",119,"H (Jason Statham) es el misterioso tipo que acaba de incorporarse como guardia de seguridad en una compañía de furgones blindados. Durante un intento de atraco a su camión, sorprende a sus compañeros mostrando habilidades propias de un soldado profesional, dejando al resto del equipo preguntándose quién es realmente y de dónde viene.",7.575,https://image.tmdb.org/t/p/w500/emM894kjspdQsHyTAF7sjRNlbTr.jpg
Dave Chappelle: Sticks & Stones,Dave Chappelle: Sticks & Stones,2019,Comedia,65,"En un especial, Dave Chappelle habla sobre la cultura de las armas, la crisis de los opiáceos y los muchos escándalos de los famosos.",7.576,https://image.tmdb.org/t/p/w500/hsyPTPoFDhUw5aGcj7dxAx3i1Qp.jpg
Happy Together,春光乍洩,1997,"Drama, Romance",96,"Lai Yiu-Kai y Ho Po-Wing viven una apasionada relación. Viajan desde Hong Kong a Argentina, pero la llegada al nuevo país parece transformar las cosas y Ho, de repente, abandona a Lai. Éste comienza a trabajar como portero de un bar, con el único afán de reunir el dinero suficiente para volver a su país. Un día Ho reaparece, pero las cosas ya no son iguales...",7.6,https://image.tmdb.org/t/p/w500/9OYXLgM5C9wZbbVgIMDlQu2rC9N.jpg
La venganza de Manon,Manon des sources,1986,Drama,120,"Manon, la hija de Jean de Florette, ha crecido. Sabe que Le Papet y Ugolin son responsables de la muerte de su padre. Su venganza comienza cuando revela a todo el pueblo secretos guardados desde hace años. Segunda parte de la película ""El manantial de las colinas"".",7.576,https://image.tmdb.org/t/p/w500/ufB9hHxej18KRZb5WTfLftZPWrr.jpg
Rosas rojas,Imagine Me & You,2006,"Drama, Comedia, Romance",93,"En el día de su boda, camino del altar, Rachel ve a la persona con la que quiere pasar el resto de su vida. No es su prometido, ni siquiera un invitado apuesto... es la chica encargada de las flores de la ceremonia. Todo empieza el día que Rachel se casa con Heck. Mientras sus amigos le ayudan y su familia no hace más que molestar, Luce - la florista - arregla las decoraciones florales en la iglesia. En el exterior, Luce se encuentra con Heck y con el padrino, Cooper, que se siente inmediatamente atraído por ella. Luce hace caso omiso a sus insinuaciones e intentará marcharse aunque al final le convencen para que se siente al lado de la hermana de Rachel de ocho años. Dos semanas después Rachel pasa por la tienda de Luce para invitarla a cenar. Planea emparejarla con Cooper, pero antes de la llegada de éste Luce le cuenta a Heck que es lesbiana. Cooper no tiene ni idea e intenta ligar con ella mientras Rachel y Luce discuten acerca de lo que es el amor....",7.575,https://image.tmdb.org/t/p/w500/2zTZoOV61Gc7UMjMHRzY9yCEljY.jpg
Big George Foreman,Big George Foreman,2023,"Historia, Drama",129,"Impulsado por una infancia empobrecida, George Foreman canalizó su ira para convertirse en medallista de oro olímpico y campeón mundial de peso pesado, seguido de una experiencia cercana a la muerte que lo llevó del ring de boxeo al púlpito. Pero cuando ve que su comunidad lucha espiritual y financieramente, Foreman regresa al ring y hace historia al reclamar su título, convirtiéndose en el campeón mundial de boxeo de peso pesado más antiguo e improbable de todos los tiempos.",7.574,https://image.tmdb.org/t/p/w500/ue2W0lfk6DVCQCQc1d2k64xz1xh.jpg
Nuestra hermana pequeña,海街diary,2015,Drama,128,"Sachi, Yoshino y Chika son tres hermanas que viven en Kamakura, Japón, en la casa de su abuela. Un día, recibirán la noticia de la muerte de su padre, que las abandonó cuando eran pequeñas. En el funeral conocerán a la hija que su padre tuvo 13 años atrás y pronto las cuatro hermanas empezarán a vivir juntas.",7.6,https://image.tmdb.org/t/p/w500/8tjdskB385TcwX6tiPbOzeelpLr.jpg
El caballo de Turín,A torinói ló,2011,Drama,155,"Libremente inspirada en un episodio que marca el fin de la carrera del filósofo Friedrich Nietzsche. El 3 de enero de 1889, en la plaza Alberto de Turín, Nietzsche se lanzó llorando al cuello de un caballo agotado y maltratado por su cochero y, después, se desmayó. Desde entonces, dejó de escribir y se hundió en la locura y el mutismo. En una atmósfera preapocalíptica, se nos muestra la vida del cochero, su hija y del viejo caballo.",7.6,https://image.tmdb.org/t/p/w500/bEYY7BnO5UIuJpZhNBagD33uGaw.jpg
The Game,The Game,1997,"Drama, Suspense, Misterio",129,"Nicholas Van Orton es un perspicaz e influyente hombre de negocios acostumbrado a controlar absolutamente todas las facetas de su existencia. Sin embargo, su perfecta vida sufre un dramático cambio cuando su hermano Conrad le hace un original regalo de cumpleaños que pronto tendrá consecuencias devastadoras. Se trata del acceso a una misteriosa y nueva forma de entretenimiento en la que todo puede perderse, y con una sola regla: no hay reglas.",7.574,https://image.tmdb.org/t/p/w500/hvEEVdC8VdT3JpwAGiSHO5sEmDH.jpg
Deadpool y Lobezno,Deadpool & Wolverine,2024,"Acción, Comedia, Ciencia ficción",127,"Un apático Wade Wilson se afana en la vida civil tras dejar atrás sus días como Deadpool, un mercenario moralmente flexible. Pero cuando su mundo natal se enfrenta a una amenaza existencial, Wade debe volver a vestirse a regañadientes con un Lobezno aún más reacio a ayudar.",7.6,https://image.tmdb.org/t/p/w500/9TFSqghEHrlBMRR63yTx80Orxva.jpg
Ex Machina,Ex Machina,2015,"Drama, Ciencia ficción",108,"Nathan, un programador multimillonario con fama de ermitaño, selecciona a Caleb, un joven empleado de su empresa, para que pase una semana con él en un lugar remoto en las montañas con el objetivo de realizar un test en el que está involucrada su última creación: Ava, un robot-mujer en el que la inteligencia artificial lo es todo.",7.573,https://image.tmdb.org/t/p/w500/mQohkAkV1m7yT43UnYkgvmyKUoa.jpg
Yo soy Sam,I Am Sam,2001,Drama,132,"Sam Dawson (Sean Penn) es un deficiente mental que deberá luchar por conservar la custodia de su pequeña hija, ya que el Estado considera que no está capacitado para hacerse cargo de su educación. De su defensa se encargará una prestigiosa abogada, Rita Harrison (Michelle Pfeiffer), cuyo desinterés y frialdad inicial cambiarán tras conocer a Sam, descubrir el amor que siente por su hija y comprobar su determinación por defender sus derechos como padre.",7.574,https://image.tmdb.org/t/p/w500/3ZsLmeHD8RwyZcwhhKDMjnO0CW5.jpg
Godzilla Minus One,ゴジラ-1.0,2023,"Ciencia ficción, Terror, Acción",125,"En el Japón de la posguerra, Godzilla trae una nueva devastación a un paisaje ya abrasado. Sin intervención militar ni ayuda gubernamental a la vista, los supervivientes deben unirse frente a la desesperación y luchar contra un horror implacable.",7.6,https://image.tmdb.org/t/p/w500/q35kdC8ci9Fm2gVQazJdsohtGpD.jpg
Un profeta,Un prophète,2009,"Crimen, Drama",155,"Condenado a seis años de prisión, Malik El Djebena no sabe leer ni escribir. Cuando llega a la cárcel completamente solo, parece más joven y frágil que los demás presos. Tiene 19 años. Arrinconado por el cabecilla de la banda de corsos que domina la prisión, le encomiendan una serie de “misiones” que debe cumplir para hacerse más fuerte y ganarse la confianza del líder. Pero Malik es valiente y aprende rápido, e incluso se atreve a hacer sus propios planes.",7.573,https://image.tmdb.org/t/p/w500/masLEe2o34cGODUxJ19g1iD0oXf.jpg
Kramer contra Kramer,Kramer vs. Kramer,1979,Drama,104,"El ejecutivo publicitario Ted Kramer consigue la mejor cuenta de la agencia el mismo día en que su mujer decide divorciarse, dejándole solo con su hijo de 7 años. Comienza así una dura etapa en la que tendrá que ejercer de padre soltero de un niño que echa de menos a su madre y, al mismo tiempo, no descuidar su carrera profesional. Cuando tras un tiempo parece que la relación con su hijo va mejorando, la madre aparece para pedir la custodia del pequeño.",7.6,https://image.tmdb.org/t/p/w500/btdZ6vSOqQ3zI3ftEm2QTF9yiId.jpg
El planeta del tesoro,Treasure Planet,2002,"Ciencia ficción, Aventura, Animación, Familia, Fantasía",95,"Jim, un surfista solar, se enfrenta a una cacería intergaláctica de tesoros cuando cae en sus manos un legendario mapa que le llevará a buscar la fortuna más grande del Universo. A bordo de un espectacular 'galeón solar', Jim se convierte en el ayudante del cocinero del barco, John Silver -mitad hombre, mitad máquina-, que le enseña a ser un buen explorador del espacio.",7.572,https://image.tmdb.org/t/p/w500/cwwRIK1V1R6QQKromGi0OaJLD8l.jpg
La escafandra y la mariposa,Le Scaphandre et le Papillon,2007,"Drama, Historia",112,"Jean-Dominique Bauby, editor de la revista Elle en Francia, sufrió en 1995, a la edad de 43 años, un derrame cerebral que paralizó todo su cuerpo a excepción del ojo izquierdo. Utilizando ese ojo para sacar a la luz sus memorias, Bauby describió elocuentemente los aspectos de su mundo interior, desde el tormento psicológico de estar atrapado dentro de su cuerpo a sus historias imaginadas de tierras que sólo había visitado en su mente.",7.573,https://image.tmdb.org/t/p/w500/zicuSrAqgHDQCw0bDrnjMry17xr.jpg
Godzilla Minus One,ゴジラ-1.0,2023,"Ciencia ficción, Terror, Acción",125,"En el Japón de la posguerra, Godzilla trae una nueva devastación a un paisaje ya abrasado. Sin intervención militar ni ayuda gubernamental a la vista, los supervivientes deben unirse frente a la desesperación y luchar contra un horror implacable.",7.6,https://image.tmdb.org/t/p/w500/q35kdC8ci9Fm2gVQazJdsohtGpD.jpg
Superación: La historia de la familia Antetokounmpo,Rise,2022,Drama,113,"Después de emigrar a Grecia desde Nigeria, Vera y Charles Antetokounmpo lucharon por sobrevivir y mantener a sus cinco hijos, mientras vivían bajo la amenaza diaria de la deportación. Desesperados por obtener la ciudadanía griega pero socavados por un sistema que los bloqueaba en todo momento, la visión, la determinación y la fe de la familia los sacaron de la oscuridad para lanzar las carreras de tres campeones de la NBA.",7.6,https://image.tmdb.org/t/p/w500/pBrjWoIKhkOhCyBI4To0CIbUgiC.jpg
Casino Royale,Casino Royale,2006,"Aventura, Acción, Suspense",144,"La primera misión del agente británico James Bond como agente 007 lo lleva hasta Le Chiffre, banquero de los terroristas de todo el mundo. Para detenerlo y desmantelar la red terrorista, Bond debe derrotarlo en una arriesgada partida de póquer en el Casino Royale. Al principio a Bond le disgusta Vesper Lynd, la hermosa oficial del Tesoro que debe vigilar el dinero del gobierno. Pero, a medida que Bond y Vesper se ven obligados a defenderse juntos de los mortales ataques de Le Chiffre y sus secuaces, nace entre ellos una atracción mutua.",7.571,https://image.tmdb.org/t/p/w500/2Tygvjqrd6EfvOLwuS7bEIbHwH9.jpg
Carandiru,Carandiru,2003,Drama,145,"La película está basada en las experiencias del doctor Drauzio Varella en la prisión estatal Carandiru, en São Paulo, Brasil, durante sus trabajos de prevención del SIDA. En la prisión se encontró con cientos de convictos bajo condiciones infrahumanas hasta el punto culminante de 1992 cuando una revuelta provocó el asesinato de 111 hombres.",7.571,https://image.tmdb.org/t/p/w500/t4rJxINyuQ4ArkgTMiaSIzVuPEc.jpg
Los Fabelman,The Fabelmans,2022,Drama,151,"Al crecer en la era de Arizona posterior a la Segunda Guerra Mundial, un niño llamado Sammy Fabelman descubre un secreto familiar devastador y explora cómo el poder de las películas puede ayudarlo a ver la verdad. Película semiautobiográfica sobre la infancia y juventud de Steven Spielberg.",7.57,https://image.tmdb.org/t/p/w500/wcgPDyvKkgo2agNXcdE1eXLGzmf.jpg
Searching,Searching,2018,"Drama, Misterio, Suspense",101,"Después de que la hija de 16 años de David Kim desaparece, se abre una investigación policial. Pero 37 horas más tarde y sin una sola pista, David decide buscar en el único lugar donde nadie ha buscado todavía y donde se guardan todos los secretos hoy en día: el ordenador portátil de su hija. David debe rastrear las huellas digitales de su hija antes de que desaparezca para siempre. Un thriller que se desarrolla en la pantalla del ordenador.",7.57,https://image.tmdb.org/t/p/w500/dhluarMp34GfG369Y1aH2F6lAvC.jpg
Avatar: Fuego y ceniza,Avatar: Fire and Ash,2025,"Ciencia ficción, Aventura, Fantasía",197,"Jake Sully y Neytiri enfrentan una nueva amenaza en Pandora: los Ash People, una tribu Na'vi violenta y sedienta de poder, liderada por la implacable Varang. Tras la devastadora guerra contra la RDA y la pérdida de su hijo mayor, la familia de Jake deberá luchar por su supervivencia y el futuro de Pandora en un conflicto que llevará a los personajes a sus límites emocionales y físicos. Con nuevos y antiguos aliados, esta épica visual y emocional redefine el destino de un mundo al borde del abismo.",7.569,https://image.tmdb.org/t/p/w500/4n1U0Mwn7djux6VKNYDRWPgS2x6.jpg
El perro rabioso,野良犬,1949,"Crimen, Drama, Suspense, Misterio",122,"Ambientada en la postguerra japonesa tras la II Guerra Mundial (1939-1945). Con la estructura del thriller americano y los convencionalismos japoneses, narra la historia de un joven detective al que roban su pistola. Agobiado por un sentimiento de deshonor más que de pérdida, emprende, con un veterano compañero, una frenética e incansable búsqueda que lo lleva a los bajos fondos de Tokyo.",7.57,https://image.tmdb.org/t/p/w500/qMY3t6Yn5Wsw02WKTJfhpoytNON.jpg
The Snowman,The Snowman,1982,"Aventura, Animación, Familia, Fantasía",25,"Un sombrero de copa de seda desechado se convierte en el foco de una lucha entre un mago fracasado y un grupo de escolares después de que por arte de magia trae un muñeco de nieve a la vida. Consciente de que la nueva vida Frosty terminará en primavera, a menos que se refugie en un clima más frío, Frosty y un joven que se hace amigo de polizón en un tren de mercancías se dirigen hacia el polo norte.",7.57,https://image.tmdb.org/t/p/w500/b3CMolkeXrPaVvd5vTsssMKfZZo.jpg
Los miserables,Les Misérables,2019,"Crimen, Drama, Suspense",105,"Montfermeil, un suburbio al este de París. Stéphane acaba de unirse a la Brigada de Lucha contra la Delincuencia, donde conoce a sus nuevos compañeros, Chris y Gwada, dos agentes con experiencia en las enormes tensiones que existen entre los distintos grupos organizados por el control del barrio.",7.569,https://image.tmdb.org/t/p/w500/x38m4xUo4byOuzrAQO0zMrpxEau.jpg
Encanto,Encanto,2021,"Animación, Comedia, Familia, Fantasía",102,"Los Madrigal son una familia extraordinaria que vive en una casa mágica de un pueblo vibrante en las montañas de Colombia, escondidas en un 'Encanto'. La magia ha bendecido a cada niño de la familia con un don único, desde la superfuerza hasta el poder de sanar. A todos, excepto Mirabel, quien desea ser tan especial como el resto de su familia.  Pero cuando la magia que rodea al Encanto está en peligro, Mirabel decide que ella, la única Madrigal sin ningún tipo de don único, puede ser la única esperanza de su excepcional familia.",7.569,https://image.tmdb.org/t/p/w500/d0ezQ1Jz0lpNsX1skEmIvqRL7mN.jpg
Todo en un día,Ferris Bueller's Day Off,1986,Comedia,105,"Un joven de 17 años decide disfrutar de unas vacaciones anticipadas aprovechando la ausencia de sus padres. Prepara minuciosamente un día dedicado enteramente a hacer todo lo que normalmente no puede hacer. Para ello contará, por supuesto, con la compañía de su mejor amigo y de su novia.",7.569,https://image.tmdb.org/t/p/w500/aKUOSTR0WeghsBHHDUlgdluFjNl.jpg
Hable con ella,Hable con ella,2002,"Drama, Romance",112,"Benigno, un enfermero, y Marco, un escritor maduro, coinciden en un espectáculo de Pina Bausch, en el Cafe Müller. En el escenario, dos mujeres con los ojos cerrados y los brazos extendidos se mueven al compás de ""The Fairy Queen"" de Henry Purcell. La emoción de Marco es tal que rompe a llorar. A Benigno le gustaría decirle que a él también le emociona el espectáculo, pero no se atreve. Meses más tarde, los dos hombres vuelven a encontrarse en la clínica privada ""El Bosque"", donde Benigno trabaja. Lydia, la novia de Marco, torera de profesión, ha sufrido una cogida y está en coma. Benigno cuida de otra mujer también en estado de coma: Alicia, una estudiante de ballet. El reencuentro entre Marco y Benigno es el comienzo de una intensa amistad. Dentro de la clínica, la vida de los cuatro personajes fluye en todas las direcciones, pasado, presente y futuro, arrastrando a los cuatro a un destino insospechado.",7.569,https://image.tmdb.org/t/p/w500/7E0ZukUMnSVHvGwHVBF1iOP86RE.jpg
Who Am I: Ningún sistema es seguro,Who Am I – Kein System ist sicher,2014,Suspense,102,"Benjamin, un joven alemán genio de las computadoras, se une a un grupo de hackers subversivo que quiere hacerse notar en el escenario del mundo.",7.568,https://image.tmdb.org/t/p/w500/hdCt77CmKXe1oLJ2vH1UtNRa4XH.jpg
"Kenshin, el guerrero samurái 2: Infierno en Kioto",るろうに剣心 京都大火編,2014,"Acción, Aventura, Drama, Fantasía",138,"Tras los acontecimientos relatados en “Kenshin, el guerrero samurai”, Kenshin Himura vive retirado, fiel a su juramento de no volver a empuñar la espada; pero la aparición de un misterioso villano que amenaza con derrocar al gobierno hará que el protagonista replantee su postura. Rurôni Kenshin: Kyoto taika-hen es el primer segmento del espectacular díptico que concluirá las aventuras del guerrero.",7.6,https://image.tmdb.org/t/p/w500/hxSJeSHEZB4D1gc6w7kX8WYyVLi.jpg
El clan de los sicilianos,Le Clan des Siciliens,1969,"Crimen, Drama",121,"Roger Santet ha sido encarcelado por asesinato, pero el clan siciliano dirigido por el venerable Vittorio Manalese lo libera. El objetivo de la banda es apoderarse de las joyas de una exposición que se celebra en Roma. Mientras preparan el golpe, Tony Nicosia, un amigo americano, sugiere que la mejor forma de hacerse con las piedras es asaltando el avión que las transporta desde Nueva York. El tenaz inspector Le Goff intentará desbaratar sus planes.",7.6,https://image.tmdb.org/t/p/w500/rOEYSSBrO9KIHWVCxVp6SZflJHW.jpg
"Danzad, danzad, malditos","They Shoot Horses, Don't They?",1969,Drama,129,"Estados Unidos, en plena época de la Gran Depresión. En medio de un ambiente de terrible miseria, gentes desesperadas, de toda edad y condición, se apuntan a una maratón de baile con la esperanza de ganar el premio final de 1500 dólares de plata y encontrar, al menos, un sitio donde dormir y comer. Mientras los concursantes fuerzan los límites de su resistencia física y psíquica, una multitud morbosa se divierte contemplando su sufrimiento durante días.",7.6,https://image.tmdb.org/t/p/w500/54Jpv0tgcSqgeysMgSIn38j0eXv.jpg
Gattaca,Gattaca,1997,"Ciencia ficción, Drama",106,"En un futuro cercano, en La Tierra la perfección genética impera. Los seres inferiores, como Vincent Freeman, cuyo ADN es fruto de una relación natural y no de laboratorio, están condenados al fracaso. Pero Vincent quiere triunfar, y conseguirá esconder su verdadera condición para conseguir su objetivo más ansiado: ser piloto espacial.",7.567,https://image.tmdb.org/t/p/w500/1gXcEISnpV8IXCylhGI4eyBKjM.jpg
Vaiana,Moana,2016,"Aventura, Comedia, Familia, Animación",107,"Una gran aventura acerca de una enérgica adolescente que se embarca en una misión audaz para salvar a su pueblo de una antigua y misteriosa amenaza, en un viaje de autodescubrimiento. La acompañará el arrogante semidiós Maui, quien la guiará en su travesía por el océano en un viaje lleno de acción, plagado de temibles criaturas e imposibles desafíos para restaurar el orden perdido.",7.566,https://image.tmdb.org/t/p/w500/y6wkgEH1gTWAafH9Bc7cNNut0Kf.jpg
Gigantes hacia la victoria,Facing the Giants,2006,Drama,111,"Facing the Giants (también conocida como Desafío a los gigantes) es una película cristiana dirigida y protagonizada por Alex Kendrick. El reparto fue compuesto por voluntarios de la Iglesia Bautista Sherwood, y es la segunda película hecha por Sherwood Pictures. Fue filmada en Albany, Georgia, y la película relata una historia de fútbol americano de una perspectiva de la fe cristiana.",7.565,https://image.tmdb.org/t/p/w500/jsnFuAlnCOsrfC3claiy41eukOu.jpg
Moon,Moon,2009,"Ciencia ficción, Drama",97,"La película cuenta la historia de Sam Bell, un astronauta que se encuentra cerca de finalizar su contrato con Lunar, empresa para la que ha trabajado durante tres años viviendo en Selene, una base lunar desde la que ha estado extrayendo gas de la mina Helium 3, a causa de la terrible crisis energética que está pasando la Tierra. Dos semanas antes de su regreso a casa con su mujer y su hija, Sam comienza a tener extrañas visiones y a sentirse extraño, pero no será hasta la llegada de sus sustituto cuando Sam vea sus sospechas en cuanto a los verdaderos propósitos de Lunar hechos realidad, pues algo más que su contrato va a expirar en breve.",7.565,https://image.tmdb.org/t/p/w500/y90zRKir3o4UwlRRocNP7G8eTbC.jpg
Arma fatal,Hot Fuzz,2007,"Crimen, Acción, Comedia",121,"Nicholas Angel es, sin duda alguna, el mejor policía de Londres. Sus detenciones superan en un 400% al segundo mejor agente del Cuerpo. Es tan bueno que, comparado a él, cualquier poli es malo. Por eso sus superiores deciden trasladarle a un lugar en que su talento no ponga a nadie en evidencia, a Sandford, un aparentemente adormecido y pacífico pueblecito.",7.6,https://image.tmdb.org/t/p/w500/kO2Ez6xOf5CJiQywkMo27nHzBF4.jpg
Inocencia interrumpida,"Girl, Interrupted",1999,Drama,127,"Año 1967. Susanna Kaysen, de 17 años, es como la mayoría de las chicas americanas de su edad: está confusa, se siente insegura y lucha por entender el mundo que la rodea. Su psiquiatra decide ingresarla en el Hospital Claymoore, diagnosticándole un trastorno de la personalidad, que se manifiesta a través de una gran inseguridad respecto a la propia imagen, a los objetivos a largo plazo y a los amigos. En el centro Susanna conoce a Lisa, Georgina, Polly y Janet, un grupo de chicas inadaptadas con las que entabla una estrecha amistad y que, además, le muestran el camino para encontrarse a sí misma.",7.6,https://image.tmdb.org/t/p/w500/kKBHjBY9RLPyIJaycEdduPj0cjB.jpg
Orígenes,I Origins,2014,"Ciencia ficción, Drama",113,"Ian Gray, un estudiante de biología molecular especializado en la evolución del ojo humano, conoce a una misteriosa mujer cuyo iris es multicolor. Años después, su investigación lo conduce a un descubrimiento asombroso, que podría cambiar la forma en que percibimos nuestra existencia.",7.564,https://image.tmdb.org/t/p/w500/2VbIjTUfHNCIwLIkXn3IPUS8oBi.jpg
Poesía,시,2010,Drama,139,"Mija es una anciana que vive con su nieto en una pequeña ciudad coreana. Es una mujer excéntrica y llena de curiosidad, que disfruta cuidando su aspecto y exhibe sombreros con motivos florales y vestidos con vivos colores. El azar la lleva a asistir a cursos de poesía en la casa de la cultura de su barrio y a escribir su primer poema. Busca la belleza dentro de su ambiente habitual, al que no había prestado ninguna atención hasta ese momento. Sin embargo, un suceso inesperado hace que descubra que la vida no es tan hermosa como creía.",7.564,https://image.tmdb.org/t/p/w500/7sKXNd9WXzrncgMEGNpegl1Y2M8.jpg
Gandhi,Gandhi,1982,"Drama, Historia",188,"Después de defender los derechos de los ciudadanos africanos en Sudáfrica, Gandhi, considerando que también los hindúes son ciudadanos de segunda clase en su propia tierra, los incita a sublevarse contra el Imperio Británico mediante la doctrina de la no-violencia.",7.6,https://image.tmdb.org/t/p/w500/bLhaCPIaRhaBfkw0YYP4oyV6qZb.jpg
Exhuma,파묘,2024,"Misterio, Terror, Suspense",134,"Una renombrada chamana (Kim Go-eun) y su aprendiz son contratados por una enigmática familia adinerada para investigar la enfermedad sobrenatural que afecta a su hijo primogénito. Con la ayuda de un embalsamador y el experto en feng shui más famoso del país (Choi Min-sik), rastrean una tumba familiar oculta, ubicada en tierra sagrada. Percibiendo un aura ominosa alrededor del lugar, el equipo opta por exhumar y reubicar los restos ancestrales de inmediato. Pero algo mucho más oscuro emerge en la remota montaña, desatando fuerzas sobrenaturales que amenazan con destruirlos a todos.",7.562,https://image.tmdb.org/t/p/w500/d2Fkw6AMX7f0USFk2IuaRNIIp0p.jpg
Invicto 3: Redención,Undisputed III: Redemption,2010,"Acción, Suspense, Crimen, Drama",96,"En esta película Scott Adkins vuelve a encarnar a Boyka (el malo de Undisputed 2), que busca la libertad. Cuando se le ofrece la oportunidad de participar en un campeonato clandestino entre los 8 mejores luchadores reclusos del mundo, ni lo dudará.",7.562,https://image.tmdb.org/t/p/w500/76q9oFIGWDvG6y1LiqG7cM29z6k.jpg
Mientras estés conmigo,I Still Believe,2020,"Música, Drama, Romance",116,"Cuenta la historia real de la estrella de música cristiana Jeremy Camp, profundizando en su aventura de amor y pérdida, demostrando así que siempre hay esperanza.",7.561,https://image.tmdb.org/t/p/w500/y6Vuu6XZim23JT6pxnKmHh0GaL1.jpg
El emperador y sus locuras,The Emperor's New Groove,2000,"Aventura, Animación, Comedia, Familia, Fantasía",78,"El arrogante y egoísta emperador Cuzco es traicionado y convertido en llama por la ambiciosa Yzma y su guardaespaldas Kronk. El emperador, que una vez lo tuvo todo, se verá abocado a confiar en un llano y simpático campesino llamado Pacha, para encontrarse a sí mismo.",7.6,https://image.tmdb.org/t/p/w500/X9jChoAotaGU81lEraUVi8RHOe.jpg
Lilo & Stitch,Lilo & Stitch,2002,"Animación, Familia, Comedia, Ciencia ficción",85,"Lilo es una niña hawaiana que se siente sola y decide adoptar un ""perro"" muy feo al que llama Stitch. Stitch sería la mascota perfecta... si no fuera en realidad un experimento genético que ha escapado de un planeta alienígena y que ha aterrizado por casualidad en la tierra.",7.6,https://image.tmdb.org/t/p/w500/dTYyAszU6NWbmWGvhqLZpZTdS5T.jpg
Diamante de sangre,Blood Diamond,2006,"Drama, Suspense, Acción",143,"Con el caos y la guerra civil que en los años 90 envolvió Sierra Leona como telón de fondo, ""Diamante de sangre"" es la historia de Danny Archer, un ex mercenario sudafricano, y Solomon Vandy, un pescador de Mende. Ambos hombres son africanos, pero sus historias y sus circunstancias son completamente diferentes. Sus destinos se unen en la búsqueda conjunta para recuperar un diamante rosa, poco común, que puede transformar sus vidas. Mientras se halla en prisión por contrabando, Archer se entera de que Solomon, quien fue separado de su familia y obligado a trabajar en las minas de diamantes, ha encontrado y escondido la extraordinaria piedra sin pulir. Con la ayuda de Maddy Bowen, una periodista americana cuyo idealismo se ve atenuado por una profunda relación con Archer, los dos hombres emprenden un viaje por territorio rebelde.",7.6,https://image.tmdb.org/t/p/w500/dBuTvhQgbsoWEOGh50Bkf5qB58g.jpg
La chica en el sótano,Girl in the Basement,2021,"Suspense, Crimen, Película de TV",88,"Sara es una adolescente que está deseando cumplir 18 años para alejarse de su padre controlador, Don. Pero antes de que pudiera apagar las velas, Don la aprisiona en el sótano de su casa.",7.56,https://image.tmdb.org/t/p/w500/4p6uMC8PxEHSY5hJR0KJkOt3wPk.jpg
La odisea de los giles,La odisea de los giles,2019,"Comedia, Suspense",118,"En un pueblo del Noroeste de la provincia de Buenos Aires, un grupo de vecinos se organiza para recuperar la economía de la zona, pero cuando el Corralito se implementa en el país y sufren un fraude, sus esperanzas desaparecen. Ahora, se unirán para recuperar el dinero perdido y dar el golpe de sus vidas a su mayor enemigo.",7.6,https://image.tmdb.org/t/p/w500/t5oMn99BVp9IJruztEwpKgvqA2h.jpg
Mar adentro,Mar adentro,2004,Drama,125,"Ramón lleva casi treinta años postrado en una cama al cuidado de su familia. Su única ventana al mundo es la de su habitación, junto al mar por el que tanto viajó y donde sufrió el accidente que interrumpió su juventud. Desde entonces, su único deseo es terminar con su vida dignamente. La llegada de dos mujeres alterará su mundo: Julia, la abogada que quiere apoyar su lucha y Rosa, una vecina del pueblo que intentará convencerle de que vivir merece la pena. La luminosa personalidad de Ramón termina por cautivar a ambas, que tendrán que cuestionar como nunca antes los principios que rigen sus vidas. Él sabe que sólo la persona que de verdad le ame será la que le ayude a realizar ese último viaje.",7.56,https://image.tmdb.org/t/p/w500/6mGgn60Riv14B3zPjTNNZnFHp3c.jpg
La noche de Halloween,Halloween,1978,"Terror, Suspense",91,"Durante la noche de Halloween, Michael, un niño de seis años, asesina a su familia con un cuchillo de cocina. Es internado en un psiquiátrico del que huye quince años más tarde, precisamente la víspera de Halloween. El psicópata vuelve a su pueblo y comete una serie de asesinatos. Mientras, uno de los médicos del psiquiátrico le sigue la pista.",7.56,https://image.tmdb.org/t/p/w500/6bsDpDL312h6vEGPOPWoweaZWUG.jpg
Historia de un verano,The Sandlot,1993,"Familia, Comedia, Drama",101,"Durante un verano de amistad y aventura, un chico entra a formar parte de la banda, nueve chavales se convierten en un equipo y su líder es leyenda ya que se enfrenta al temido misterio tras el muro del campo de la derecha.",7.559,https://image.tmdb.org/t/p/w500/dpimdVQRGJp6lv9fNACxCrhKXGY.jpg
Le llamaban Trinidad,Lo chiamavano Trinità...,1970,"Acción, Comedia, Western",109,"Después de atravesar medio desierto, Trinidad, un tipo muy diestro con el revólver, descubre que su hermano mayor, otro granuja como él, es ahora el sheriff de un pequeño pueblo. Como no tiene nada urgente que hacer, decide quedarse a comer y descansar por algún tiempo.",7.6,https://image.tmdb.org/t/p/w500/28kVOdftrAWAUm0qUChaj2s7xjq.jpg
Bao,Bao,2018,"Animación, Familia, Fantasía, Drama, Comedia",11,Una madre con el síndrome del nido vacío encuentra una segunda oportunidad con un panecillo típico de la comida asiática.,7.558,https://image.tmdb.org/t/p/w500/tKz7XRXvdy1i7pW4eotaWZSrAx2.jpg
Cure,キュア,1997,"Crimen, Suspense, Terror, Misterio",111,"El policía Takabe investiga unos extraños asesinatos. Las víctimas aparecen con una herida de arma blanca en forma de ""x"" y los culpables son personas totalmente normales sin ningun motivo para haber cometido el asesinato. Takabe empieza a sospechar que algo está influenciando a la gente para matar.",7.558,https://image.tmdb.org/t/p/w500/fmcqjO3xlem6vhyit7k4zaDjNmJ.jpg
El samurái sin nombre (Sword of the Stranger),ストレンヂア -無皇刃譚-,2007,"Acción, Animación, Historia",103,"Durante el periodo de guerra entre estados o Sengoku, un ronin llamado Nanashi, que significa ""sin nombre"", salva a un niño llamado Kotarou y a su perro Tobimaru en un templo abandonado. Kotarou no tiene familia y es perseguido por una misteriosa organización militar de China, por lo que contrata a Nanashi como guardaespaldas. Nanashi, que ha abandonado su nombre junto a su pasado, ha ""sellado"" su espada debido a un suceso pasado por el que es atormentado en forma de pesadillas. El encargado de perseguir a Kotarou es un hombre llamado Rarou, que pertenece a la organización de origen chino y que esta bajo las ordenes de un anciano llamado Byakuran, aunque, a diferencia de sus compañeros, Rarou no posee un concepto de ""Rey"" y solo busca luchar contra el más fuerte.",7.558,https://image.tmdb.org/t/p/w500/pWDz3nZEp09xewwW5PaiQZt8RTt.jpg
Depredador,Predator,1987,"Ciencia ficción, Acción, Aventura, Suspense",102,"Un comando de mercenarios es contratados por la CIA para rescatar a unos pilotos apresados por las guerrillas en la selva Centroamericana. La misión resulta satisfactoria, pero durante su viaje de regreso se dan cuenta de que algo está dándoles caza uno a uno, ese algo resulta ser un cazador alienígena que se queda con las calaveras de sus víctimas como trofeos",7.558,https://image.tmdb.org/t/p/w500/spgPmu5bTk8N6KZXrIOBwfd3cNb.jpg
Sigue el ritmo,Feel the Beat,2020,"Comedia, Música, Drama",109,"Después de la búsqueda infructuosa del triunfo en Broadway como bailarina, April (Sofia Carson) regresa a su pequeño pueblo natal donde se convierte, a regañadientes, en la profesora de un grupo de niñas que busca participar en una importante competición de baile en Atlantic City.",7.557,https://image.tmdb.org/t/p/w500/myPSIe9QGUcpKi0WmOi3BcjhKxy.jpg
A pleno sol,Plein soleil,1960,"Crimen, Drama, Suspense",115,"Tom Ripley, un cazafortunas, es enviado a Europa por el señor Greenleaf para buscar a su hijo Philip, un playboy mimado, y llevarlo de vuelta a los EE.UU. A cambio recibirá 5.000 dólares. Philip engaña a Tom fingiendo que está decidido a volver, pero no tiene ninguna intención de dejar a su prometida ni de cumplir los deseos de su padre.",7.557,https://image.tmdb.org/t/p/w500/teSlQM1yhWyiHE81rgCAXKxzgU8.jpg
La chica de la aguja,Pigen med nålen,2024,"Drama, Historia",122,"Una joven embarazada que acaba de quedarse sin trabajo en Copenhague lucha por sobrevivir y es acogida por un anciano carismático para que la ayude a dirigir una agencia de adopción clandestina. Entre los dos se crea un vínculo inesperado, hasta que un descubrimiento repentino lo cambia todo.",7.556,https://image.tmdb.org/t/p/w500/7AXkSJ9zVSTL7vzTeBryx22kYDa.jpg
Yu-Gi-Oh! El Lado Oscuro de las Dimensiones,遊☆戯☆王 THE DARK SIDE OF DIMENSIONS,2016,"Aventura, Animación",131,"Yugi Muto y sus mejores amigos están en su último año de escuela secundaria y están hablando de lo que van a hacer en el futuro. Mientras tanto, Seto Kaiba ha encargado una excavación para recuperar el Rompecabezas del Milenio desensamblado de las ruinas de la cámara del Milenio. El tema había albergado el alma de su rival, Atem, quien espera revivir el fin de resolver su puntuación. La excavación se ve interrumpida por la diva, que se enfrenta a Kaiba en un juego de los monstruos del duelo y roba dos piezas del rompecabezas. Se mantiene una sola pieza para sí mismo y le da al otro a su hermana, sueros, que pasa a Yugi Muto.",7.555,https://image.tmdb.org/t/p/w500/5Oeo0MrrtMeKw8cnB32yGwNE7bE.jpg
Espías con disfraz,Spies in Disguise,2019,"Animación, Acción, Aventura, Comedia, Familia",102,"Puede decirse que el superespía Lance Sterling y el científico Walter Beckett no tienen nada que ver entre sí: Lance es relajado, educado y caballeroso. Walter lo opuesto. Lo que le falta a Walter de habilidades sociales lo compensa con una dosis extra de ingenio e inventiva, con los que crea fascinantes artilugios que Lance usa en sus épicas misiones. Pero cuando los acontecimientos sorprenden con un giro inesperado, Walter y Lance tendrán que confiar el uno en el otro… Y todo el mundo estará en peligro.",7.554,https://image.tmdb.org/t/p/w500/j2xcicPNXzNex47EYOfw45Dl1o0.jpg
Manchester frente al mar,Manchester by the Sea,2016,Drama,137,"Lee Chandler es un fontanero que se ve obligado a regresar a su pequeño pueblo natal tras enterarse de que su hermano ha fallecido. Allí se encuentra con su sobrino de 16 años, del que tendrá que hacerse cargo. De pronto, Lee se verá obligado a enfrentarse a un pasado trágico que le llevó a separarse de su esposa Randi y de la comunidad en la que nació y creció.",7.554,https://image.tmdb.org/t/p/w500/A3yR6Mdz48elRI1pBOzbIbDyCRi.jpg
Malcolm X,Malcolm X,1992,"Drama, Historia",202,"Malcolm Little (1925–1965) nació en Omaha (Nebraska). Su padre, ministro baptista, murió siendo él niño, y su madre acabó en un psiquiátrico cuando el Ku Klux Klan incendió su casa. Después de ser rechazado por el ejército, cayó en la delincuencia y fue a parar a la cárcel. Allí se convirtió al Islam y cambió radicalmente su vida, convirtiéndose pronto en un carismático líder del movimiento de liberación de la comunidad negra norteamericana.",7.6,https://image.tmdb.org/t/p/w500/o2s9ow0uRRm1BcF3teznk5twd90.jpg
Doctor Zhivago,Doctor Zhivago,1965,"Drama, Romance, Bélica",197,"Rusia, revolución bolchevique (1917). La guerra produce una convulsión general en un país dividido. En medio del conflicto, asistimos al drama íntimo de un hombre que lucha por sobrevivir. Este hombre es Zhivago, poeta y cirujano, marido y amante, cuya vida trastornada por la guerra afecta a las vidas de otros, incluida Tonya, su mujer, y Lara, la mujer de la que se enamora.",7.6,https://image.tmdb.org/t/p/w500/ewV2RlSlMs5jRKVlFNHZ9u8t6Ms.jpg
Una bala en la cabeza,喋血街頭,1990,"Acción, Crimen, Suspense, Bélica",136,"Año 1967. Ben, Frank y Paul crecieron juntos en los suburbios de Hong Kong. Su amistad se ve amenazada cuando un día, tras un violento enfrentamienro con Ringo, un camorrista malcarado, éste muere y los amigos se ven obligados a huir a Vietnam, un país en plena guerra entre el norte y el sur. Allí sus planes para empezar una nueva vida pronto se frustran...",7.6,https://image.tmdb.org/t/p/w500/4CRCw1EWomzLfYAJw0zO1HwiXLq.jpg
Beautiful Boy: siempre serás mi hijo,Beautiful Boy,2018,Drama,120,Crónica sobre la adicción a la metanfetamina y el intento de recuperación y de salir de las drogas a través de los ojos de un padre que observa a su hijo mientras lucha contra la enfermedad de la drogodependencia.,7.55,https://image.tmdb.org/t/p/w500/l5h41CmLZHApp76D7FQEbRX7Yom.jpg
Lo que hacemos en las sombras,What We Do in the Shadows,2014,"Comedia, Terror",86,"Viago, Deacon y Vladislav son tres vampiros que comparten piso en Nueva Zelanda. Hacen lo posible por adaptarse a la sociedad moderna: pagan el alquiler, se reparten las tareas domésticas e intentan que les inviten a entrar en los clubs. Una vida normal, salvo por una pequeña diferencia: son inmortales y tienen que alimentarse de sangre humana. Cuando su compañero del sótano, Petyr, convierte en vampiro a Nick, nuestros protagonistas deberán enseñarle como funciona todo en su recién estrenada vida eterna.",7.549,https://image.tmdb.org/t/p/w500/zMpZYL0lVgLCYyOVGekaZC0bUtv.jpg
Barbie: Escuela de princesas,Barbie: Princess Charm School,2011,"Familia, Animación, Fantasía",79,"Barbie es Blair Willows, una chica de buen corazón que resulta elegida para asistir a la Escuela de Princesas. Se trata de un lugar maravilloso donde las futuras princesas aprenden a bailar, protocolo para tomar el té y las actitudes correctas de princesa. A Blair le encantan sus clases, sus duendecillos mágicos y sus nuevas amigas, las Princesas Hadley y Delancy. Cuando la profesora real Dame Devin advierte que Blair se parece mucho a la princesa desaparecida del reino, intenta librarse por todos los medios de Blair para evitar que pueda reclamar el trono. Blair, Hadley y Delancy han de desvelar la corona encantada que han encontrado y demostrar la verdadera identidad de Blair en esta historia de princesas llena de magia.",7.548,https://image.tmdb.org/t/p/w500/qChFxsIJvwALomvWiVb3qUq0PIX.jpg
El secreto de vivir,Mr. Deeds Goes to Town,1936,"Comedia, Drama, Romance",115,"Un ingenuo joven de provincias (Gary Cooper) va a Nueva York para hacerse cargo de una herencia de veinte millones de dólares. Allí se enamora de una chica encantadora (Jean Arthur), sin saber que es la periodista que lo ridiculiza en sus artículos.",7.5,https://image.tmdb.org/t/p/w500/7mGcvgXyFn73xWGtnWeJdyIyC93.jpg
Núremberg,Nuremberg,2025,"Historia, Drama",150,"Tras el fin de la II Guerra Mundial, con ocasión de los cruciales e inminentes juicios de Nuremberg contra el derrotado régimen Nazi, el psiquiatra estadounidense Douglas Kelley (Malek), encargado de determinar si los oficiales nazis prisioneros son aptos para ser juzgados por sus crímenes de guerra, se ve inmerso en una compleja batalla de ingenio dialéctico con Hermann Göring (Crowe), mano derecha de Hitler. Basada en el libro ""El nazi y el psiquiatra"", de Jack El-Hai.",7.5,https://image.tmdb.org/t/p/w500/5sIW7PmpnZDUoYGuw0HqEBbmzpa.jpg
Algunos hombres buenos,A Few Good Men,1992,Drama,138,"El teniente Daniel Kaffee es un joven y prometedor abogado de la Marina que tiene una excelente reputación. Sus superiores le confían la defensa de dos marines acusados de asesinato. A primera vista, el caso no parece complicado. Pero cuando tenga que vérselas con el Coronel Nathan R. Jessup, comandante en jefe de la base de Guantánamo, saldrán a la luz nuevas pistas que harán que el caso adquiera dimensiones insospechadas.",7.547,https://image.tmdb.org/t/p/w500/fPDeGYYHN3Un7xK3qrpXMSOp1t8.jpg
Del revés 2 (Inside Out 2),Inside Out 2,2024,"Animación, Aventura, Comedia, Familia",96,"Riley entra en la adolescencia y el Cuartel General de su cabeza sufre una repentina reforma para hacerle hueco a algo totalmente inesperado propio de la pubertad: ¡nuevas emociones! Alegría, Tristeza, Ira, Miedo y Asco, con años de impecable gestión a sus espaldas (según ellos...) no saben muy bien qué sentir cuando aparece con enorme ímpetu Ansiedad. Y no viene sola: le acompañan envidia, vergüenza y aburrimiento.",7.546,https://image.tmdb.org/t/p/w500/lE3DCRI7bQgHSiIuEPcFiXpiuGV.jpg
Trollhunters: El despertar de los titanes,Trollhunters: Rise of the Titans,2021,"Animación, Fantasía, Familia, Acción, Aventura",106,Los héroes de la serie Trollhunters se unen en una épica aventura para luchar contra la Orden de los Arcanos para determinar quién controla el poder de la magia que los une a todos.,7.546,https://image.tmdb.org/t/p/w500/fhhjAX2iDmnZksQWsJ8DdAcDBc5.jpg
La chica danesa,The Danish Girl,2015,Drama,120,"Drama basado en la verdadera historia de una pareja de artistas daneses, Einar y Gerda Wegener. La vida de este matrimonio dio un giro cuando Einar sustituyó a la modelo femenina que su mujer, Gerda, tenía que pintar. Cuando los retratos resultan ser un éxito, ella anima a su marido a adoptar una apariencia femenina. Lo que comenzó como un juego llevó a Einar a una metamorfosis inesperada.",7.546,https://image.tmdb.org/t/p/w500/8XubRv1OkM2RkksxVpkG8qoROM8.jpg
Corazones de acero,Fury,2014,"Bélica, Drama, Acción",134,"Abril de 1945. Al mando del veterano sargento Wardaddy, un pelotón de cinco soldados americanos a bordo de un carro de combate -el Fury- ha de luchar contra un ejército nazi al borde de la desesperación, pues los alemanes saben que su derrota estaba ya cantada por aquel entonces.",7.546,https://image.tmdb.org/t/p/w500/kbtH5G8L8REzy72LkLmKYoBVaGv.jpg
A Chinese Odyssey Part One: Pandora's Box,西遊記第壹佰零壹回之月光寶盒,1995,"Acción, Aventura, Fantasía, Comedia, Romance, Drama",88,"Debido a las fechorías cometidas a lo largo de su existencia, la gran Diosa decide castigar al Rey Mono con la muerte. En el último instante, su maestro, el Monje de la Longevidad, intercede en su favor, quedando aquél confinado en un cuerpo mortal hasta que la reencarnación de su maestro acuda a restituirle su condición de dios. Quinientos años más tarde, dos mujeres demonio llegan a la zona para vengarse de tan conflictivo dios, pero el destino querrá que una de ellas, Jing Jing, se enamore de aquél que podría ser la reencarnación de su antaño enemigo.",7.5,https://image.tmdb.org/t/p/w500/3MVVgZYvuksKpTkHNf60w6RcJRJ.jpg
Jules y Jim,Jules et Jim,1962,"Drama, Romance",105,"Desde que se conocieron en 1912, Jules (Oskar Werner) y Jim (Henri Serre) se convirtieron en dos inseparables amigos que un día se enamoran de la misma mujer, Catherine (Jeanne Moreau). Uno de ellos finalmente se casa con ella. Obra capital del cine francés de los sesenta, un hermoso canto al amor y la pasión.",7.5,https://image.tmdb.org/t/p/w500/iQPk7jK26RrwYgnAYq5l2Ha3iPc.jpg
Déjame entrar,Låt den rätte komma in,2008,"Terror, Drama",114,"Oskar, un niño tímido de 12 años, acosado en el colegio por unos compañeros, se hace amigo de Eli, una misteriosa nueva vecina de su edad, cuya llegada coincide con una serie de inexplicables muertes. A pesar de que Oskar piensa que ella es un vampiro, intenta que su amistad esté por encima de su miedo.",7.545,https://image.tmdb.org/t/p/w500/8mw1Iv9o4BVCtfScCL0nhzolOdO.jpg
Carretera perdida,Lost Highway,1997,"Drama, Suspense, Misterio",132,"Fred Madison, un músico de Jazz, recibe una serie de misteriosas cintas de video en las que aparece con su mujer Renée dentro de su propia casa. En la última, que Fred ve a solas, junto a él aparece su esposa muerta.",7.545,https://image.tmdb.org/t/p/w500/vFIhGJuUfCSGTFj5fgLCbBAtxt2.jpg
Mary Poppins,Mary Poppins,1964,"Comedia, Familia, Fantasía",139,"Reinado de Eduardo VII (1901-1910). Una familia inglesa formada por un padre banquero, una madre sufragista y dos niños rebeldes -que pretenden llamar la atención de su padre haciendo la vida imposible a todas las niñeras-, se verá alterada con la llegada de Mary Poppins, una institutriz muy especial, que desciende de las nubes empleando su paraguas como paracaídas. Debut y Oscar para Julie Andrews en este clásico del cine familiar que en su día batió récords de taquilla. Una niñera mágica y canciones pegadizas que harán las delicias de los más pequeños de la casa.",7.5,https://image.tmdb.org/t/p/w500/8hU9v0EYEiAWYOkROcy4iWnSNpl.jpg
El otro lado de la vida,Sling Blade,1996,Drama,135,"Después de muchos años de reclusión por homicidio, Karl Childers, un retrasado mental bonachón, sale de un centro psiquiátrico y se propone empezar una nueva vida.",7.544,https://image.tmdb.org/t/p/w500/ivBIBd1LNaozcmytZUyE1yIXZms.jpg
"Synecdoche, New York","Synecdoche, New York",2008,Drama,124,"Un director de teatro pelea con su trabajo y la mujer de su vida, en su intento de crear una réplica a tamaño natural de Nueva York dentro de un almacén como parte de su nueva obra.",7.544,https://image.tmdb.org/t/p/w500/5UwdhrjXhUgsiDhe1dpS9z4yj7q.jpg
"4 meses, 3 semanas, 2 días","4 luni, 3 săptămâni și 2 zile",2007,Drama,113,"Rumanía, 1987. El país se encuentra bajo el férreo régimen comunista de Ceaușescu. Otilia y Gabita son estudiantes y comparten habitación en una residencia. Gabita está embarazada, pero no quiere tenerlo. Las jóvenes acuerdan un encuentro con un tal Mr. Bebe para que le practique un aborto ilegal en la habitación de un hotel.",7.544,https://image.tmdb.org/t/p/w500/taoajT5Cg8corabvH0EMXAPklNh.jpg
Terroríficamente muertos,Evil Dead II,1987,"Terror, Comedia, Fantasía",84,"El bueno de Ash se dispone a pasar un fin de semana en el bosque con su novia. Pero todo se va al traste cuando repoducen una cinta en la que un profesor había grabado varios pasajes del Necronomicom, el Libro de los Muertos. El hechizo convoca a una fuerza demoniaca que convierte a la compañera de Ash en un monstruo ávido de carne. Ahora él y varios compañeros se disponen a pasar una noche en una cabaña en medio del bosque, con un demonio en casa.",7.545,https://image.tmdb.org/t/p/w500/d4o4F8n0brc2vrpZBTvVFgB2Kk8.jpg
La pasión de Cristo,The Passion of the Christ,2004,Drama,126,"Año 33 de nuestra era. En la provincia romana de Judea, un misterioso carpintero llamado Jesús de Nazareth comienza a anunciar la llegada del ""reino de Dios"" y se rodea de un grupo de humildes pescadores: los Apóstoles. Durante siglos, el pueblo judío había esperado la llegada del Mesías - personaje providencial que liberaría su sagrada patria e instauraría un nuevo orden basado en la justicia-. Las enseñanzas de Jesús atraen a una gran multitud de seguidores que lo reconocen como el Mesías. Alarmado por la situación, el Sanedrín, con la ayuda de Judas Iscariote, uno de los doce Apóstoles, arresta a Jesús. Acusado de traición a Roma, Cristo es entregado a Poncio Pilato, quien, para evitar un motín, lo condena a a morir en la cruz como un vulgar criminal.",7.544,https://image.tmdb.org/t/p/w500/qPSyfz3yzTHXh1s8KRNy5YMNQJL.jpg
Zombies Party,Shaun of the Dead,2004,"Terror, Comedia",99,"La vida de Shaun es un callejón sin salida. Se pasa la vida en la taberna local con su amigo íntimo Ed, discute con su madre y descuida a su novia, Liz. Cuando Liz le deja plantado. Shaun decide, finalmente, poner su vida en orden. Tiene que reconquistar el corazón de su novia, enmendar sus relaciones con su madre y enfrentarse a las responsabilidades de un adulto.",7.5,https://image.tmdb.org/t/p/w500/7TDWZVx599M0LVMAnvT3L2K0cCU.jpg
Arthur,Arthur the King,2024,"Aventura, Drama",107,"Basada en una historia real. Michael White es el capitán de un equipo que participa en una carrera de 700 km durante 10 días por las selvas de la República Dominicana. Durante esta épica carrera de resistencia, un perro callejero se les une, recorriendo con ellos algunos de los terrenos más difíciles del planeta. A medida que el equipo se ve empujado al límite de su resistencia en la carrera, Arthur redefine lo que realmente significan la victoria, la lealtad y la amistad.",7.542,https://image.tmdb.org/t/p/w500/q1DDwFuWeQlwR0lcjFiEsM8iRkd.jpg
Visual,दृश्यम्,2015,"Misterio, Suspense, Drama",163,"Vijay Salgaonkar es un hombre que tiene la vida que siempre ha deseado: ser jefe de la red de televisión por cable de una aldea remota en Goa, tener una esposa que le ama con devoción y dos hijas con las que puede mantener su tranquilidad. Durante años, Vijay ha labrado su propio camino hacia el éxito, con la esperanza de poder mantener una buena vida tanto para él como para su familia. Su obsesión por el mundo del cine es a veces preocupante, pero su vida se convertirá en una de ellas, cuando un adolescente desaparezca y le acusen de ser el culpable, pero ¿cómo arreglarlo?",7.542,https://image.tmdb.org/t/p/w500/gIClWRv5OSe8rl5Koi0AeUcCZ9Z.jpg
Ángeles con caras sucias,Angels with Dirty Faces,1938,"Crimen, Drama",97,"Un sacerdote presencia impotente cómo los niños marginados de su parroquia sucumben a las malas influencias de un criminal que fue compañero suyo de la infancia. Sin embargo, con el tiempo los dos hombres siguieron caminos muy diferentes: uno abrazó el sacerdocio y el otro se convirtió en un gángster.",7.542,https://image.tmdb.org/t/p/w500/4fVtXV9ERGSej3sSCyyQtE1rmBp.jpg
Tenemos que hablar de Kevin,We Need to Talk About Kevin,2011,"Drama, Suspense",112,"Adaptación de la novela homónima de Lionel Shriver. Eva, una mujer satisfecha consigo misma, es autora y editora de guías de viaje. Casada desde hace años con Franklin, un fotógrafo que trabaja en publicidad, decide, con casi cuarenta años y tras muchas dudas, tener un hijo. Así nacerá Kevin. Pero, ya desde el principio, empiezan a surgir dificultades...",7.541,https://image.tmdb.org/t/p/w500/7SJseOqWJFARnwrVl8EuiJMuxkX.jpg
Donnie Brasco,Donnie Brasco,1997,"Crimen, Drama, Suspense",125,"Basada en hechos reales, narra la historia del agente del FBI, Joe Pistone, que abandona temporalmente a su familia y se hace pasar por gángster, el joyero Donnie Brasco, y que para ser aceptado por los mafiosos debe probar su lealtad y su disposición para cometer crímenes. Para acceder al corazón de las actividades del clan de los Bonnano, Donnie se gana la confianza de Lefty Ruggiero, un cínico pistolero en decadencia que nunca consiguió entrar en las altas esferas del poder.",7.5,https://image.tmdb.org/t/p/w500/8ZtSStirIYiGF6HWjYTSWppo6c6.jpg
¿Quién engañó a Roger Rabbit?,Who Framed Roger Rabbit,1988,"Fantasía, Animación, Comedia, Crimen",104,"Hollywood, 1947. Eddie Valiant, un detective de poca monta, ha sido contratado para encontrar pruebas que demuestren que Marvin Acme, magnate del negocio de los artículos de broma y dueño de Toontown, está rondando a Jessica Rabbit, mujer fatal y esposa de la superestrella del Marron Cartoon, Roger Rabbit. Cuando Acme aparece asesinado, todas las pruebas apuntan a Roger, y el siniestro y ambicioso Juez Doom está decidido a condenarlo como sea. Roger suplica a Valiant que le ayude a encontrar al verdadero culpable, pero el asunto se irá complicando a medida que Eddie va descubriendo, escándalo tras escándalo, que la propia existencia de Toontown corre peligro.",7.5,https://image.tmdb.org/t/p/w500/cnqrMeXtoMQcId8swenqRQcbk0N.jpg
"Good bye, Lenin!","Good Bye, Lenin!",2003,"Comedia, Drama",121,"Berlín, octubre de 1989. Unos días antes de la caída del Muro, la madre de Alex, una mujer orgullosa de sus ideas comunistas, entra en coma. Cuando despierta ocho meses después, su hijo hará lo posible y lo imposible para que no se entere de que está viviendo en una Alemania reunificada y capitalista. Su objetivo es convertir el apartamento familiar en una isla anclada en el pasado, una especie de museo del socialismo en el que su madre viva cómodamente creyendo que nada ha cambiado.",7.5,https://image.tmdb.org/t/p/w500/32mQrRhkZofgMmGEHVNsTUHARWr.jpg
El renacido,The Revenant,2015,"Western, Drama, Aventura",156,"Durante una expedición en las tierras salvajes americanas, el legendario explorador Hugh Glass es brutalmente atacado por un oso y dado por muerto por los miembros de su propia partida de caza. En su cruzada por sobrevivir, Glass supera inimaginables tribulaciones, además de la traición de su confidente John Fitzgerald. Guiado por la pura determinación y el amor de su familia, Glass deberá superar un duro invierno mientras busca sin descanso un motivo para seguir adelante y encontrar la redención.",7.54,https://image.tmdb.org/t/p/w500/k3Jh7J5GGMx1lmr7qmynRxOvOK5.jpg
Expediente Warren: The Conjuring,The Conjuring,2013,"Terror, Suspense",112,"Basada en una historia real documentada por los reputados demonólogos Ed y Lorraine Warren. Narra los encuentros sobrenaturales que vivió la familia Perron en su casa de Rhode Island a principios de los 70. El matrimonio Warren, investigadores de renombre en el mundo de los fenómenos paranormales, acudieron a la llamada de esta familia aterrorizada por la presencia en su granja de un ser maligno.",7.54,https://image.tmdb.org/t/p/w500/sKuHxkCogdk6YWzTyXYPoo9qd9n.jpg
Capitán Phillips,Captain Phillips,2013,"Acción, Drama, Suspense",134,"En el año 2009, en aguas internacionales a 145 millas de la costa de Somalia, en el cuerno de África, el buque carguero “Maersk Alabama”, al mando del capitán de la marina mercante estadounidense Richard Phillips, fue abordado y retenido por piratas somalíes, siendo el primer barco norteamericano secuestrado en los últimos doscientos años.",7.539,https://image.tmdb.org/t/p/w500/mW3rSOoC99HX6tBUEU3j6Mn4d4H.jpg
El fantasma y la señora Muir,The Ghost and Mrs. Muir,1947,"Romance, Fantasía, Drama",104,"Lucy Muir es una joven viuda que decide irse a vivir a orillas del mar, a una casa encantada que perteneció al capitán Gegg, un marinero cuyo fantasma se le aparece. Al principio, el capitán utiliza los mismos trucos que le sirvieron para librarse de otros inquilinos, pero con Lucy no funcionan.",7.539,https://image.tmdb.org/t/p/w500/t88Pgtl4tC6Dki0GNfT58QhgjUq.jpg
En algún lugar del tiempo,Somewhere in Time,1980,"Drama, Fantasía, Romance",103,"Tras una representación teatral, Richard Collier, el autor, recibe un regalo de una anciana. Pasados unos años, Richard cree reconocer en el retrato de una antigua actriz a la enigmática dama, ya fallecida. La belleza y el encanto de la fotografía le subyugan de tal forma que, utilizando la hipnosis, se traslada a 1912, conoce a la artista y mantiene con ella un romance.",7.5,https://image.tmdb.org/t/p/w500/rrhVRksFy0XsUk7KW6t7L6EUlSq.jpg
Espartaco,Spartacus,1960,"Historia, Bélica, Drama, Aventura",184,"Hacia el año 75 antes de Cristo, un esclavo llamado Espartaco es vendido a una escuela de gladiadores donde le adiestran para combatir en la arena de los circos romanos. Pronto, Espartaco lidera una rebelión por el maltrato sufrido.",7.5,https://image.tmdb.org/t/p/w500/azXoEA108BvWjeKxIW9tfYlxY2I.jpg
Luz que agoniza,Gaslight,1944,"Suspense, Drama, Misterio, Crimen",114,"En la Inglaterra victoriana, una bella mujer (Ingrid Bergman) se casa con un famoso pianista (Charles Boyer). La felicidad desaparece cuando en la casa, donde años atrás se cometió un asesinato, la mujer empieza a oír extraños e inexplicables ruidos; mientras tanto, su marido la atormenta hasta hacerla creer que se está volviendo loca.",7.5,https://image.tmdb.org/t/p/w500/qP6fvUzqvdKioZ1IcgPPIylolJa.jpg
Hard Boiled,辣手神探,1992,"Acción, Suspense, Crimen",126,"El inspector Tequila Yuen (Chow Yun-Fat) es un duro policía encargado de detener una operación de contrabando de armas y de encontrar al asesino de su compañero. John Woo continúa con su personal estilo de violencia casi poética y tiroteos con ritmo en un thriller que cuenta con numerosos seguidores, toda una cinta de culto dentro del cine de acción. En España se estrenó en el año 1995, resultando un fracaso en taquilla.",7.538,https://image.tmdb.org/t/p/w500/thnIEwqbvBClQteznk99AilJgWG.jpg
Amor a quemarropa,True Romance,1993,"Acción, Crimen, Romance",120,"El joven y solitario Clarence está celebrando su cumpleaños como siempre lo hace, viendo películas de Kun-fú en un destartalado cine de Detroit, cunado una rubia explosiva, Alabama, hace su entrada en la sala derramando palomitas sobre él. De este incidente surgirá una loca aventura de amor que llevará a los dos jóvenes a vivir una verdadera noche de pasión. Alabama es en realidad una prostituta alquilada por el mejor amigo de Clarence como regalo de cumpleaños. Los dos jóvenes se enamoran y contraen matrimonio. Clarence intenta alejar a su mujer de la prostitución y se enfrenta con su chulo al ir a recoger las pertenencias de Alabama, pero al abrir la maleta se encuentran con una considerable cantidad de cocaína que utilizarán como esperanza para realizar todos lo sueños que han deseador.",7.538,https://image.tmdb.org/t/p/w500/6wPdBa1Nk70zUfDA7nKbDoynZM1.jpg
Seis Triple Ocho,The Six Triple Eight,2024,"Drama, Bélica, Historia",130,"855 mujeres se unieron a la guerra para solucionar el retraso de tres años de correo no entregado. Enfrentadas a la discriminación y a un país devastado por la guerra, consiguieron clasificar antes de tiempo más de diecisiete millones de piezas de correo.",7.537,https://image.tmdb.org/t/p/w500/qhY85nXwvYj5tVyqjzo4j97Mxlq.jpg
"Yo, él y Raquel",Me and Earl and the Dying Girl,2015,"Drama, Comedia",105,"Greg está pasando el último año del instituto de la forma más anónima posible, evitando las interacciones sociales, mientras secretamente hace extrañas películas con Earl, su único amigo. Pero todo comenzará a cambiar cuando su madre le obliga a hacerse amigo de una compañera de clase con leucemia.",7.537,https://image.tmdb.org/t/p/w500/tIBKWAZsP9NGMKnVC5N3RySvTfz.jpg
El luchador,The Wrestler,2008,"Drama, Romance",109,"Randy ""The Ram"" Robinson (Mickey Rourke) es un luchador profesional de wrestling que, tras haber sido una estrella en la década de los ochenta, trata de continuar su carrera en el circuito independiente, combatiendo en cuadriláteros de tercera categoría. Cuando se da cuenta de que los brutales golpes que ha recibido a lo largo de su carrera le empiezan a pasar factura, decide poner un poco de orden en su vida: intenta acercarse a Stephanie, la hija que abandonó (Evan Rachel Wood) y trata de superar la soledad con su amor por Cassidy, una streaper (Marisa Tomei).",7.537,https://image.tmdb.org/t/p/w500/hQpBhEHCFNYgakxpP6pAVB2k3fp.jpg
Al este del Edén,East of Eden,1955,Drama,115,"Un granjero californiano tiene dos hijos, Cal y Aron, de caracteres muy diferentes, pero ambos compiten por el cariño de su padre. La situación de Cal se complica cuando averigua que, en realidad, su madre no sólo no está muerta, sino que además regenta un local de alterne.",7.537,https://image.tmdb.org/t/p/w500/scR9IoLj0zGwR5d3yc0NyjsjYsw.jpg
Hotel Bombay,Hotel Mumbai,2019,"Suspense, Historia, Drama, Acción",125,"Bombay, 2008. Los huéspedes del hotel Taj Mahal Palace viven momentos de terror. Un grupo de terroristas paquistaníes invade el lugar y mantiene a las personas como rehenes durante 68 horas. Desesperados, un grupo de funcionarios y huéspedes toman coraje para intentar revertir la situación.",7.536,https://image.tmdb.org/t/p/w500/6xehGSPoQd4xpEqzUATzmQbZ5Q1.jpg
Godzilla vs. Kong,Godzilla vs. Kong,2021,"Acción, Ciencia ficción, Aventura",114,"Godzilla y Kong, dos de las fuerzas más poderosas de un planeta habitado por todo tipo de aterradoras criaturas, se enfrentan en un espectacular combate que sacude los cimientos de la humanidad. Monarch (Kyle Chandler) se embarca en una misión de alto riesgo y pone rumbo hacia territorios inexplorados para descubrir los orígenes de estos dos titanes, en un último esfuerzo por tratar de salvar a dos bestias que parecen tener las horas contadas sobre la faz de la Tierra.",7.5,https://image.tmdb.org/t/p/w500/yJTk4eqQd9Yo5REpFbTSOMkbSgn.jpg
"Al azar, Baltasar",Au hasard Balthazar,1966,Drama,95,"Baltasar es un burro que vive sus primeros años rodeado de la alegría y los juegos de los niños hasta llegar a la edad adulta, en que es utilizado como una bestia de carga y maltratado por sus diferentes amos.",7.535,https://image.tmdb.org/t/p/w500/nYKaxsYt4TPfttu1cXB6D1soPS5.jpg
Aguas oscuras,Dark Waters,2019,"Drama, Suspense",127,"Inspirada en una impactante historia real, un tenaz abogado descubre el oscuro secreto que conecta un número creciente de muertes inexplicables con una de las corporaciones más grandes del mundo. En el proceso, arriesga todo: su futuro, su familia y su propia vida, para sacar a la luz la verdad.",7.534,https://image.tmdb.org/t/p/w500/qqWh6R1bxntTrEDkgcGonwG0y14.jpg
El libro de la vida,The Book of Life,2014,"Animación, Familia, Fantasía",95,"La película cuenta el viaje de Manolo, un joven torero que se debate entre cumplir con las expectativas de su familia o seguir su corazón y dedicarse a su verdadera pasión: la música. Antes de escoger el camino que seguirá, emprende una aventura recorriendo tres mundos fantásticos, donde tendrá que superar sus peores miedos.",7.534,https://image.tmdb.org/t/p/w500/k669nOalwu7NKhW7aWNJKN7Nxvi.jpg
La redada,La Rafle,2010,"Drama, Historia, Bélica",145,"En la noche del 16 de julio de 1942, 4.500 gendarmes del gobierno colaboracionista del Mariscal Pétain, que había firmado un pacto con Hitler y aceptado la ocupación de Francia por el ejército alemán, procedieron en París a una gigantesca redada, en la que 13.152 judíos fueron arrestados y posteriormente encerrados, en condiciones infrahumanas, en el Velódromo de invierno. Estaba previsto detener a 27.391 judíos, pero, aunque la mayoría de los franceses fueron colaboracionistas, una minoría participó en la Resistencia, tanto pasiva como activa, frente al invasor. La desobediencia civil de muchos ciudadanos y de algunos funcionarios permitió escapar a buena parte de los que habían sido previamente fichados y marcados con la estrella amarilla.",7.5,https://image.tmdb.org/t/p/w500/lOdCWmLO2v9qmzGJVbVP5aqU8Ur.jpg
Dragon Ball Z: ¡El renacimiento de la fusión! Goku y Vegeta,ドラゴンボールZ 復活のフュージョン!! 悟空とベジータ,1995,"Animación, Acción, Ciencia ficción",50,"Jamás un accidente laboral había tenido consecuencias tan catastróficas. En el Más Allá, el joven demonio encargado de la caldera donde se purifican las almas se distrae en el trabajo y libera toda la energía maléfica acumulada de golpe provocando un desastre de proporciones incalculables. En la Tierra, antiguos enemigos comienzan a levantarse de sus tumbas provocando el caos, mientras el accidente convierte al joven demonio en el espantoso Janemba.",7.534,https://image.tmdb.org/t/p/w500/wvmQYjg5Nwoeq17IlgvihUa3qfT.jpg
Bāhubali: The Beginning,బాహుబలి:ద బిగినింగ్,2015,"Acción, Drama",159,Una disputa entre hermanos que se extiende a través de dos generaciones. Esta es la primera parte de un drama contado en dos partes. La primera parte muestra los hermanos Baahubali y Bhallaladeva luchando por el trono del reino Mahishmathi.,7.5,https://image.tmdb.org/t/p/w500/jYnLA3fA05OZ6YVepV8qjnfu484.jpg
La montaña sagrada,La montaña sagrada,1973,Drama,114,"Un maestro mexicano lleva una figura de Cristo y otros discípulos a una montaña de sabios inmortales. El escándalo del Festival de Cine de Cannes de 1973, la inundación de imágenes sacrílegas y simbolismo existencial de Alejandro Jodorowsky en The Holy Mountain es una búsqueda espiritual de la iluminación que enfrenta la ilusión de la verdad. El Alquimista (Jodorowsky) reúne a un grupo de personas de todos los ámbitos de la vida para representar a los planetas en el sistema solar. La intención del adepto oculto es someter a sus reclutas a extraños ritos místicos y despojarlos de su equipaje mundano antes de embarcarse en un viaje a la isla de Lotus. Allí ascienden la Montaña Sagrada para desplazar a los dioses inmortales que gobiernan secretamente el universo.",7.5,https://image.tmdb.org/t/p/w500/pJcn7ChZBP1h6w97gprxg0h7lGQ.jpg
Anónima,Anónima,2021,"Drama, Romance",101,"Después de que un mensaje de texto accidental se convierte en una amistad digital, Vale y Alex comienzan a enamorarse sin darse cuenta de que se conocieron en la vida real.",7.532,https://image.tmdb.org/t/p/w500/1MfTZQPSC3XsSt4T8LtagnJtKHq.jpg
Lou,Lou,2017,"Familia, Fantasía, Animación, Comedia",6,"Cuando un ladrón de juguetes arruina el recreo en un jardín de infancia, sólo hay una cosa que se interpone en su camino: la caja de objetos perdidos.",7.532,https://image.tmdb.org/t/p/w500/4l9wSwvabTefMJ3TkXnh9evzmVV.jpg
Veloz como el viento,Veloce come il vento,2016,"Drama, Acción",120,"La familia De Martino siempre ha tenido la pasión por los motores corriendo por sus venas. Mario, el cabeza de familia, se ve forzado a despejar el camino para la muy joven y talentosa Giulia, su hija. A ella se unirá su hermano mayor Loris, ex-piloto, poco fiable ahora pero que conserva un agudísimo sentido para trayectorias y motores. Juntos deberán regresar a la carrera, mientras intentan escapar de sus propios demonios y aprenden lo que significa y lo duro que puede llegar a ser el ser una familia.",7.532,https://image.tmdb.org/t/p/w500/nicStobkEYh9iJO6CC3UqolQRsK.jpg
Nacido gafe,Il secondo tragico Fantozzi,1976,Comedia,110,"Secuela de ""Desventuras de un funcionario"". Fantozzi, un gris contable de una gran empresa, es un hombre bajito y apocado que lleva una boina negra. Tanto sus superiores como sus compañeros lo maltratan y le hacen la vida imposible.",7.532,https://image.tmdb.org/t/p/w500/aXGUEPB9TzN9yFOzkdS9NTcge99.jpg
Las consecuencias del amor,Le conseguenze dell'amore,2004,"Drama, Suspense",100,"Lugano, Suiza. Titta Di Girolamo es un hombre discreto y huraño que vive desde hace casi una década en una modesta habitación de hotel, prisionero de una rutina atroz, aparentemente sin propósito. Su pasado es un misterio, nadie sabe a qué se dedica, responde con evasivas a preguntas indiscretas. ¿Qué secretos esconde este hombre enigmático?",7.532,https://image.tmdb.org/t/p/w500/t0XVeHY5MltYhBUg4vEkKtW4vkv.jpg
Armas invencibles (Police Story),警察故事,1985,"Acción, Crimen, Comedia",101,Kevin es un policía de Hong Kong que se enfrenta a una difícil misión: debe atrapar al capo de la droga del país. Pero para condenar al criminal solo hay una testigo que puede incriminarle y Kevin es el único que puede protegerla. Evidentemente todos los criminales a las órdenes del capo intentarán matar a la testigo y a su guardaespaldas,7.531,https://image.tmdb.org/t/p/w500/cowPjNTci3mXasaXp0j9o54VqAW.jpg
Fue la mano de Dios,È stata la mano di Dio,2021,Drama,130,"La historia semiautobiográfica de la mayoría de edad de Fabietto Schisa, un niño del Nápoles de la década de 1980 cuyos años de adolescencia están marcados por alegrías inesperadas como la llegada de la leyenda del fútbol Diego Maradona, y una tragedia igualmente inesperada. El destino juega su papel, la alegría y la tragedia se entrelazan, y el futuro de Fabietto se pone en marcha en una historia de familia, deportes y cine, amor y pérdida.",7.531,https://image.tmdb.org/t/p/w500/u6m207hARVTifCHOuRebXRzRt43.jpg
Los tipos malos,The Bad Guys,2022,"Acción, Animación, Comedia, Crimen, Familia",100,"Cinco villanos notorios: el Sr. Lobo, Sr. Serpiente, Sr. Piraña, Sr. Tiburón y Srta. Tarántula, que han pasado toda una vida juntos realizando grandes atracos.",7.531,https://image.tmdb.org/t/p/w500/czxHSOXyKd6zEvIOvUTxAwqOjcK.jpg
The Seven Deadly Sins: Prisioneros del cielo,劇場版 七つの大罪 天空の囚われ人,2018,"Acción, Aventura, Fantasía, Animación",99,"Los Siete Pecados Capitales viajan a una tierra remota en busca del ingrediente fantasma “Pez de Cielo”. Meliodas y Hawk terminan en Sky Palace que existe sobre las nubes, donde todos los residentes tienen alas. Meliodas es confundido con un chico que cometió un crimen y es arrojado a la cárcel. Mientras tanto, los residentes están preparando la de defensa contra una bestia feroz que se despierta una vez cada 3.000 años. Pero los Seis Caballeros de Negro, un ejército del Clan Demonio, llegan y quitan el sello a la bestia antes que los residentes de Sky Palace puedan prepararse.",7.531,https://image.tmdb.org/t/p/w500/b53udDM3OefpABNIOv32XlFjMGG.jpg
Pandora,판도라,2016,"Suspense, Drama, Acción",136,"Jae-Hyeok es un empleado de una deteriorada planta de energía nuclear en Corea que avisa al gobierno sobre las malas condiciones de su lugar de trabajo, aunque nadie le escucha. Un día, la planta se ve sacudida por un terremoto y causa numerosas explosiones. Con la ciudad en estado de pánico, Jae-Hyeok, en vez de huir con su familia, vuelve a la planta nuclear para evitar que todo el país vuele por los aires.",7.531,https://image.tmdb.org/t/p/w500/240jrdp9O7Q2YfXxswBgHHY3npQ.jpg
X-Men: Días del futuro pasado,X-Men: Days of Future Past,2014,"Acción, Aventura, Ciencia ficción",130,"Ambientada en la década de los 70, los miembros de la famosa Patrulla X tendrán que evitar un futuro apocalíptico en el que los mutantes luchan por sobrevivir en campos de concentración controlados por los temibles Centinelas. Para ello, los héroes del universo Marvel deberán unificar sus fuerzas dejando a un lado la creciente enemistad de los bandos liderados por Charles Xavier y Magneto. Trask Industries, la empresa encargada de crear a estos gigantescos cazamutantes, será el origen de todos sus problemas. Tan sólo viajando en el tiempo podrán impedir la masacre que se avecina. ¿Serán capaces nuestros héroes de derrocar a la multinacional y evitar así el exterminio de su especie?",7.531,https://image.tmdb.org/t/p/w500/ggb9nmS5alJuA0ll0iU5YHiGbb0.jpg
El canto del lobo,Le Chant du loup,2019,"Suspense, Acción, Aventura",116,"Ante una inminente guerra nuclear, un militar experto en acústica submarina debe demostrar con la ayuda de su oído, que las cosas no son como parecen ni como suenan.",7.53,https://image.tmdb.org/t/p/w500/7WUml6AgappSOAU8Frkh9cpjXSd.jpg
Millennium 1: Los hombres que no amaban a las mujeres,Män som hatar kvinnor,2009,"Drama, Suspense, Crimen, Misterio",158,"Un rico industrial llamado Henrik Vanger contrata al periodista Mikael Blomqvist para que averigüe qué fue de su sobrina Harriet, que desapareció sin dejar rastro hace 40 años. Adaptación al cine de la primera parte de la trilogía ""Millenium"" del escritor sueco Stieg Larsson.",7.53,https://image.tmdb.org/t/p/w500/uzG01EgpRvB5Nk0HtM54YAlePjP.jpg
Bianca,Bianca,1984,"Drama, Comedia, Misterio",96,"Michele (Nanni Moretti) es un profesor de matemáticas que acaba de conseguir un nuevo trabajo en un colegio. Tras el asesinato de una mujer en su barrio, Michele conoce a Bianca (Laura Morante), una atractiva compañera de trabajo. (FILMAFFINITY)",7.5,https://image.tmdb.org/t/p/w500/lnXZLkJ3MFgAFAiyVJGfTUykNkU.jpg
My Sassy Girl,엽기적인 그녀,2001,"Drama, Comedia, Romance",123,"Gyeon-woo es un estudiante coreano que no esta muy seguro de lo que quiere hacer en el futuro. Una noche, de regreso a casa, conoce a una preciosa chica pero que esta completamente bebida. Como la chica se dirigió a él antes de caer inconsciente, la gente que los rodea cree que son novios. No le queda más remedio que ayudar a la chica, por lo que decide dejarla a un motel, ya que no sabe donde vive. A la mañana siguiente, Gyeon-woo recibe una llamada de la misteriosa chica que esta muy enfadada con él y quiere saber que ocurrió la pasada noche. Así se conocen y desde entonces Gyeon-woo y la chica se convierten en buenos amigos, pero de una forma extraña.",7.53,https://image.tmdb.org/t/p/w500/iF9L9eMDIaKqRZ8nBl9UKnnqrzL.jpg
Sympathy for Lady Vengeance,친절한 금자씨,2005,"Drama, Suspense",115,"Kum-ja es una joven que ha pasado trece años en prisión acusada del secuestro y el asesinato de un niño de 6 años. Un crimen que conmocionó a la opinión pública, tanto por la brutalidad del mismo como por los veinte años con los que contaba entonces la acusada. Cumplida su pena, Geum-ja sólo tiene una cosa en mente: venganza... Última parte de la trilogía de la venganza de Chan-wook Park, tras ""Sympathy For Mr. Vengeance"" y ""Oldboy"".",7.5,https://image.tmdb.org/t/p/w500/sC6m0esgO8pqVjrapPyfoTsQXgD.jpg
Zodiac,Zodiac,2007,"Crimen, Misterio, Suspense",158,"El Asesino del Zodiaco mató, entre 1966 y 1978, a numerosas personas en San Francisco, al tiempo que enviaba a los medios de comunicación cartas con pistas. La acción se centra en las largas pesquisas de dos detectives que intentaron darle caza y en las investigaciones de dos periodistas que trataron de averiguar su identidad...",7.53,https://image.tmdb.org/t/p/w500/gmoypdRU7rCJZZrZFKGirONbgrI.jpg
Moulin Rouge,Moulin Rouge!,2001,"Drama, Romance, Música",127,"París, alrededor de 1900. El mundo ha sido conquistado por la revolución de Bohemia. Satine, la estrella más rutilante del Moulin Rouge, encandila a toda la ciudad con sus bailes llenos de sensualidad y su enorme belleza. Atrapada entre el amor de Christian, un joven escritor, y la obsesión del duque, lucha por hacer realidad su sueño de convertirse en actriz. Pero, en un mundo en el que vale todo excepto enamorarse, nada es fácil.",7.53,https://image.tmdb.org/t/p/w500/hE7ovWkqKzPmgrXZhLRIA20Hx6F.jpg
"Kenshin, el guerrero samurái",るろうに剣心,2012,"Aventura, Acción, Fantasía, Bélica, Historia",134,"Kenshin Himura (Takeru Sato) es un famoso samurái conocido por su destreza con la katana y su frialdad a la hora de matar. En el pasado estuvo al servicio de los Ishin Shishi, un grupo de patriotas que luchaban para devolver el poder al Emperador, librando cientos de batallas y cobrándose muchas vidas. Pero tras terminar todos los enfrentamientos, jura no volver a matar y decide pasar al anonimato para dedicarse a viajar por el país como un vagabundo ayudando a quien lo necesite, como penitencia por todas las muertes que provocó. Diez años después, en 1878, Kenshin llega a Tokio donde conoce a Kaoru (Emi Takei), quien le invita a quedarse en su dojo hasta que decida volver a vagabundear. Sin embargo, el pasado que Kenshin intentó dejar atrás pronto volverá para cobrarse venganza contra él. Adaptación del manga de Nobuhiro Watsuki.",7.529,https://image.tmdb.org/t/p/w500/1xXl8FefyjfGk3TIPQhsHV40ulS.jpg
El cuervo,Le Corbeau,1943,"Misterio, Drama, Suspense",92,"En St. Robin, Francia, la paz del pueblo comienza a perturbarse cuando, el Dr. Rémy Germain, comienza a recibir anónimos firmados como El Cuervo, en los que se le exige que rompa su relación con Laura Vorzet, esposa del psiquiatra de la misma institución. Pronto, las misivas comienzan a señalar las faltas de muchos otros personajes del pueblo y se vuelve urgente descubrir quien está detrás de esta conspiración.",7.528,https://image.tmdb.org/t/p/w500/wXNxuQI2VUOAGmW7GZm5JtWo8by.jpg
Teen Titans Go! vs. Teen Titans,Teen Titans Go! vs. Teen Titans,2019,"Acción, Animación, Comedia, Familia, Fantasía, Ciencia ficción",75,"El quinteto cómico de hoy en día se enfrenta a sus contrapartes de 2003 cuando los villanos de cada uno de sus mundos unen fuerzas para enfrentar a los dos equipos de Titán. Tendrán que dejar de lado sus diferencias y trabajar juntos para combatir a Trigon, Hexagon, Santa Claus (¡es cierto, Santa!) Y el tiempo para salvar el multiverso.",7.527,https://image.tmdb.org/t/p/w500/7vN3qU5i1gJXHulz9d95YhwaU3q.jpg
Serpico,Serpico,1973,"Crimen, Drama, Historia",129,"Años 70. Relato biográfico sobre Frank Serpico, un policía íntegro, de principios incorruptibles que, a diferencia de sus colegas, nunca se dejó sobornar y, precisamente por ello, siempre tuvo problemas con sus compañeros de profesión y se vio expuesto a situaciones muy peligrosas.",7.527,https://image.tmdb.org/t/p/w500/wrtRPZcMPDdHyRMP8akf6QxRDPS.jpg
"Adiós, muchachos",Au revoir les enfants,1987,"Drama, Bélica",104,"Au revoir les enfants cuenta una historia desgarradora de amistad y pérdida devastadora de dos niños que viven en la Francia ocupada por los nazis. En un internado católico provincial, los jóvenes precoces disfrutan de una verdadera camaradería, hasta que se revela un secreto. Basada en eventos de la propia infancia del escritor y director Malle, la película es una historia sutil, observada con precisión, de coraje, cobardía y trágico despertar.",7.527,https://image.tmdb.org/t/p/w500/kRaOBKedKZjl9hPFwR7QmkjQH9N.jpg
La chica salvaje,Where the Crawdads Sing,2022,"Drama, Misterio, Romance",126,Una mujer que se crió en las marismas del sur profundo se convierte en sospechosa del asesinato de un hombre con el que una vez estuvo involucrada.,7.526,https://image.tmdb.org/t/p/w500/fmKCI3tweszvv1S7MoK0OCWsvht.jpg
La canción de mi padre,I Can Only Imagine,2018,"Música, Drama",110,"La historia real de la aclamada canción ""I Can Only Imagine"", la canción cristiana contemporánea más escuchada de todos los tiempos, compuesta por el cantante Bart Millard, de la banda cristiana MercyMe, basado en su propia vida.",7.526,https://image.tmdb.org/t/p/w500/ipAe6in3Pqr4Jnt454liUu7z5b2.jpg
Azulado,The Blue Umbrella,2013,"Animación, Romance",6,"En un día lluvioso de una gran ciudad, un paraguas azul que está roto y abandonado se enamora de un precioso paraguas rojo.",7.526,https://image.tmdb.org/t/p/w500/x9HhHm3slEVTxALJuCMYRmjpFnF.jpg
Mi pie izquierdo,My Left Foot: The Story of Christy Brown,1989,Drama,103,"Christy Brown es un enfermo de parálisis cerebral, nacido en el seno de una numerosa y mísera familia irlandesa. Su madre es la única que lo ve como un chico con talento y sensibilidad. Con el tiempo, Christy se revela como un irascible pero talentoso escritor y pintor, que utiliza su pie izquierdo -la única parte de su cuerpo que tiene motricidad- como instrumento.",7.5,https://image.tmdb.org/t/p/w500/zhBhzNvUbIqjl2xDmwuTPmDNwYi.jpg
La aventura,L'avventura,1960,"Drama, Misterio, Romance",98,"Anna, una rica joven romana, su novio y Claudia, su mejor amiga, se embarcan en un crucero veraniego entre las escarpadas islas sicilianas...",7.5,https://image.tmdb.org/t/p/w500/oRmjYWt71G3APM56rfrfEoYO6Aj.jpg
La historia de Souleymane,L'Histoire de Souleymane,2024,Drama,92,"Mientras pedalea por las calles de París para repartir comida, Souleymane repite su historia. En dos días deberá pasar la entrevista de solicitud de asilo, clave para obtener los papeles. Pero Souleymane no está preparado. Una mirada realista a la estresante cotidianidad de un inmigrante guineano, con la que Abou Sangare ganó el premio de mejor actor en Cannes (Un Certain Regard) y Gijón. Urgente y cruda, hará las delicias de los fans del cine de los Dardenne.",7.5,https://image.tmdb.org/t/p/w500/p5b8aNWopnUxORdHcmHP7WttEQO.jpg
La colina de las amapolas,コクリコ坂から,2011,"Animación, Drama",91,"Umi Matsuzaki es una chica de instituto que cuida a sus dos hermanos y, en ausencia de su madre, administra un albergue de estilo occidental, el Coquelicot Manor, cercano al mar. La chica compagina tranquilamente sus responsabilidades con su vida escolar junto a Shun Kazama, miembro del club de periodismo, y Shiro Mizunuma, presidente del consejo de estudiantes.",7.524,https://image.tmdb.org/t/p/w500/lW5P1iWiMhatviKXV32J9iiMfF4.jpg
Chacal,The Day of the Jackal,1973,"Acción, Suspense",143,"La OAS, un grupo ultra francés, contrata a un asesino profesional, cuya verdadera identidad nadie sabe, conocido como Chacal para que acabe con la vida del general De Gaulle, Presidente de la República Francesa. La policía francesa descubre el plan e inicia una operación contrarreloj para localizar y detener al asesino.",7.524,https://image.tmdb.org/t/p/w500/5ocSLBdyVGv34tain3zdeggmW1h.jpg
Las aventuras de Pinocho,Le avventure di Pinocchio,1972,"Fantasía, Drama, Familia, Comedia",135,"Adaptación televisiva del cuento de Pinocho. En el siglo XIX, en un pueblo toscano, un pobre carpintero llamado Geppetto construye un títere al que llama Pinocho, el cual, sorprendentemente empieza a moverse y hablar por su cuenta. Una noche, un hada se aparece a Pinocho y le promete que algún día podrá ser un niño de carne y hueso. Para su estreno en cines se redujo el montaje a 134 minutos.",7.523,https://image.tmdb.org/t/p/w500/9D02hsrYot66bUyaVDBo1bzj3lM.jpg
Narciso negro,Black Narcissus,1947,Drama,100,"Un grupo de monjas occidentales abre un hospital en un antiquísimo templo del Himalaya. A las dificultades económicas y a la hostilidad de los nativos, pronto se suman las tensiones entre las propias monjas. Un agente británico intentará mediar entre ellas para solucionar sus problemas, pero su presencia acabará despertando, con consecuencias fatales, la sexualidad reprimida de algunas hermanas.",7.523,https://image.tmdb.org/t/p/w500/aUmLauQIQa2vkjjnlx7aeMozMZG.jpg
El cuervo,The Crow,1994,"Fantasía, Acción, Suspense",102,"Eric Draven y Shelly Websyter están a punto de casarse, pero la noche antes del enlace son asesinados brutalmente. Un año después, el alma de Eric vuelve a la Tierra en forma de cuervo para vengarse.",7.523,https://image.tmdb.org/t/p/w500/ywQsxaKU3BTT0UMq134qsU9n4IT.jpg
El maquinista,The Machinist,2004,"Suspense, Drama",101,"Trevor Reznik, un empleado de una fábrica, padece desde hace tiempo un grave problema de insomnio, un mal que él esconde y que le provoca serias alucinaciones. Trevor no duerme desde hace un año. La fatiga le ha comportado un horrible deterioro de su condición física y su salud mental. Repelidos por su aspecto físico, sus compañeros de trabajo primero le evitan, y después se volverán contra él cuando uno de ellos pierde un brazo en un incidente en el que Trevor se ve involucrado.",7.523,https://image.tmdb.org/t/p/w500/2z6jtS2dVTbM73USNEewBh7kwX3.jpg
Training Day (Día de entrenamiento),Training Day,2001,"Acción, Crimen, Drama",121,"Todos los días, en las calles de las zonas urbanas deprimidas de los Estados Unidos se libra una guerra; una guerra entre residentes, traficantes de droga y los que han jurado proteger a unos de los otros. Esta guerra tiene sus víctimas y sus verdugos, y una de sus figuras más importantes es el sargento Alonzo Harris, un agente de narcóticos con 13 años de experiencia cuyos discutibles métodos hacen difusa la línea entre la legalidad y la corrupción. Jake Hoyt, un joven policía recién asignado a narcóticos, comienza sus rondas a las órdenes de Alonzo para aprender de él.",7.523,https://image.tmdb.org/t/p/w500/nagh5PjkfBnDf5SKXyHupWu4yod.jpg
"La Patrulla Canina, poderosa patrulla",PAW Patrol: Mighty Pups,2018,"Aventura, Animación, Familia, Acción",42,"Cuando su último plan sale mal, el alcalde Humdinger y su sobrino Harold desvían accidentalmente un meteoro hacia Adventure Bay. La energía dorada del meteoro otorga superpoderes a la Patrulla Canina. Los heroicos Mighty Pups están en racha para salvar el día.",7.522,https://image.tmdb.org/t/p/w500/tHcVkfjPZ8bocEV3tsZtdpln9Az.jpg
Cold Eyes,감시자들,2013,"Crimen, Acción, Suspense",119,Un equipo de vigilancia de la policía intentará atrapar a un grupo de despiadados ladrones de bancos. (FILMAFFINITY),7.5,https://image.tmdb.org/t/p/w500/u6f8gYPI7UN7vKZwcQDwjtDSVQf.jpg
Marionetas,ドールズ,2002,"Drama, Romance",114,"Tres historias de amor y dolor: Sawako y Matsumoto eran una pareja feliz, pero las presiones de sus entrometidos padres les obligarán a tomar una decisión vital. Hiro es un anciano jefe de la yakuza (mafia japonesa). Treinta años antes, cuando era un pobre trabajador de una fábrica, abandonó a su amada novia para cumplir sus sueños de prosperidad. Ahora vuelve al parque donde ambos se encontraban. Haruna se pasa parte del tiempo mirando al mar, su bello rostro está ahora cubierto de vendas. No hacía mucho tiempo, ella era una cantante de pop de éxito que vivía entre shows de televisión y sesiones de autógrafos.",7.522,https://image.tmdb.org/t/p/w500/gEI8JJPayOrdfy0AjdWQ92A90cc.jpg
Black Phone,The Black Phone,2022,"Terror, Suspense",102,"En una ciudad de Colorado, en los años 70, un enmascarado secuestra a Finney Shaw, un chico tímido e inteligente de 13 años, y le encierra en un sótano insonorizado donde de nada sirven sus gritos. Cuando un teléfono roto y sin conexión empieza a sonar, Finney descubre que a través de él puede oír las voces de las anteriores víctimas, las cuales están decididas a impedir que Finney acabe igual que ellas.",7.521,https://image.tmdb.org/t/p/w500/eVgRJqGCWmI5DlIOoHnP2G77PSO.jpg
El profesor de persa,Persian Lessons,2020,"Bélica, Drama",127,"Francia, 1942. Gilles es arrestado por soldados de las SS junto con otros judíos y enviado a un campo de concentración en Alemania. Allí consigue evitar la ejecución al jurar a los guardias que no es judío, sino persa. Gracias a esta artimaña, Gilles consigue mantenerse con vida, pero tendrá que enseñar un idioma que no conoce a uno de los oficiales del campo, interesado en aprenderlo. Al tiempo que la relación entre ellos aumenta, las sospechas de los soldados van en incremento.",7.5,https://image.tmdb.org/t/p/w500/9qsERRWT76TPm23BIKgcoHu4xeg.jpg
El hombre invisible,The Invisible Man,1933,"Terror, Ciencia ficción",71,Adaptación de una novela de H.G. Wells sobre un hombre que posee la facultad de hacerse invisible.,7.521,https://image.tmdb.org/t/p/w500/hW9zHASawkDleUH0pzKKUvqpnhD.jpg
Cowboy de medianoche,Midnight Cowboy,1969,Drama,113,"Soñando con una vida como cowboy de exhibición, el joven e ingenuo tejano Joe Buck se encamina hacia la ciudad de Nueva York para convertirse en un gigoló, pero pronto descubre que ese mundo no es como él se imaginaba. Sin dinero y sin amigos, conoce a Rico ""Ratso"" Rizzo, un timador que le quiere estafar.",7.521,https://image.tmdb.org/t/p/w500/czwhpcAa17QqUextesRPp9YFKLC.jpg
La novia de Frankenstein,Bride of Frankenstein,1935,"Terror, Ciencia ficción",75,"Después de la huida del monstruo creado por el doctor Frankenstein, el siniestro Dr. Praetorius propone al científico la creación de una compañera para el monstruo.",7.52,https://image.tmdb.org/t/p/w500/7FZPVHG3Llotb1rUzHWouSzevYV.jpg
Cómo robar un millón y...,How to Steal a Million,1966,"Comedia, Crimen, Romance",123,"El padre de Nicole, un legendario coleccionista de arte, presta su preciada Venus de Cellini a un prestigioso museo parisino. Pero la Venus no es auténtica, la ha esculpido su abuelo, que era un falsificador lo mismo que su padre. Antes de que se descubra la estafa, Nicole contrata los servicios de Simon Demott, un ladrón de guante blanco, para robar el original.",7.52,https://image.tmdb.org/t/p/w500/wqDia2EJwKBza4WWcGwh6jVuiZ9.jpg
Lady Snowblood,修羅雪姫,1973,"Acción, Crimen, Drama",97,"Una jovencita llamada Yuki Kashima, nació en la cárcel en una fría noche como instrumento de una venganza, ya que su padre, fue brutalmente asesinado al ser confundido con un asesino del gobierno Meiji, suerte que también compartió su pequeño hermano. Su madre logró vengarse de uno de los asesinos, pero por ese asesinato fue condenada a cadena perpetua y para continuar su venganza, se dedicó a acostarse con todos los presos y carceleros que pudo, hasta conseguir quedar embarazada para que su hijo (que resultó ser hija) terminase la venganza por ella. Saya murió al dar a luz a la pequeña Yuki, que fue educada y brutalmente entrenada por el monje Dokai.",7.5,https://image.tmdb.org/t/p/w500/rj9cdZuEaaJnWT6ZXrP4VqZW3gI.jpg
El cuerpo,El cuerpo,2012,"Suspense, Misterio",107,"El cadáver de una mujer ha desaparecido misteriosamente de una morgue de Barcelona. Nadie sabe quién se lo ha llevado, ni por qué, ni qué quiere hacer con él. El inspector Jaime Peña (José Coronado) se pone manos a la obra para intentar resolver el misterio. Es un hombre temperamental, con muchos años de experiencia, pero también de hastío. Contará con la ayuda del viudo de la mujer, Álex Ulloa (Hugo Silva), un hombre que ahora parece estar bajo la influencia de la ricachona Mayka Villaverde (Belén Rueda).",7.519,https://image.tmdb.org/t/p/w500/kN0Qh860I0MxmojG6lNRFkhB7C3.jpg
Vive como quieras,You Can't Take It with You,1938,"Comedia, Romance",126,"Alice Sycamore, la única persona con un poco de cordura en una familia llena de lunáticos, se enamora de su jefe, Tony Kirby, que pertenece a una familia muy rica y muy cursi. La diferencia entre el estilo de vida y la mentalidad de ambas familias se agudizan cuando los padres de él van a cenar a casa de ella, y la cena termina con la llegada de la policía y la detención de todos los presentes, acusados de anarquistas.",7.519,https://image.tmdb.org/t/p/w500/bUuhW2Orm1TnYnCPhUBFOz8ddEv.jpg
La semilla de la higuera sagrada,Les Graines du figuier sauvage,2024,"Drama, Suspense, Crimen",166,"El juez de instrucción Iman se enfrenta a la paranoia en medio de la inestabilidad política en Teherán. Cuando su arma desaparece, sospecha de su esposa y sus hijas, e impone medidas draconianas que tensan los lazos familiares mientras las reglas sociales se desmoronan.",7.518,https://image.tmdb.org/t/p/w500/bgC1JHnjq1bdOsi0HNhodiT4SN2.jpg
Redline,レッドライン,2009,"Animación, Acción, Ciencia ficción",102,"Un campeonato automovilístico mortal sirve como premisa a un anime japonés inédito en España, con un ritmo endiablado y un impresionante estilo visual, diferente al habitual en este tipo de trabajos.",7.518,https://image.tmdb.org/t/p/w500/xjwGQJr4ycbfu7jfhOUDxjyrrmL.jpg
El hombre de Alcatraz,Birdman of Alcatraz,1962,"Drama, Crimen, Historia",147,"Robert Stroud es un preso conflictivo que ha sido condenado a cumplir una pena de doce años en una celda incomunicada. Cierto día comienza a cuidar a un pájaro herido que encuentra en la ventana de su celda y, a partir de entonces, descubre que su verdadera vocación es el estudio y la cría de aves.",7.5,https://image.tmdb.org/t/p/w500/z3p2McTyjfEbsYozM67neLH5uPO.jpg
Anatomía de una caída,Anatomie d'une chute,2023,"Suspense, Misterio, Crimen",150,"Sandra, una escritora alemana, vive con su marido Samuel y su hijo ciego, Daniel, en un chalé en medio de los Alpes franceses. Cuando Samuel fallece en misteriosas circunstancias, la investigación no puede determinar si se trata de un suicidio o de un homicidio. Sandra es arrestada y juzgada por asesinato, y el proceso pone su tumultuosa relación y su ambigua personalidad en el punto de mira.",7.517,https://image.tmdb.org/t/p/w500/vGzjaQyv4NPjhgI0hHmKXz3Orjs.jpg
Padre no hay más que uno 2: la llegada de la suegra,Padre no hay más que uno 2: la llegada de la suegra,2020,"Comedia, Familia",96,"El éxito del asistente virtual Conchy, desarrollado por Javier, le ha valido un lugar favorable en la sala de chat de los padres, hasta que algo inesperado lo arruina todo.",7.5,https://image.tmdb.org/t/p/w500/7MjODwcPV5tAEa1zlje9N4gReGS.jpg
La llamada de lo salvaje,The Call of the Wild,2020,"Aventura, Familia, Drama",105,"Cuenta la historia vibrante de Buck, un perro grande y de buen corazón, un cruce entre un San Bernardo y un Scotch Collie, cuya despreocupada vida de ocio se alteró repentinamente cuando fue robado de su hogar en el condado de Santa Clara, California y llevado a Dawson City, Yukon, a fines de la década de 1890 durante la fiebre del oro, cuando los fuertes perros de trineo tenían una gran demanda. Como un recién llegado al servicio de entrega del equipo de perros, Buck está teniendo el momento de su vida. Obligado a luchar para sobrevivir, finalmente es llevado por su último propietario, John Thornton, a la proximidad del Círculo Polar Ártico, en algún lugar entre Yukon y Alaska, donde depende progresivamente de sus instintos primarios, se deshace de las comodidades de la civilización y responde ""al llamado salvaje"", convirtiéndose en su propio maestro.",7.517,https://image.tmdb.org/t/p/w500/2KlzkeqqmXaDdXo7D6pq7qQLJoM.jpg
"Brutos, sucios y malos","Brutti, sporchi e cattivi",1976,"Comedia, Drama",115,"El viejo Giacinto vive en los arrabales de una gran ciudad italiana con su esposa, hijos, nueras y nietos. En total casi veinte personas en la misma chabola. Casi todos los miembros de la familia son extremadamente egoístas, y sólo quieren el dinero que guarda afanosamente el padre de familia, un hombre huraño y tan miserable como los demás. Todos tratan de ganarse la vida, aunque algunos necesitan parte del dinero del padre para subsistir.",7.517,https://image.tmdb.org/t/p/w500/1pJhtC0OVCziaZpHE5aN8UiRzAh.jpg
E.T. el extraterrestre,E.T. the Extra-Terrestrial,1982,"Aventura, Ciencia ficción, Familia",115,"Un pequeño ser de otro planeta se queda abandonado en la Tierra cuando su nave se marcha olvidándose de él. Tiene miedo. Está completamente solo, pero se hará amigo de un niño, que lo esconde en su casa. El niño y sus hermanos intentarán encontrar la forma de que el pequeño extraterrestre regrese a su planeta antes de que los científicos y la policía lo encuentren.",7.516,https://image.tmdb.org/t/p/w500/4kixNqJAu7hWpZOnOsznL7YPuuQ.jpg
Noche en la tierra,Night on Earth,1991,"Comedia, Drama",128,"Película dividida en historias independientes a través de las cuales Jim Jarmusch presenta el panorama nocturno de cinco grandes ciudades (Los Angeles, Nueva York, París, Roma y Helsinki), con un taxi, y lo que en él ocurre desde el anochecer hasta el amanecer de un mismo día, y obviamente con diferentes personajes, como hilo conductor.",7.5,https://image.tmdb.org/t/p/w500/dNA14GVmnU2r7isrojCTwzXP9ig.jpg
The Fallout,The Fallout,2021,Drama,92,"Vada es una adolescente que trata de superar los efectos secundarios que sufre tras vivir una tragedia en su instituto. Tras esta experiencia, la relación con su familia y sus amigos, así como su forma de ver el mundo, cambiarán para siempre.",7.5,https://image.tmdb.org/t/p/w500/fOJwjsJNtQlDhBanJSouGDwQfvP.jpg
Patines de Plata,Серебряные коньки,2020,"Historia, Drama, Aventura, Romance, Crimen, Familia",136,"1899, la época navideña de San Petersburgo. Los ríos y canales de la capital cubiertos de hielo hierven con actividades festivas. En vísperas del nuevo siglo, aquellos que no deberían estar destinados a encontrarse, se unen. Son personas de diferentes mundos: Matvey, hijo de un farolero, cuyo único tesoro son sus patines plateados; Alice es la hija de un funcionario de alto rango que sueña con la ciencia. Cada uno de ellos tiene su propia y difícil historia de vida, pero al conocerse accidentalmente, se apresuran juntos en busca de sus sueños.",7.5,https://image.tmdb.org/t/p/w500/ntw87fFrLP8NB8iOp95sgBgcUDk.jpg
Winter Sleep (Sueño de invierno),Kış Uykusu,2014,Drama,195,"Aydin, actor jubilado, dirige un hotelito en Anatolia central con la ayuda de su joven esposa, Nihal, de quien se encuentra alejado sentimentalmente, y de su hermana Necla, triste porque se acaba de divorciar. En invierno, a medida que la nieve va cubriendo la estepa, el hotel se convierte en su refugio y en el escenario de sus aflicciones...",7.515,https://image.tmdb.org/t/p/w500/y51wK57MWxxzJaMDUXBWDV2RlkU.jpg
Los Goonies,The Goonies,1985,"Aventura, Comedia, Familia",114,"Mikey, un muchacho de trece años, que junto con su hermano mayor y sus amigos se hacen llamar 'Los Goonies', decide subir a jugar al desván de su casa, donde su padre guarda antigüedades. Allí, el grupo encuentra el mapa de un tesoro.",7.515,https://image.tmdb.org/t/p/w500/v7dWDGqLS0FHsVpSLNeKo9xlkg1.jpg
La fiera de mi niña,Bringing Up Baby,1938,"Comedia, Romance",102,"David Huxley (Cary Grant) es un paleontólogo tímido y despistado que está a punto de acabar la laboriosa reconstrucción del esqueleto de un brontosaurio, al que sólo le falta una clavícula intercostal. También está a punto de casarse con su anodina secretaria. En un partido de golf con el abogado de una solterona millonaria, potencial mecenas del museo para el que trabaja, Huxley conoce a Susan Vance (Katharine Hepburn), una joven adinerada y caprichosa que hará lo posible para que no culmine ninguno de sus dos proyectos: se dedicará a manipular a Huxley para seducirlo con un estilo muy peculiar: le abolla el coche, le desgarra el smoking, esconde su ropa, le rompe las gafas y por si fuera poco, lo embauca para que cuide a un joven leopardo llamado ""Baby"".",7.5,https://image.tmdb.org/t/p/w500/g3RIOKbxuiJ16hfz73KwmEfaSag.jpg
Virus,감기,2013,"Acción, Ciencia ficción, Suspense",122,"La peor epidemia jamás vista está arrasando Bundang, un suburbio de Seúl. Después de introducir a una serie de inmigrantes ilegales en el país, Byung-woo muere a causa de un virus desconocido. Poco después, los mismos síntomas aparecen en otros residentes de la zona. El pueblo se siente indefenso ante un virus que se transmite por el aire y en el que el número de afectados crece rápidamente, desatando el caos. Tratando de evitar la peor de las previsiones, la ciudad, en la que viven más de 19 millones de habitantes, se prepara para cerrar por completo sus fronteras por órdenes del gobierno. Mientras tanto, el especialista vírico In-hye y el rescatista Ji-goo se adentran en la ciudad para obtener una muestra de sangre del ""paciente cero"", una parte crucial de la investigación para tratar de fabricar una vacuna.",7.514,https://image.tmdb.org/t/p/w500/oBnc4NLaxZ8V94srsfgdyyDjts4.jpg
Midnight in Paris,Midnight in Paris,2011,"Fantasía, Comedia, Romance",99,"Un escritor norteamericano algo bohemio llega con su prometida Inez y los padres de ésta a París. Mientras vaga por las calles soñando con los felices años 20, cae bajo una especie de hechizo que hace que, a medianoche, en algún lugar del barrio Latino, se vea transportado a otro universo donde va a conocer a personajes que jamás imaginaría iba a conocer...",7.5,https://image.tmdb.org/t/p/w500/paDvLnSZyrDoUVRrUZPjB19zJQZ.jpg
Fearless - Sin miedo,霍元甲,2006,"Drama, Acción",100,"China durante la primera década del siglo XX. El país sufre de corrupción y de la invasión extranjera. Huo Yuanjia es un legendario maestro de artes marciales. Profundamente humillado por la muerte de su padre en un duelo público, el joven Huo decide convertirse en el mejor luchador posible. Pero muy pronto pierde a dos de sus seres más queridos, por culpa de sus increíbles habilidades, cuando matan a su familia por venganza. Loco de dolor y de vergüenza, Huo Yuanjia huye sin importarle la muerte ni la vida...",7.514,https://image.tmdb.org/t/p/w500/bzgnVmMN5mhS4wYLF7B1XmrMHzx.jpg
Sabrina,Sabrina,1954,"Comedia, Romance, Drama",113,"La joven Sabrina, hija del chofer británico de los poderosos Larrabee, está enamorada del hijo menor de la familia, que coquetea con ella por puro entretenimiento. El padre la envía a Paris, de donde vuelve convertida en una mujer elegante y seductora que trastorna a los dos hermanos Larrabee, tanto al frívolo David como al hermético y adusto Linus.",7.5,https://image.tmdb.org/t/p/w500/e1Po9NDrH7IJZhv89467gJH5FS0.jpg
El mensajero del miedo,The Manchurian Candidate,1962,"Suspense, Drama",126,"Un grupo de soldados, bajo el mando del sargento Raymond Shaw y el comandante Benett Marco, sufre una emboscada durante la guerra de Corea y es capturado por el ejército enemigo. Meses después, Shaw recibe una medalla al honor por el gobierno de los Estados Unidos. Por entonces, Marco comienza a sufrir terribles pesadillas relacionadas con el lavado de cerebro al que fueron sometidos durante el cautiverio en Corea.",7.5,https://image.tmdb.org/t/p/w500/kfH2NHYOUovD2Gz6cdbhunsahAW.jpg
La bella y la bestia,La Belle et la Bête,1946,"Drama, Fantasía, Romance",96,"Érase una vez un mercader arruinado que vivía con su hijo Ludovic y sus tres hijas. Dos de ellas, Felicie y Adelaide, son seres egoístas que explotan a su hermana pequeña Bella. Un día, el padre se pierde en el bosque y llega hasta un castillo. Allí encuentra una preciosa rosa y decide cogerla para Bella, entonces aparece el señor del castillo que le impondrá un duro castigo por su osadía.",7.5,https://image.tmdb.org/t/p/w500/yKeUh1AV24vueIyL6xozgS8frmo.jpg
Yo me encargo de la cerveza,The Greatest Beer Run Ever,2022,"Drama, Comedia, Bélica",127,Chickie quiere ayudar a sus amigos en la guerra de Vietnam así que hace una locura: va a llevarles cerveza americana. Lo que comienza como un viaje con buenas intenciones rapidamente cambia la visión de Chickie sobre la vida.,7.513,https://image.tmdb.org/t/p/w500/vCnEq0eQJVtVhwDVp0NqJSkcdcx.jpg
Los pájaros,The Birds,1963,"Terror, Suspense",119,"Melanie, una joven rica y snob de la alta sociedad de San Francisco, conoce casualmente en una pajarería al abogado Mitch Brenner, que ha ido a comprar un regalo de cumpleaños para Kathy, su hermana pequeña. Mitch, que conoce por la prensa la alocada vida de Melanie, la trata despectivamente y se va de la tienda dejándola bastante irritada. Ella, que no está acostumbrada a que la traten así, encarga unos periquitos y los lleva a casa del abogado, pero Mitch se ha ido a pasar el fin de semana a casa de su madre. Entonces, Melanie decide ir a Bodega Bay y presentarse en casa de los Brenner con el pretexto de regalar los periquitos a Kathy. En cuanto ella llega, los pájaros, enloquecidos, empiezan a atacar salvajemente a los habitantes del lugar. La situación se agrava a medida que avanzan las horas.",7.513,https://image.tmdb.org/t/p/w500/aqMiK53QEC5UyGePN5KmgL7DLNg.jpg
Hero,英雄,2002,"Drama, Aventura, Acción, Historia",98,"Hace dos mil años, China estaba dividida en siete reinos. Cada uno de ellos combatía contra los otros para obtener la supremacía, mientras que la población soportaba el sufrimiento y la muerte. De estos siete reinos, Qin era el más violento. El rey de Qin estaba obsesionado con la conquista de China y el deseo de convertirse en su primer Emperador. Los demás reinos enviaron a sus más temibles asesinos para eliminarlo. Solo el nombre de tres de estos asesinos era suficiente para sembrar el terror: Espada Rota, Nieve y Cielo. El rey de Qin prometió poder y fortuna para aquel que lograra matar a estos tres asesinos. Durante diez años, nadie lo consiguió. Cuando el misterioso Sin Nombre se presenta en palacio, portando las armas de los asesinos abatidos, el rey se muestra ansioso por escuchar su historia. Sentado a diez pasos del monarca, Sin Nombre comienza su relato.",7.513,https://image.tmdb.org/t/p/w500/8wCNKCde0kIZ4cgiUJx5t868prT.jpg
El clan de hierro,The Iron Claw,2023,"Historia, Drama",130,"Basada en la vida de los inseparables hermanos Von Erich, que hicieron historia en el competitivo mundo de la lucha libre profesional a principios de la década de los 80. A través de la tragedia y el triunfo, bajo la sombra de su dominante padre y entrenador, los hermanos buscan la inmortalidad en el escenario más importante del deporte.",7.512,https://image.tmdb.org/t/p/w500/bsw7Bxhm2eYHzdEOTI0yHi7N3jl.jpg
Dogman,Dogman,2018,"Crimen, Drama, Suspense",105,"Marcello, un pequeño y apacible peluquero de perros, se encuentra involucrado en una peligrosa relación de subyugación con Simone, un ex boxeador violento que aterroriza a todo el vecindario. En un esfuerzo por reafirmar su dignidad, Marcello se someterá a un inesperado acto de venganza.",7.512,https://image.tmdb.org/t/p/w500/hjRsmvLuvsp8atK6KHzP32gKkW1.jpg
Campeones,Campeones,2018,"Comedia, Familia, Drama",124,"Marco, un entrenador profesional de baloncesto, se encuentra un día, en medio de una crisis personal, entrenando a un equipo compuesto por personas con discapacidad intelectual. Lo que comienza como un problema se acaba convirtiendo en una lección de vida.",7.512,https://image.tmdb.org/t/p/w500/lXLKmT6mtizYvweAgPXVHs0ApvR.jpg
El verano de Kikujiro,菊次郎の夏,1999,"Comedia, Drama",122,"Masao es un niño de nueve años al que le toca pasar las vacaciones de verano con su abuela; así que se acabaron los partidos de fútbol, ya que todos sus amigos se han marchado a la playa. El aburrimiento de Masao es tal que se le ocurre la idea de buscar a su madre, a la que nunca ha visto. Con muy poco dinero y con una fotografía y una dirección como únicas referencias, el plan parece condenado al fracaso. Una amiga de su abuela propone que su marido acompañe a Masao. El problema es que Kikujiro, un antiguo yakuza, no parece la compañía más recomendable para un niño.",7.512,https://image.tmdb.org/t/p/w500/eEHIrhKDqDmxW2UE1057gtmuyjn.jpg
Control,Control,2007,Drama,121,"Película sobre los últimos años de Ian Curtis, el enigmático cantante de la banda Joy Division e icono del post-punk inglés, hasta su trágico suicidio en 1980. Cómo le afectó el dramático conflicto entre el gran amor que sentía por su esposa y la apasionada relación con su amante, sus ataques de epilepsia, su extraordinario talento y sus arrolladoras actuaciones en directo. Mención Especial en la Cámara de Oro, Premio de la Juventud y Premio Label Europa Cinema en el Festival de Cannes.",7.511,https://image.tmdb.org/t/p/w500/jOJiaOhwrDdwqTRZvZOhbndqHGp.jpg
Ninotchka,Ninotchka,1939,"Comedia, Romance",110,"Los camaradas Iranoff, Buljanoff y Kopalski han sido enviados a París para obtener dinero para el Gobierno ruso mediante la venta de las joyas confiscadas a la gran duquesa Swana, que vive en la capital francesa. Los tres camaradas se instalan en un hotel de lujo mientras los tribunales franceses deciden quién es el verdadero propietario de las joyas. El Gobierno ruso envía a Nina 'Ninotchka' Ivanovna Yakushova a arreglar las cosas.",7.5,https://image.tmdb.org/t/p/w500/fAnREAZKearjfXD2cm6QhKKK7Av.jpg
La gran belleza,La grande bellezza,2013,Drama,141,"Una historia ambientada en la ciudad de Roma. Se trata de un retrato desde la mirada de Jap Gambardella, un periodista de 65 años, que regresa a la ciudad en la que nació para recuperar sus recuerdos y esencia juveniles, y con ello reflejar la brillantez, hermosura y variedad de la capital italiana.",7.5,https://image.tmdb.org/t/p/w500/2Ao6h3iC24dA7QvzIsIqlBI9cRt.jpg
Paisà (Camarada),Paisà,1946,"Drama, Bélica",125,Seis episodios independientes con el nexo común del avance de las tropas aliadas en Italia durante la Segunda Guerra Mundial.,7.5,https://image.tmdb.org/t/p/w500/4e931gfu6mqjA7iv0arOOxXToH9.jpg
El hombre que nunca estuvo allí,The Man Who Wasn't There,2001,"Crimen, Drama",116,"Verano de 1949. Ed Crane (Billy Bob Thornton), un introvertido barbero de un pueblecito del norte de California, se siente insatisfecho de su rutinaria vida. Las infidelidades de su mujer (Frances McDormand) le brindan la oportunidad de ejercer un chantaje que podría ayudarle a cambiar su apática existencia.",7.5,https://image.tmdb.org/t/p/w500/60GzoSrfNHm2V14pI8ENj3ICICD.jpg
Sonatine,Sonatine,1993,"Acción, Crimen, Suspense",94,Murakawa (Kitano) es un yakuza de Tokyo que es enviado por su jefe a terminar una guerra de gángsters en Okinawa. (FILMAFFINITY),7.509,https://image.tmdb.org/t/p/w500/yutprQZFk7MConsRrcX6f3caoTA.jpg
Acorralado,First Blood,1982,"Acción, Aventura, Suspense, Bélica",93,"John Rambo es un veterano de la guerra de Vietnam que sufre de estrés postraumático. Un día, llega a un pequeño pueblo de Oregón, donde el sheriff Will Teasle le detiene por vagabundear. Rambo logra escapar de la comisaría y se refugia en el bosque, donde usa sus habilidades de supervivencia y combate para enfrentarse a los policías que le persiguen. El coronel Samuel Trautman, el antiguo jefe de Rambo, llega al pueblo para intentar negociar con él y evitar una masacre. Rambo tendrá que luchar contra sus propios demonios y contra las fuerzas del orden que le quieren capturar o matar.",7.5,https://image.tmdb.org/t/p/w500/sYHRcd9p3rV3t3w8MHGaA7wdIBl.jpg
Rogue One: Una historia de Star Wars,Rogue One: A Star Wars Story,2016,"Acción, Aventura, Ciencia ficción",133,"El Imperio Galáctico ha terminado de construir el arma más poderosa de todas, la Estrella de la muerte, pero un grupo de rebeldes decide realizar una misión de muy alto riesgo: robar los planos de dicha estación antes de que entre en operaciones, mientras se enfrentan también al poderoso Lord Sith conocido como Darth Vader, discípulo del despiadado Emperador Palpatine.",7.508,https://image.tmdb.org/t/p/w500/mAqgFQxaBaLkcQBRQf9YnAz9sNQ.jpg
Mi cena con André,My Dinner with Andre,1981,"Drama, Comedia",110,"Malle se atreve con un film sobre una conversación entre dos personas, obteniendo excelentes críticas en USA. Dándose vida a sí mismos, los actores y autores Wallace Shawn y André Gregory quedan una noche a cenar. Como buenos amigos, se empiezan a contar múltiples experiencias personales, a través de las cuales comienzan a surgir los grandes temas de la existencia. Dirigida por Louis Malle, y con guión creado por los dos protagonistas, 'Mi cena con André' nos invita a enfrentarnos a lo que de verdad, al final, pesa en la vida. Título fundamental en la filmografía de Louis Malle ('Ascensor para el cadalso', 'Adiós muchachos'), fue elegida la Mejor Película del Año por la Asociación de Críticos de Boston.",7.508,https://image.tmdb.org/t/p/w500/iKyEWX0GS44B2dAzsjBaJts9QCc.jpg
A sangre fría,In Cold Blood,1967,"Crimen, Drama, Historia",134,"Adaptación de la novela homónima de Truman Capote. Un honrado granjero de Kansas lleva una vida tranquila con su esposa y sus dos hijos. No puede sospechar ni remotamente que dos ex-presidiarios, con las facultades mentales perturbadas, planean matarlos.",7.508,https://image.tmdb.org/t/p/w500/oEZCjH5CvZAhPC9hoGfyJ2KXf9f.jpg
Upgrade (Ilimitado),Upgrade,2018,"Acción, Suspense, Ciencia ficción",100,"Tras ver cómo su mujer es asesinada tras un accidente que le deja parapléjico, un hombre se somete a una operación que le permite volver a caminar para así poder vengar a su esposa.",7.507,https://image.tmdb.org/t/p/w500/7HN5rOyLkbeBabX4uBcbwU9K1wW.jpg
El hombre que copiaba,O Homem Que Copiava,2003,"Comedia, Drama, Romance, Crimen",123,,7.507,https://image.tmdb.org/t/p/w500/4cIYQaLos5CoBm03xpfBBgHmYMh.jpg
Lupin III: El castillo de Cagliostro,ルパン三世 カリオストロの城,1979,"Animación, Aventura, Comedia, Crimen",102,"El celebre bandido Lupin III y su camarada Jigen huyen después de robar el casino nacional de Mónaco, para luego descubrir que el dinero es falso. Los billetes son de una calidad muy alta y podían ser unas legendarias falsificaciones perfectas que han hecho estremecer las economías de naciones desde la invención del papel moneda. Estas se originan al parecer en el ducado de Cagliostro, por lo que el intrepido Lupin y sus amigos deciden hacerles una pequeña visita.",7.507,https://image.tmdb.org/t/p/w500/2K3EZwR3HOQv85rT2HIMn6ejDnN.jpg
My Fair Lady (Mi bella dama),My Fair Lady,1964,"Comedia, Romance",170,"Versión cinematográfica del mito de Pigmalión, inspirada en la obra teatral homónima del escritor irlandés G.B. Shaw. En una lluviosa noche de 1912, el excéntrico y snob lingüista Henry Higgins conoce a Eliza Doolittle, una harapienta y ordinaria vendedora de violetas. El vulgar lenguaje de la florista despierta tanto su interés que hace una arriesgada apuesta con su amigo, el coronel Pickering: se compromete a enseñarle a hablar correctamente el inglés y a hacerla pasar por una dama de la alta sociedad en un plazo de seis meses.",7.5,https://image.tmdb.org/t/p/w500/e9iY66L0QbSrfLtmFACvTrNVsZN.jpg
El imperio del sol,Empire of the Sun,1987,"Drama, Historia, Bélica",163,"Cuando, en diciembre de 1941, el ejército japonés ocupa Shanghai, la privilegiada vida de James Graham, un niño inglés de clase alta, toca a su fin. Es separado de sus padres y confinado en un campo de concentración próximo a un aeropuerto militar chino. En un ambiente dominado por la tristeza y la miseria se verá obligado a madurar prematuramente, y eso condicionará su visión del mundo.",7.507,https://image.tmdb.org/t/p/w500/6SSK8aSYTJMLogy9I6CGSmVnPeb.jpg
Los siete magníficos,The Magnificent Seven,1960,Western,128,"Unos bandidos atacan y arrasan cada año las tierras de unos granjeros. Ante esto, varios de ellos deciden buscar a hombres que puedan defenderles. Conseguirán reunir siete hombres, cada uno de los cuales presume de una característica especial.",7.5,https://image.tmdb.org/t/p/w500/eu7dxZWlufFOkDV99IzS7Xd7tp.jpg
Prison Break: Evasión final,Prison Break: The Final Break,2009,"Acción, Drama, Suspense",89,"El gobierno no puede tocar a Michael Scofield, así que van tras la mujer que ama. Cuando Sara es arrestada por asesinato, sólo Michael podrá salvarla, a ella y al bebé que espera, de una impenetrable prisión para mujeres. Con un precio por la cabeza de Sara y el tiempo agotándose, Michael deberá confiar en sus más mortales enemigos para intentar realizar la huída más atrevida hasta la fecha.",7.5,https://image.tmdb.org/t/p/w500/xSpSJJnth3RZ2BL0Eyy9keBE24.jpg
Siete ocasiones,Seven Chances,1925,"Comedia, Romance",56,El agente de bolsa Jimmy Shannon está cercano a la bancarrota cuando un abogado le presenta el testamento de su abuelo legándole 7 millones de dólares. Pero para poder heredar ese dinero deberá casarse antes de las 7 de la tarde de su 27 cumpleaños... ¡Y eso es hoy!,7.5,https://image.tmdb.org/t/p/w500/fH9woIxzqVtyv6S711vSVlS12eA.jpg
El Grinch: el cuento animado,How the Grinch Stole Christmas!,1966,"Animación, Familia, Comedia",25,"Amargo y odioso, el Grinch se irrita ante la idea de que una aldea cercana se divierta celebrando la Navidad. Disfrazado de Santa Claus, con su perro hecho para parecer un reno, decide asaltar el pueblo para robar todas las cosas navideñas.",7.506,https://image.tmdb.org/t/p/w500/cnVPmEsFycmrv7g3fqruKtdr3t.jpg
El desafío de las águilas,Where Eagles Dare,1968,"Acción, Aventura, Bélica",155,"En plena Segunda Guera Mundial, John Smith es el jefe de un grupo de élite, cuya misión es infiltrarse en las líneas enemigas alemanas para rescatar a un general americano, prisionero de los nazis, para evitar que hable del plan de invasión de Normandía.",7.5,https://image.tmdb.org/t/p/w500/grNmyt14WAFXYWkteIbIcFP5A4O.jpg
La cabaña,The Shack,2017,"Drama, Familia",132,"Después de sufrir una tragedia familiar, Mack Phillips cae en una profunda depresión que le lleva a cuestionar todas sus creencias. Sumido en una crisis de fe, recibe una enigmática carta donde un misterioso personaje le cita en una cabaña abandonada en lo más profundo de los bosques de Oregón. A pesar de sus dudas, Mack viaja a la cabaña, donde se encontrará con alguien inesperado. Este encuentro conducirá a Mack a enfrentarse a importantes verdades, que no sólo transformarán su comprensión de la tragedia sino que harán que su vida cambie para siempre.",7.505,https://image.tmdb.org/t/p/w500/d7qG9sdCTo3uBeWXpxKehplvr8B.jpg
El increíble hombre menguante,The Incredible Shrinking Man,1957,"Ciencia ficción, Drama, Aventura, Terror",81,"Cuando Scott Carey se ve expuesto a una combinación de radiación e insecticida, empieza a menguar sin que la medicina sea capaz de encontrar solución a su mal.",7.505,https://image.tmdb.org/t/p/w500/xWRyvVVlhSblpeP3iDHa7AXFLoO.jpg
All That Jazz (Empieza el espectáculo),All That Jazz,1979,Drama,123,"Joe Gideon, un famoso coreógrafo y director de Broadway y Hollywood, vive una vida marcada por los excesos de todas clases. Su corazón le da un primer aviso en forma de infarto y los doctores le previenen de que si no cambia de actitud su cuerpo no aguantará más. Pero Joe solo sabe vivir de una manera.",7.5,https://image.tmdb.org/t/p/w500/culCEdj4srLljefgn4XKd6k3C5t.jpg
BURN·E,BURN·E,2008,"Animación, Familia, Comedia, Ciencia ficción",10,"Un robot soldador del crucero Axiom llamado BURN·E queda atrapado fuera del crucero por culpa de WALL·E y EVA, mientras reparaba una bombilla.",7.505,https://image.tmdb.org/t/p/w500/zQ7FsHbl2r75tfhqaU1vGNtK1Ec.jpg
Un mundo perfecto,A Perfect World,1993,"Drama, Crimen, Suspense",138,"Un niño secuestrado entabla amistad con su captor: un convicto fugitivo que huye de la ley, perseguido por un honorable mariscal de EE.UU.",7.505,https://image.tmdb.org/t/p/w500/P0HK6nMCsdFrxu4c4NTavxfuyh.jpg
"Uno, dos, tres","One, Two, Three",1961,Comedia,108,"C.R. MacNamara, un alto directivo destinado en Berlín Occidental, recibe el encargo de cuidar de la hija de su jefe durante una de sus visitas. Cuando MacNamara se entera de que la chica se ha escapado y ha contraído matrimonio con un exaltado joven comunista, y de que su jefe estará de vuelta en tan solo veinticuatro horas, no le queda más remedio que transformar al reacio revolucionario en un yerno digno; de lo contrario, ya puede despedirse de su ascenso. Pero en menos de lo que se tarda en decir ""un, dos, tres"", sus planes se le escapan de las manos y provocan un incidente internacional capaz de enfadar a los rusos, a los alemanes y, lo que es peor, a su propia esposa, que ya está con la mosca detrás de la oreja.",7.5,https://image.tmdb.org/t/p/w500/toTjc11iO3tgdKLAIeLGse1LTk9.jpg
Fuga de Alcatraz,Escape from Alcatraz,1979,"Drama, Suspense",113,"Bahía de San Francisco, 18 de enero de 1960. Frank Lee Morris es trasladado a Alcatraz, una prisión de máxima seguridad situada en una isla rocosa. A pesar de que nadie ha conseguido nunca evadirse de allí, Frank y otros reclusos empiezan a preparar minuciosamente un plan de fuga.",7.504,https://image.tmdb.org/t/p/w500/3UWuFh0zYNnFGSoQY8DGplSjiW8.jpg
La cena de los acusados,The Thin Man,1934,"Comedia, Misterio, Crimen",93,"Un conocido inventor neoyorquino es acusado de varios asesinatos. Cuando llegan a la ciudad un famoso detective y su mujer y se enteran del asunto, ella, movida por el espíritu de aventura, trata de convencer a su marido para que acepte el caso.",7.5,https://image.tmdb.org/t/p/w500/bSTwEucUoveVCm4lhpDCZNbKKYf.jpg
No hay otra opción,어쩔수가없다,2025,"Comedia, Crimen, Suspense",140,"La historia sigue a un hombre de mediana edad llamado Man-su que se embarca decidido en una búsqueda de trabajo tras ser despedido inesperadamente de la compañía de papel en la que trabajó durante 25 años. ""Si no hay una vacante para mí, tendré que crear una para que me contraten. No hay otra opción"". Adaptación de la novela ""The Ax"" de Donald E. Westlake, que ya fue llevada al cine en la película ""Arcadia"", dirigida por Costa-Gavras en 2005.",7.503,https://image.tmdb.org/t/p/w500/xJtG8d6NAGdA8iL0fZqrHweQBUd.jpg
Misión: Imposible - Sentencia mortal parte uno,Mission: Impossible - Dead Reckoning Part One,2023,"Acción, Aventura, Suspense",163,Ethan Hunt y la IMF emprenden la misión más peligrosa a la que nunca se han enfrentado: rastrear una nueva y aterradora arma que amenaza a toda la humanidad antes de que caiga en las manos de un enemigo todopoderoso y misterioso.,7.5,https://image.tmdb.org/t/p/w500/83sGKvCv2T2CulYbd40Aeduc7n2.jpg
¡qué noche!,After Hours,1985,"Comedia, Suspense, Drama",97,"Al finalizar su jornada laboral, un solitario empleado de una compañía de informática (Griffin Dunne) se ve envuelto en una serie de extrañas circunstancias que le llevan a uno de los peores barrios de Nueva York. Allí, vivirá una interminable y alocada noche...",7.5,https://image.tmdb.org/t/p/w500/gT8XcLbE5LeQ9wbIWJJXfevB2yl.jpg
A todos los chicos: Para siempre,To All the Boys: Always and Forever,2021,"Romance, Comedia, Drama",114,Es el último curso del instituto. Lara Jean regresa de un viaje familiar a Corea y se plantea su futuro universitario... con y sin Peter.,7.502,https://image.tmdb.org/t/p/w500/7bGVC0tkhvihjZHNFJuiuY2YcN7.jpg
Viento de libertad,Ballon,2018,"Suspense, Drama, Historia",130,"Nos encontramos en la Thüringen, Alemania del Este, en verano de 1979. Dos familias idean un alocado plan: abandonar la República Democrática Alemana y viajar al Oeste en un globo construido por ellos mismos. La tarea no será sencilla y los protagonistas se tendrán que enfrentar no solo a los imprevistos de este difícil viaje, sino también a las autoridades del país que buscan desechar su plan.",7.502,https://image.tmdb.org/t/p/w500/1ihd4xVct5GxKBu9TxOZg8pqOGR.jpg
Operación Y y otras aventuras de Shurik,Операция «Ы» и другие приключения Шурика,1965,Comedia,95,"El argumento sigue las aventuras del aplicado y genuino estudiante soviético Shúrik, que a menudo se mete en difíciles situaciones de las que suele salir más o menos limpiamente. La película se halla dividida en tres partes y se rodó en Moscú, Leningrado, Bakú y Odessa. -Naparnik (“Compañero de trabajo”) El compañero de trabajo.En un autobús, un patán y borracho llamado Fedia se sienta en un asiento reservado para niños e incapacitados y rechaza dejar sentarse a una joven embarazada argumentando “que no es ni una niña ni una incapacitada”. Shúrik, que viaja en el mismo autobús, se pone unas gafas de sol y finge ser ciego... -Navazhdeniye (“Déjà vu”) Es época de los exámenes de verano en la Universidad, y todo el mundo está asustado por los exámenes. Shúrik (y los demás) busca desesperadamente apuntes y finalmente los ve en manos de una chica, Lida, que estudia en la misma Universidad.",7.502,https://image.tmdb.org/t/p/w500/UObZrxhJklRmaOepUS9iTs9x4f.jpg
En tierra de nadie,No Man's Land,2001,"Acción, Historia, Bélica",98,"Guerra de Bosnia, 1993. Dos soldados de bandos distintos, un bosnio y un serbio, se encuentran atrapados entre las líneas enemigas, en tierra de nadie. Un sargento de los cascos azules de las Naciones Unidas se dispone a ayudarlos, contraviniendo las órdenes de sus superiores. Los medios de comunicación no tardan en convertir el asunto en un show mediático de carácter internacional. Mientras la tensión bélica crece y la prensa espera pacientemente nuevas noticias, los dos soldados intentarán por todos los medios salir con vida de tal situación.",7.502,https://image.tmdb.org/t/p/w500/gcPyWlcuRPsudHP1zXEV8kLQ9jP.jpg
Escondidos en Brujas,In Bruges,2008,"Comedia, Drama, Crimen",107,"Narra la historia de dos asesinos a sueldo en Londres que, debido a una operación que termina mal, reciben la orden de exiliarse por un tiempo en la ciudad de Brujas, en Bélgica.",7.502,https://image.tmdb.org/t/p/w500/i5xoTabhskqM6syMY2CDCb5WFDm.jpg
La conversación,The Conversation,1974,"Crimen, Drama, Misterio",113,"Harry Paul, un detective cuyo prestigio como especialista en vigilancia y en sistemas de seguridad es reconocido por sus colegas en todo el país, recibe el encargo por parte de un magnate de investigar a su joven esposa. Deberá escuchar sus conversaciones con un empleado del marido, del que ella parece estar enamorada. La misión, para un experto de su categoría, resulta a primera vista inexplicable, ya que la pareja no ofrece ningún interés fuera de lo corriente. Sin embargo, cuando Harry da por finalizado su trabajo, advierte que algo extraño se oculta tras la banalidad que ha estado investigando, ya que su cliente se niega a identificarse, utilizando siempre intermediarios.",7.502,https://image.tmdb.org/t/p/w500/g4bVCc10hpWEiYaSdhL4Jo6MetA.jpg
Infierno en Los Ángeles,Menace II Society,1993,"Drama, Crimen, Suspense",97,"Caine, un joven afroamericano del barrio angelino de Watts, cuyo padre era traficante y su madre drogadicta, vive con sus abuelos maternos que intentan inculcarle los buenos valores que sus padres no pudieron darle. Pero sigue en el ghetto, lo cual hace que se junte con otros jóvenes, entre ellos una malísima influencia como lo es su mejor amigo, O-Dog. La violencia le rodea y tendrá que tomar una motivación existencial para poder escapar de ese ""infierno"", la chica que le gusta era la novia de su modelo paternal (condenado a cadena perpetua) y puede ser su chispa potenciadora para escapar y empezar de cero...",7.5,https://image.tmdb.org/t/p/w500/gaX9HjgYyw5R9KdLh2Ha2RJu3.jpg
Casi famosos,Almost Famous,2000,"Drama, Música",122,"Homenaje al rock de los 70. Gracias a sus buenas críticas musicales, un adolescente que aspira a ser periodista es contratado por la revista ""Rolling Stone"" para cubrir la gira de una famosa banda. A pesar de su juventud y de la oposición de su madre, el chico vivirá con los músicos y sus fans una aventura inolvidable. Basada en la propia experiencia de Crowe.",7.5,https://image.tmdb.org/t/p/w500/2fEy9iTquhFy3aB2XACKjQ6wGRh.jpg
"Miraculous World: Las Aventuras de Ladybug en Londres, la carrera contra el tiempo","Miraculous World : Londres, la course contre le temps",2024,"Animación, Familia, Acción, Aventura, Fantasía",50,"Para salvar el futuro de un terrible destino, Marinette se convierte en Chronobug y se alía con Bunnyx para derrotar a un misterioso adversario que viaja a través del tiempo. ¿Quién es este nuevo supervillano y por qué está obsesionado con descubrir la identidad secreta de superheroína de Marinette? ¡La única esperanza de Marinette es derrotar a su nuevo oponente para evitar el fin de Ladybug y del tiempo!",7.5,https://image.tmdb.org/t/p/w500/gdZ4REoGYhUk4OoN9bqY2U1xykm.jpg
Devdas,देवदास,2002,"Drama, Romance",185,"Devdas es enviado lejos por su padre para que pueda mejorar a sí mismo, pero a su regreso su padre todavía no le da la bienvenida. Devdas y Paro están enamorados, pero Paro es de una casta inferior y está lista para casarse con un viudo mayor. Devdas está devastado y se va de casa. Se convierte en un mujeriego alcohólico y se enamora de una cortesana. Paro intenta alejar a Devdas de la bebida antes de que se autodestruya.",7.5,https://image.tmdb.org/t/p/w500/dUBFi7bnLRfm4WaTh4ZoF2tbBJj.jpg
Kung Fu Sion,功夫,2004,"Acción, Comedia, Crimen, Fantasía",99,"Ambientada en el caos de la China prerrevolucionaria, un ladrón de poca monta, Sing (Ste-phen Chow), aspira a ser uno de los crueles y sofisticados miembros de la Banda del Hacha cuyas actividades ilegales ensombrecen la ciudad. Sing intenta extorsionar a uno de los habitantes de un complejo de apartamentos llamado 'Pig Sty Alley', pero los vecinos no son lo que parecen. Sin pretenderlo, los cómicos intentos de intimidación de Sing atraen a la Banda del Hacha, desencadenando una serie de sucesos que enfrentan cara a cara los dos mundos tan diferentes. Mientras los habitantes de Pig Sty luchan por sus vidas, el choque de titanes de kung fu que sigue desentierra algunos maestros legendarios de artes marciales.",7.5,https://image.tmdb.org/t/p/w500/cMVfbypyu34ckTBgMsoRT92j2pN.jpg
Hermano,Брат,1997,"Crimen, Drama, Acción",96,"Desmovilizados del ejército, Danila Bagrov regresó a su ciudad natal. Pero la vida aburrida no se ajustaba a su provincia de Rusia, y decidió ir a San Petersburgo, que se rumorea desde hace varios años que prosperan a su hermano mayor. Daniel encontró un hermano. Pero no fue tan fácil - hermano era un asesino ...",7.499,https://image.tmdb.org/t/p/w500/gCnIuwpr8Vde5Rr30SYRvQbgNZY.jpg
Mi primo Vinny,My Cousin Vinny,1992,"Comedia, Drama",119,"Debido a una serie de fatales coincidencias, dos jóvenes neoyorkinos, que viajaban al sur del país, son tomados por asesinos. Como no pueden pagar los honorarios de un buen abogado, deciden llamar al primo de uno de ellos, que es un abogado sin experiencia. En estas circunstancias, se prevé que el resultado del juicio puede ser verdaderamente desastroso.",7.499,https://image.tmdb.org/t/p/w500/aPdPboSdGLCtwbHAlUOd0WxxQ7f.jpg
Los pecadores,Sinners,2025,"Terror, Acción, Suspense",137,"Tratando de dejar atrás sus problemáticas vidas, dos hermanos gemelos regresan a su pueblo natal para empezar de nuevo, solo para descubrir que un mal aún mayor les espera para darles la bienvenida.",7.498,https://image.tmdb.org/t/p/w500/zdClwqpYQXBSCGGDMdtvsuggwec.jpg
El insulto,L'Insulte,2017,"Drama, Crimen",110,"Toni, cristiano libanés, riega las plantas de su balcón. Un poco de agua se derrama accidentalmente en la cabeza de Yasser, palestino y capataz de una obra. Entonces estalla una pelea. Yasser, furioso, insulta a Toni. Él, herido en su orgullo, decide llevar el asunto ante la justicia. Comienza así un largo proceso en el que el conflicto tomará una dimensión nacional, enfrentando a palestinos y cristianos libaneses.",7.5,https://image.tmdb.org/t/p/w500/umt1Ia1TcSgUugNEurgziqRqO1R.jpg
I Can't Think Straight,I Can't Think Straight,2008,"Drama, Romance",82,"Tala (Lisa Ray), una palestina que vive en Londres, está preparando su boda cuando conoce a Leyla (Sheetal Sheth), una joven británica de origen indio que está saliendo con su mejor amigo. Las dos son muy diferentes, pero surge entre ellas una atracción inmediata, que pronto va mucho más allá de la simple amistad. Sin embargo, Tala no se ve capaz de enfrentarse a su familia, cancelar su boda y dar un giro de 180 grados a su vida...",7.498,https://image.tmdb.org/t/p/w500/ePbH29RdMlz8mDEQyUkxRVcsB73.jpg
La jungla de asfalto,The Asphalt Jungle,1950,"Crimen, Drama",112,"La meticulosa planificación de un atraco a una joyería por parte de una banda de delincuentes le sirve a Huston para ofrecer un poderoso relato lleno de intensidad, amén de un realista e insuperable estudio de personajes y sus motivaciones. Sin lugar a dudas, una de los mejores películas del cine negro de todos los tiempos, con el gran Hayden y una seductora y sexy Marilyn Monroe.",7.498,https://image.tmdb.org/t/p/w500/7wBKTnTetx77UNy84ZlNqRzooF4.jpg
C.R.A.Z.Y.,C.R.A.Z.Y.,2005,"Comedia, Drama",127,"Drama familiar. Cuando Zach entra en la adolescencia y descubre que es diferente a los demás, reprimirá sus tendencias más profundas para no perder el amor de su padre. Entre 1960 y 1980, vive rodeado de sus hermanos, de Pink Floyd y los Rolling Stones, los porros fumados a escondidas, las grandes y pequeñas discusiones. Pero, sobre todo, lo que Zac busca es poder mantener la relación con su padre.",7.498,https://image.tmdb.org/t/p/w500/soaR8KiH7Jqc1afKEoT1hW11h7q.jpg
Rebelde sin causa,Rebel Without a Cause,1955,Drama,111,"Tres jóvenes, Jim Stark, Judy y Platón, coinciden en una comisaría. Cada uno está allí por un motivo distinto: Jim está borracho, Judy se ha escapado de su casa y Platón acababa de matar a tiros a unos cachorros. El inspector Ray descubre que los tres mantienen una relación conflictiva con sus familias. A Jim y a Judy los van a recoger sus padres, pero Platón, hijo de una pareja divorciada, tiene que conformarse con la visita de la criada negra que vive con él.",7.498,https://image.tmdb.org/t/p/w500/eGFnAAtyeLyHRGIfSfP1btWkK33.jpg
En la cuerda floja,Walk the Line,2005,"Drama, Música, Romance",136,"Biopic del gran cantante de música country Johnny Cash. La historia comienza en Arkansas, en la época de la Gran Depresión. John R. Cash es el hijo de un aparcero, pero no tardará en iniciar salvajes giras con los pioneros del rock and roll: Elvis Presley, Carl Perkins, Roy Orbison, Jerry Lee Lewis y Waylon Jennings, giras que culminan con su inolvidable concierto de 1968 en la Prisión de Folsom. Cash se convirtió en el artista más en boga del momento, vendiendo incluso más que los Beatles.",7.5,https://image.tmdb.org/t/p/w500/f0S9xgm3GMWxLGkFnbuLylIFrmw.jpg
Familia al instante,Instant Family,2018,"Comedia, Drama",118,"La emoción y alegría de convertirse en padres llega de pronto para Pete y Ellie, una joven pareja que decide compartir su felicidad y sumar a su familia a Juan, Lita y Lizzy, tres niños que son hermanos entre sí­. Pero con ello también comienzan muchos berrinches, puertas azotadas, cenas accidentadas, responsabilidades triples, pero sobre todo, una gran familia.",7.497,https://image.tmdb.org/t/p/w500/ndgZRvynFdrYCjrny2vULiaCpI2.jpg
O los tres o ninguno,Nous trois ou rien,2015,"Drama, Comedia",102,"Historia sobre el pequeño Kheiron, sus padres, Hibat y Fereshteh, dos personas de un optimismo irreductible, y sobre el viaje que emprendieron años atrás desde una pequeña población al sur de Irán hasta París. Basada en la autobiografía del director.",7.5,https://image.tmdb.org/t/p/w500/69sjAQ9JLfiNGmiNalHVFuVCqs2.jpg
Antes del anochecer,Before Midnight,2013,"Romance, Drama",108,"Han pasado dos décadas desde que se encontraron por primera vez en un tren en Vienna ('Antes del amanecer' (1995)), y más tarde en París ('Antes del atardecer' (2004)). Ahora es el turno de Grecia, páis en el que Celine y Jesse se encuentran de visita. La tercera entrega de la trilogía, retomando las vidas de los protagonistas, nueve años después de su segundo encuentro romántico y el misterio sobre cómo concluyó.",7.497,https://image.tmdb.org/t/p/w500/d47Dll7WnPCKsX6e5HBxw9RN6Ks.jpg
Los cazafantasmas,Ghostbusters,1984,"Comedia, Fantasía",107,"Los Drs. Venkman, Stantz y Epengler, son tres doctores en parapsicología que se quedan sin empleo tras quedar excluidos de una beca universitaria de investigación. Entonces deciden formar la empresa ""Los Cazafantasmas"", dedicada a limpiar Nueva York de ectoplasmas. El aumento repentino de apariciones espectrales en la Gran Manzana será el presagio de la llegada de un peligroso y poderoso demonio.",7.5,https://image.tmdb.org/t/p/w500/7eZUL4fvjVkmNPbD8IxQT4X9emt.jpg
Bonnie y Clyde,Bonnie and Clyde,1967,"Crimen, Drama",111,"Durante la década de 1930, en plena Gran Depresión estadounidense, Bonnie Parker y Clyde Burrows, una joven pareja de bandidos, recorren Estados Unidos desafiando a las autoridades y atracando bancos.  La historia de las andanzas de dos de los más famosos atracadores de bancos de Estados Unidos de los años 30. Bonnie y Clyde fueron dos personajes muy peligrosos, tremendamente aficionados a apretar el gatillo y responsables de numerosas muertes entre los agentes de la ley. Sin embargo, la película da una visión mucho más amable de ellos.",7.5,https://image.tmdb.org/t/p/w500/jtDgrTlHkGlO3ZRWQfzErafv8ei.jpg
Rompiendo las olas,Breaking the Waves,1996,"Drama, Romance",159,"A principios de los años 70, Bess (Watson), una ingenua joven de un pueblo costero de Escocia, se enamora de Jan (Stellan Skarsgård), un hombre mundano que trabaja en una plataforma petrolífera. A pesar de la oposición de la rígida comunidad puritana a la que pertenece, Bess y Jan se casan. Tras la boda, él vuelve a su trabajo, y ella cuenta los días esperando su vuelta. Bess, una creyente devota, cree que su amor está bendecido por el cielo; pero un día sucede un terrible accidente. Primera película de la trilogía ""Corazón dorado"" de Lars Von Trier.",7.497,https://image.tmdb.org/t/p/w500/hb7ksXgZrWuO4u4AIaJKz5aIh2e.jpg
La sombra de una duda,Shadow of a Doubt,1943,"Suspense, Misterio, Crimen",108,"A casa de sus familiares, en el tranquilo pueblo de Santa Rosa, llega un día el encantador tío Charlie, un seductor criminal que viaja de Filadelfia a California y al que la justicia va pisando los talones. Su sobrina Charlie, a pesar de que no sabe nada de sus actividades, no tardará en sospechar que su tío es el misterioso asesino de viudas al que la policía anda buscando.",7.5,https://image.tmdb.org/t/p/w500/5aljTKWDubu7c6JQI2pwPsftM4H.jpg
Batman: La máscara del fantasma,Batman: Mask of the Phantasm,1993,"Animación, Crimen, Misterio",76,"Una enigmática figura fantasmal hace su aparición, cumpliendo las ejecuciones de determinadas figuras importantes del hampa. Simultáneamente regresa a Gotham una muchacha con la cual Bruce Wayne mantuvo un idilio; éste rememorará su relación con la chica y, de paso, su propio «nacimiento» como Batman.",7.496,https://image.tmdb.org/t/p/w500/wZdRUZX624bTFo2drYrrBjoNL7Y.jpg
El nombre de la rosa,The Name of the Rose,1986,"Drama, Suspense, Misterio",131,"Siglo XIV. Todo comienza una hermosa mañana de finales de noviembre de 1327, cuando un monje franciscano y antiguo inquisidor, acompañado de su novicio discípulo –quien relata la historia– acuden a una abadía benedictina situada en el norte de Italia para intentar resolver un crimen. Durante su estancia van desapareciendo misteriosamente más religiosos, a quienes después hallan muertos. Poco a poco, gracias a la información aportada por algunos monjes, Guillermo va esclareciendo los hechos. El móvil de los crímenes parecen ser unos antiguos tratados que se custodian en la biblioteca del complejo, de la cual se dice que es la mayor del mundo cristiano. ¿Quién es el asesino? ¿Qué motivó la muerte de sus víctimas? Nadie lo sabe…",7.496,https://image.tmdb.org/t/p/w500/w7xf0xY21dwGBOx1s1Sc28BiSiP.jpg
¿Dónde está mi cuerpo?,J'ai perdu mon corps,2019,"Animación, Drama, Fantasía",82,"Amor, misterio y aventura se entrelazan en esta película animada sobre un joven que se enamora y una mano amputada que peina la Ciudad de la Luz en busca de su dueño.",7.495,https://image.tmdb.org/t/p/w500/cnp6QIYN9V1oHjiQZyBjC1r1PK7.jpg
Dragon Ball: El camino hacia el más fuerte,ドラゴンボール 最強への道,1996,"Animación, Aventura, Fantasía",79,"El camino hacia el más fuerte es la 17ª película basada basada en la serie de manga y anime Dragon Ball, y la 4º de la etapa Dragon Ball. Se hizo con motivo del 10º aniversario de la serie, y cuenta de una manera diferente desde el principio de la serie hasta el fin del Ejército Red Ribbon, con una mejora gráfica y efectos en 3D: Goku conoce a Bulma y juntos deciden ir en busca de las siete Dragon Ball para resucitar al Dragón Xeron y pedirle un deseo. Durante el viaje, se les une Ulong, Yamcha y Puar. Todos juntos se embarcan en una peligrosa aventura enfrentándose al terrible ejército de la Red Ribbon, mandados por el malvado general White. Goku combate a robots de gran poder y espectaculares técnicas de combate. Una vez superado el obstáculo, el grupo sigue su camino hasta enfrentarse al ejército del general Blue con la ayuda del Duende Tortuga. Goku tendrá que usar todo su poder para conseguir las siete Dragon Ball.",7.368,https://image.tmdb.org/t/p/w500/sSdhAvMpKfqJ6DYUSkrWURt1L5Q.jpg
Invicto 2,Undisputed II: Last Man Standing,2006,"Acción, Crimen, Suspense, Drama",93,"Un boxeador ex campeón del mundo, pero venido a menos y lleno de deudas viaja a Rusia con su agente para ganarse unos pesos grabando comerciales de Vodka, pero una vez allá caerá en manos de la mafia, que desea meterlo preso y enfrentarlo al campeón reinante de un torneo para reclusos que mueve muchísimo dinero. Es así como “Ice man” deberá vérselas con todos los reclusos y el corrupto mundo que ahí se vive.",7.368,https://image.tmdb.org/t/p/w500/dQYWGpcEZ6ZLVoW87tjr2FbgSx8.jpg
TekkonKinkreet,鉄コン筋クリート,2006,"Acción, Aventura, Animación",103,"En Treasure Town, donde la luna sonríe y los chicos pueden volar, la vida puede ser tan maravillosa como terrible. Kuro y Shiro, dos huérfanos que se buscan la vida como pueden, otean la ciudad como halcones y no paran de meterse en líos. Su reinado en las alturas tocará a su fin cuando aparezca un grupo de mafiosos. La ciudad está en peligro, y Kuro y Shiro están dispuestos a acudir al rescate aunque tengan que enfrentarse a la yakuza y sus ""aliens asesinos"". Basada en el manga de Taiyou Matsumoto, ""Tekkonkinkreet"" combina la animación tradicional con las más moderna tecnología en 3D.",7.368,https://image.tmdb.org/t/p/w500/4sFl4dAHLN5gmXPmIQBdYlRJbST.jpg
La escalera de Jacob,Jacob's Ladder,1990,"Drama, Misterio, Terror",115,"El cartero neoyorkino Jacob Singer intenta evitar que los jirones de su vida terminen de deshilacharse. Lo acosan incesantes flashbacks de su primer matrimonio, de su hijo muerto y de su periodo de servicio en Vietnam. En su nueva esposa busca un asidero hacia la lucidez, pero la línea entre la realidad y el delirio se hace cada vez más delgada. Tim Robbins protagoniza una escalofriante historia de un hombre que desciende al infierno, brillantemente dirigida por Adrian Lyne.",7.368,https://image.tmdb.org/t/p/w500/1wSyCFk53Xx7kVU76bLEDWk6BgA.jpg
Superman II: El montaje de Richard Donner,Superman II: The Richard Donner Cut,2006,"Ciencia ficción, Acción, Aventura",116,"Al contrario que cualquier otra ""edición especial"" o ""versión del director"" lanzada en los últimos años, ""Superman II: El montaje de Richard Donner"" es un film muy diferente a ""Superman II"" de Richard Lester; la película está remontada e incluye muchas escenas nuevas, como 15 minutos de filmaciones de Marlon Brando. Se descartaron del montaje las secuencias cómicas y la película es así más oscura y dramática.  Es una producción oficial realizada por Donner (no por fans) cuando tras el lanzamiento en cines de Superman Returns, el director pudo reunir suficiente dinero como para ponerla en orden y estrenarla directamente en el mercado de vídeo. Recibió críticas positivas de todos los medios y fue nominada a varios premios.",7.4,https://image.tmdb.org/t/p/w500/5OmD24o6s6LX6JK7RoBtXywUC4K.jpg
La gran apuesta,The Big Short,2015,"Comedia, Drama",130,"Cuando cuatro tipos fuera del sistema descubren que los grandes bancos, los medios de comunicación y el gobierno se niegan a reconocer el colapso de la economía, tienen una idea: 'La Gran Apuesta'…  pero sus inversiones de riesgo les conducen al lado oscuro de la banca moderna, donde deben poner en duda todo y a todos...",7.367,https://image.tmdb.org/t/p/w500/kNjz9Ezuf8tZHP2MfMbtDzDJ8wR.jpg
¿Por qué no jugamos en el infierno?,地獄でなぜ悪い,2013,"Drama, Acción, Comedia",129,"Ikegami es un gangster que guarda rencor hacia un viejo rival llamado Muto, de cuya hija Himizu siempre ha estado enamorado. Hirata, un director de cine, y un hombre llamado Kouji también se verán involucrados en este enredo.",7.4,https://image.tmdb.org/t/p/w500/nmPZn55tpVbYRAQy7RyUuARigJu.jpg
Un momento en el tiempo (Waves),Waves,2019,"Romance, Drama",140,Dos parejas jóvenes navegan a través del campo de minas emocional que supone madurar y enamorarse por primera vez.,7.4,https://image.tmdb.org/t/p/w500/zsMsvHN3SDhaJiDYcnFyF2zjBd6.jpg
Jóvenes titanes: El contrato de Judas,Teen Titans: The Judas Contract,2017,"Ciencia ficción, Animación, Acción",84,"Tara Markov es una chica que tiene poder sobre la tierra y la piedra; ella también es más de lo que parece. ¿Es la nueva Teen Titan una aliada o una amenaza? ¿Y cuáles son los planes del mercenario Deathstroke para los Titanes? Adaptación del famoso cómic publicado en 1984, escrito por Marv Wolfman y dibujado por George Pérez.",7.4,https://image.tmdb.org/t/p/w500/mRr1yD7KFS88hesTjQCURpK0A7w.jpg
La Belle Époque,La Belle Époque,2019,"Comedia, Drama",110,"Víctor, un sexagenario desilusionado, ve su vida trastornada el día en que Antoine, un brillante empresario, le ofrece un nuevo tipo de atracción: mezclando artificios teatrales y reconstrucción histórica, la empresa de Antoine ofrece a sus clientes la oportunidad de sumergirse de nuevo en una era de su elección. Victor decide entonces revivir la semana más memorable de su vida: aquella en la que, 40 años antes, conoció a su gran amor.",7.365,https://image.tmdb.org/t/p/w500/rhxCF3d2MbiV2ECZi1bTLwvV9Yj.jpg
La decisión de Anne,My Sister's Keeper,2009,Drama,109,"La vida de Sara (Cameron Diaz) y Brian Fitzgerald (Jason Patric) cambia radicalmente cuando a su hija Kate (Vassilieva), de sólo dos años, le diagnostican una leucemia. Inmediatamente, Sara abandona su carrera de abogado para dedicarse por entero al cuidado de su hija. Su única esperanza para salvarla es tener otro hijo. La ingeniería genética es un campo que plantea aún cuestiones morales muy espinosas, pero para los Fitzgerald es la única opción. Así es cómo nace Anne (Breslin), y entre ella y Kate se establece una relación mucho más profunda de lo normal, sobre todo porque ambas tendrán que someterse a diversos tratamientos médicos y compartirán largas estancias en el hospital.",7.365,https://image.tmdb.org/t/p/w500/bvLsfZfaqGiq46lEbtWj7WuQjZ9.jpg
El matrimonio de Maria Braun,Die Ehe der Maria Braun,1979,Drama,120,"Maria y Hermann Braun se casan durante un bombardeo, poco antes de que él sea enviado al frente ruso. Al final de la guerra, Hermann figura en las listas de desaparecidos. En la ciudad, entre las ruinas, reina el mercado negro y la prostitución. También Maria, para poder sobrevivir, debe prostituirse. Así se hace amante de Bill, un soldado negro americano, del que queda embarazada; pero su marido reaparece.",7.365,https://image.tmdb.org/t/p/w500/pzPV0YOnxyFC01R4KwBjTo63itw.jpg
¿Conoces a Joe Black?,Meet Joe Black,1998,"Fantasía, Drama, Romance",178,"William Parrish es un poderoso y meticuloso magnate cuya vida se ve alterada por la llegada de un enigmático joven llamado Joe Black que se enamora de su hija. Se trata, en realidad, de la personificación de la muerte, con una misión que cumplir en dicho hogar. Versión del filme de 1934 ""La muerte de vacaciones"".",7.4,https://image.tmdb.org/t/p/w500/z2jzFfXTXnZ7oytCiIEieSXDb1b.jpg
Máquina de guerra,War Machine,2026,"Acción, Ciencia ficción, Suspense",106,"En una última misión agotadora durante el entrenamiento para ser ranger, un ingeniero de combate debe liderar a su unidad contra una gigantesca máquina asesina de otro mundo.",7.364,https://image.tmdb.org/t/p/w500/5C18uOTbDZRvVIZcVRO747k2fUi.jpg
Culpa nuestra,Culpa nuestra,2025,"Romance, Drama",110,"La boda de Jenna y Lion propicia el tan deseado reencuentro entre Noah y Nick tiempo después de su ruptura. La incapacidad de Nick para perdonar a Noah se alza como una barrera insalvable. Él, heredero de las empresas de su abuelo y ella, empezando su vida laboral, se resisten a alimentar una llama que aún sigue viva. Pero una vez que sus caminos se han vuelto a cruzar, ¿será el amor más fuerte que el rencor? Secuela de ""Culpa tuya"".",7.364,https://image.tmdb.org/t/p/w500/6kmi6vmp6iOn4KzI7WfnVtAeJhU.jpg
El magnífico Iván,The One and Only Ivan,2020,"Familia, Comedia, Drama",95,"Ivan es un gorila de espalda plateada de 400 libras que comparte un hábitat comunal en un centro comercial suburbano con Stella el elefante, Bob el perro y varios otros animales. Tiene pocos recuerdos de la jungla donde fue capturado, pero cuando llega una cría de elefante llamada Ruby, toca algo profundo dentro de él. Ruby se separó recientemente de su familia en la naturaleza, lo que le hace cuestionar su vida, de dónde viene y dónde quiere estar en última instancia.",7.364,https://image.tmdb.org/t/p/w500/a8DMtkQBCA44tDNxapqsF99M6K0.jpg
Mudbound,Mudbound,2017,Drama,135,Dos hombres regresan de la Segunda Guerra Mundial a una pequeña población rural en Mississippi. Allí tendrán que adaptarse a su nueva vida tras la guerra y al racismo imperante en la región.,7.4,https://image.tmdb.org/t/p/w500/tf21kSKepMOlnorszWaiFwksKU4.jpg
Redención (Southpaw),Southpaw,2015,"Acción, Drama",123,"Pese a haber gozado de gloria y de premios en su pasado, un luchador (Jake Gyllenhaal) ha caído en desgracia. Sin embargo, no se ha rendido y ha tomado la decisión de mejorar su imagen por el bien de su mujer y su hija.",7.364,https://image.tmdb.org/t/p/w500/vMXldZHhDTkMvw9AYePwHInyJ1n.jpg
Black Panther,Black Panther,2018,"Acción, Aventura, Ciencia ficción",134,"Después de los acontecimientos de ""Capitán América: Civil War"", T'Challa vuelve a casa, la nación aislada y muy avanzada tecnológicamente de Wakanda, para ser proclamado Rey. Pero la reaparición de un viejo enemigo pone a prueba el temple de T'Challa como Rey y Black Panther ya que se ve arrastrado a un conflicto que pone en peligro todo el destino de Wakanda y del mundo.",7.4,https://image.tmdb.org/t/p/w500/lAPzezdc5E6DFnttJwCWXZ9A9C6.jpg
Belladonna of Sadness,哀しみのベラドンナ,1973,"Animación, Drama, Fantasía",86,"Tras ser desterrada de su aldea, una campesina forja un pacto con el diablo que le otorgará habilidades mágicas. Reinvención repleta de simbolismo y psicodelia de la historia de Juana de Arco, con elementos del libro ""La Sorcière"", de Jules Michelet. Forma parte de la trilogía ""Animerama"", ideada por el padre del manganime Osamu Tezuka, formada por ""Las mil y una noches"" (1969), ""Cleopatra"" (1970) y ""Belladonna of Sadness"" (1973).",7.4,https://image.tmdb.org/t/p/w500/4U9Bbc7UqvKahDV0ZELaASBLNLh.jpg
Shine. El resplandor de un genio,Shine,1996,Drama,105,"Basada en hechos reales, narra la historia de David Helfgott, un brillante y virtuoso pianista australiano cuya insoportable presión paterna le traumatizó hasta el punto de alcanzar estados de demencia y sufrir internamiento en un asilo.",7.364,https://image.tmdb.org/t/p/w500/cbmThowj2XAW7lKlMAXmnhZvjGI.jpg
Fruitvale Station,Fruitvale Station,2013,Drama,82,"Oakland, California. El joven afroamericano Oscar Grant se encuentra con familiares, amigos, enemigos y desconocidos antes de enfrentarse a su destino en el andén de la estación de Fruitvale, en las primeras horas de la mañana del día de Año Nuevo de 2009.",7.363,https://image.tmdb.org/t/p/w500/oXSy3nEKFtfw5iRxdG8ouEFAnxs.jpg
Naruto Shippuden 6 El camino del Ninja,ROAD TO NINJA -NARUTO THE MOVIE-,2012,"Animación, Fantasía, Acción",109,"La película se basa en una realidad alterna del universo de Naruto, en la que él nunca perdió a sus padres, y Tobi, (el villano enmascarado), lleva a cabo su plan ""Ojo de Luna"" para gobernar el mundo, sumiéndolo bajo una ilusión. En esta película los personajes como Sasuke Uchiha tiene una personalidad más agradable y gentil, además de que le gusta Sakura Haruno.",7.4,https://image.tmdb.org/t/p/w500/6iew8qAycIqPRGORKTkbrzKMqOS.jpg
El perfume: Historia de un asesino,Perfume: The Story of a Murderer,2006,"Crimen, Fantasía, Drama",147,"Francia, siglo XVIII. Adaptación del famoso best-seller de Patrick Süskind. Jean Baptiste Grenouille nació en medio del hedor de los restos de pescado de un mercado y fue abandonado por su madre en la basura. Las autoridades se hicieron cargo de él y lo mandaron a un hospicio. Creció en un ambiente hostil; nadie le quería, porque había en él algo excepcional: carecía por completo de olor. Estaba, sin embargo, dotado de un extraordinario sentido del olfato. A los veinte años, después de trabajar en una curtiduría, consiguió trabajo en casa del perfumista Bandini, que le enseñó a destilar esencias. Pero él vivía obsesionado con la idea de atrapar otros olores: el olor del cristal, del cobre, pero, sobre todo, el olor de algunas mujeres.",7.363,https://image.tmdb.org/t/p/w500/dAR6MYoz8VrUhGsT0F8ZsqONtdp.jpg
Remember,Remember,2015,"Drama, Suspense, Misterio",94,"Zev (Christopher Plummer) es un judío superviviente del Holocausto ya de 90 años y con alzheimer que busca a Rudy, un criminal de guerra nazi que fue responsable de la muerte de su familia, con el objetivo de asesinarlo.",7.362,https://image.tmdb.org/t/p/w500/x496Ip0weJYfsEX23eNyzG4MjXV.jpg
Serenity,Serenity,2005,"Ciencia ficción, Acción, Aventura, Suspense",119,"Siglo XXVI. Tras ganar la guerra Civil Galáctica, las dos grandes potencias mundiales, EE.UU. y China, se unen para formar un gobierno totalitario llamado Alianza Universal. El Capitán Malcolm Reynolds es un curtido veterano de la guerra que se gana la vida alquilando su nave, la Serenity y buscando trabajos al margen de la ley. Su única familia es una pequeña y leal tripulación de disidentes y rebeldes. Cuando Malcom embarca a dos nuevos pasajeros, un médico y su inestable hermana, que está dotada de poderes telepáticos, enseguida descubre que ambos son fugitivos de la Alianza y que ésta no se detendrá hasta dar con la chica. Y, en efecto, la tripulación de la Serenity se verá atrapada entre el poderoso ejército de la Alianza y los Ravers, salvajes bárbaros que vagan por los confines del espacio. Así las cosas, empiezan a darse cuenta de que quizá el mayor peligro se encuentra a bordo de la Serenity.",7.362,https://image.tmdb.org/t/p/w500/zD81lzAEsTeEDl8f1C6t4USRihg.jpg
Forajidos,The Killers,1946,"Crimen, Misterio, Suspense",103,"Una vez terminada la Segunda Guerra Mundial (1939-1945), Swede Lunn, un soldado veterano y boxeador en declive, encuentra dificultades para reincorporarse a la vida civil. Un día conoce a la novia de un gángster, la irresistible y misteriosa Kitty Collins.",7.4,https://image.tmdb.org/t/p/w500/ojf6epFQIfETydOPmGvSZB4GyFN.jpg
Lo que queda del día,The Remains of the Day,1993,"Drama, Romance",134,"Stevens es el perfecto mayordomo inglés, un ideal que lleva hasta el extremo al servicio de su señor, Lord Darlington. Como muchos otros miembros de la aristocracia británica en los años 30, Darlington es captado por los nazis para intentar establecer una vía de comunicación con el gobierno del Reino Unido. La señorita Kenton es el ama de llaves de la mansión, una mujer joven y llena de vida que contempla horrorizada lo que sucede escaleras arriba. A pesar de sus temores, ella y Stevens se van enamorando poco a poco, aunque ninguno de ellos quiera reconocerlo.",7.362,https://image.tmdb.org/t/p/w500/2CNyjpycDAXXmiQdcm5Zk4qcKxa.jpg
La reina de África,The African Queen,1952,"Romance, Aventura, Drama",105,"Durante la Primera Guerra Mundial, un capitán de barco con tendencia a la bebida y una estirada misionera huyen de las tropas alemanas en una ruinosa embarcación y se ven obligados a remontar un peligroso río. Son, a primera vista, dos seres antagónicos, incompatibles, pero la convivencia y, sobre todo, las penalidades que tendrán que afrontar juntos para sobrevivir harán cambiar radicalmente su relación.",7.4,https://image.tmdb.org/t/p/w500/kKFqbL0Sz26hwTXC792TybDlCdi.jpg
Smetto quando voglio - Masterclass,Smetto quando voglio - Masterclass,2017,"Acción, Comedia, Crimen",113,"La banda del neurobiólogo Pietro y sus cultos compañeros se enriquece con nuevos integrantes, los llamados cerebros en fuga, en una misión que los llevará a ser “el brazo universitario de la ley”. El grupo se ve obligado a cambiar de bando: a cambio de un expediente limpio de antecedentes policiales, deberá colaborar en secreto con la policía para acabar con la propagación de las nuevas drogas, bajo las órdenes de la ambiciosa inspectora Paola Coletti.",7.4,https://image.tmdb.org/t/p/w500/dNjjYoG548jXR4GS5HfLQkVymid.jpg
Sin techo ni ley,Sans toit ni loi,1985,Drama,100,"Varda hace un lírico réquiem de Mona, una adolescente vagabunda que es encontrada muerta, mostrando en flashback sus últimos meses de vida, su desarraigo social y sus relaciones con la gente que conoció.",7.4,https://image.tmdb.org/t/p/w500/a42VZYIhgHIyrlvhVpzvLtOAdmf.jpg
RoboCop,RoboCop,1987,"Acción, Suspense, Ciencia ficción",102,"Parte del cuerpo de un policía asesinado, es utilizado para crear un «superpolicía» con cuerpo mecánico y cerebro humano. Aunque los científicos aseguran que el robot no tendrá remordimientos, éstos acabarán apareciendo en la memoria del humanoide.",7.4,https://image.tmdb.org/t/p/w500/aWUZ3gcjaWzjEr0KcZubpeJ4hFr.jpg
Match Point,Match Point,2005,"Drama, Romance, Suspense",124,"Chris Wilton es un ambicioso y joven profesor de tenis con escasos recursos económicos. Gracias a su amistad con Tom Hewett, consigue entrar en la alta sociedad londinense y enamorar a su hermana Chloe. Tom, por su parte, sale con Nola Rice, una atractiva americana, de la que Chris se encapricha nada más verla. El azar, la pasión y, sobre todo, la ambición llevarán a Chris a cometer acciones que determinarán su vida y la de los demás para siempre.",7.36,https://image.tmdb.org/t/p/w500/fW7gBiatYNZcrgPbcX0U9UdiDNT.jpg
Moonlight,Moonlight,2016,Drama,111,"Chiron es un joven afroamericano con una difícil infancia y adolescencia, que crece en una zona conflictiva de Miami. A medida que pasan los años, el joven se descubre a sí mismo intentando sobrevivir en diferentes situaciones. Durante todo ese tiempo, Chirón tendrá que hacer frente a la drogadicción de su madre y al violento ambiente de su colegio y su barrio.",7.359,https://image.tmdb.org/t/p/w500/4911T5FbJ9eD2Faz5Z8cT3SUhU3.jpg
Submarine,Submarine,2011,"Drama, Comedia, Romance",97,"Oliver Tate (Craig Roberts) es un peculiar joven de 15 años que tiene dos objetivos: impedir que su madre deje a su padre y encontrarse a sí mismo aunque sea a través de una chica, Jordana.",7.359,https://image.tmdb.org/t/p/w500/hZzj3MNUFbzy7WGLCzc3txp4BMX.jpg
Un hombre y una mujer,Un homme et une femme,1966,"Drama, Romance",102,Anne es una joven viuda que tiene una hija pequeña y cuyo marido murió durante el rodaje de una escena peligrosa. Ella también trabaja en el mundo del cine. Jean-Louis Duroc es también un joven viudo que tiene un hijo de corta edad; es un hombre más bien triste e introvertido.,7.4,https://image.tmdb.org/t/p/w500/2iMP9MVV38bvAmx3PkmRJQg0iHT.jpg
Leo,Leo,2023,"Animación, Comedia, Familia",102,"Leo (Sandler) es un lagarto de 74 años que lleva atrapado en el mismo aula de Florida durante décadas con su compañera de terrario, una tortuga (Bill Burr). Cuando se entera de que solo le queda un año de vida, Leo planea escapar para experimentar la vida en el exterior, pero entonces comienzan sus problemas.",7.358,https://image.tmdb.org/t/p/w500/bx3nuzVSyDSrSj0HqE2SFvZEeKT.jpg
La escuela de la vida,L'École buissonnière,2017,"Drama, Comedia, Familia",116,"Paul es un joven huérfano que se encuentra perdido en el Paris de 1930. Gracias a Celestine, esposa del guardabosques y camarera del conde de La Fresnaye, descubrirá un nuevo mundo y tendrá una especie de hogar. Comenzará una nueva vida para Paul, que por el camino descubrirá al cazador furtivo Totoche, un misterioso y solitario hombre que le mostrará los pequeños detalles de la vida y sobre todo los del bosque.",7.358,https://image.tmdb.org/t/p/w500/sluD9qPd6tbpG95kq9cbvLmhqz9.jpg
Los descendientes 2,Descendants 2,2017,"Familia, Fantasía, Película de TV, Aventura, Música",112,"Cuando la presión de ser real se convierte en demasiado para Mal, ella regresa a la isla de los perdidos donde su archienemiga Uma, la hija de Úrsula, ha tomado su lugar como la reina autoproclamada.",7.358,https://image.tmdb.org/t/p/w500/uQCZ12XelnvTchY9ncdLgnm4Gqy.jpg
Big Fish & Begonia,大鱼海棠,2016,"Animación, Aventura, Fantasía",90,"Más allá del reino humano, existe una raza mágica de seres que controlan las mareas y el cambio de estaciones. Uno de estos seres, una joven llamada Chun, busca algo más: ¡quiere experimentar el mundo humano! A los dieciséis años, finalmente tiene su oportunidad y se transforma en un delfín para explorar el mundo que la fascina. Pero pronto descubre que es un lugar peligroso y casi muere en un vórtice. Afortunadamente, su vida se salva cuando un joven se sacrifica para salvarla. Conmovida por su amabilidad y coraje, usa magia para devolverle la vida, solo para descubrir que este poder tiene un alto precio. En una nueva aventura, tendrá que hacer sus propios sacrificios para proteger su alma hasta que esté lista para regresar al mundo humano.",7.358,https://image.tmdb.org/t/p/w500/yKHEKsrIJLfPoS9f7m5Stbo6fpJ.jpg
Leviatán,Левиафан,2014,"Drama, Crimen",141,"Kolia vive en un pueblito a orillas del mar de Barents, al norte de Rusia. Tiene un taller de mecánica al lado de su casa, en donde vive con su joven esposa, Lylia, y su hijo Romka, fruto de una relación anterior. El alcalde del pueblo, Vadim Sergeyich, desea apropiarse del terreno de Kolia, de su casa y su taller para realizar sus proyectos. Primero intenta comprar el terreno, pero Kolia no soporta la idea de perder todo lo que posee; no solamente el terreno, sino la belleza que le rodea desde que nació.",7.358,https://image.tmdb.org/t/p/w500/yDFHS1iXHd0bpoHJB70Z4mQkEMJ.jpg
The Yellow Sea,황해,2010,"Drama, Suspense, Crimen",157,"Frontera entre Rusia, China y Corea del Norte. Acosado por las deudas, casi en la miseria, un hombre acepta un contrato para asesinar a alguien. Es su último recurso para cubrir las necesidades de su familia. Conoce pocas cosas sobre su víctima, pero nunca hubiera imaginado que acabaría siendo engullido por un engranaje criminal.",7.4,https://image.tmdb.org/t/p/w500/cr6OwVNikrT2BFRKUNSaWpETl0Y.jpg
El tiempo en sus manos,The Time Machine,1960,"Suspense, Aventura, Fantasía, Ciencia ficción, Romance",103,"El tiempo en sus manos cuenta como en 1899 un científico finaliza la construcción de un vehículo que le permite viajar a través del tiempo.Poco después, inicia un alucinante viaje a través de los siglos, y es testigo entre otros acontecimientos, de la Segunda Guerra Mundial y de un holocausto atómico en 1966, del que sale ileso.Su último destino es un paradisiaco lugar, localizado en una era muy posterior a la nuestra, concretamente en el año el año 802701, donde vivirá una increíble aventura.",7.4,https://image.tmdb.org/t/p/w500/rqR0I0EITpG6uY27aQYDxItXH4a.jpg
Jackie Brown,Jackie Brown,1997,"Crimen, Drama, Suspense",154,"Jackie Brown es una azafata de vuelo que necesita dinero y hace de correo para Robbie, un mafioso buscado por la policía. Todo parece ir bien hasta que un día es sorprendida en la aduana y acusada de tráfico de drogas y evasión de capital. Sólo podrá evitar su ingreso en prisión, si acepta una propuesta de la policía: ayudarles a llegar hasta Robbie.",7.358,https://image.tmdb.org/t/p/w500/vNrJ3ODvu2dvqIdHHbzgsVjgp4X.jpg
¡Rompe Ralph!,Wreck-It Ralph,2012,"Familia, Animación, Comedia, Aventura",101,"Durante décadas, Ralph ha vivido a la sombra de Repara-Félix Jr., el chico bueno de su videojuego. Cansado de ser el malo de la historia, Ralph decide tomar el asunto por sus propias y gigantes manos, y se lanza en un viaje a través de los distintos mundos y generaciones de videojuegos para demostrarle al mundo que él también puede ser un héroe.",7.357,https://image.tmdb.org/t/p/w500/lTpE4JQ2C09NicqvDhwi70IRz62.jpg
Wallace y Gromit: Un asunto de pan o muerte,A Matter of Loaf and Death,2008,"Familia, Animación, Comedia, Misterio, Romance",27,"Wallace y su perro, Gromit, abren una panaderia. Al poco de tenerla abierta se encuentran con misterioso asesinato, pero tras el enamoramiento de Wallace, Gromit se encontrará solo para resolver el caso.",7.357,https://image.tmdb.org/t/p/w500/sksEtIqrcNUWQrBYMzl9chITWEc.jpg
De ilusión también se vive,Miracle on 34th Street,1947,"Comedia, Drama, Familia",96,"Durante un desfile navideño organizado por las grandes almacenes Macy de Nueva York, el hombre que encarna a Santa Claus ha de ser sustituido porque se encuentra indispuesto. Un anciano llamado Kris Kringle es contratado para el trabajo, pero todo se complica cuando asegura que es el auténtico Santa Claus.",7.4,https://image.tmdb.org/t/p/w500/kV6xtZpp69JKy5RvFKEX0uGbP3B.jpg
Europa,Europa,1991,"Crimen, Drama, Suspense",112,"Tras la Segunda Guerra Mundial (1939-1945), Leo Kessler, un joven americano de origen alemán, se traslada a Alemania para trabajar con su tío en una compañía de ferrocarriles. Su trabajo le permitirá viajar, fascinado, por un país destruido por la guerra; pero también tendrá que enfrentarse poco a poco a los horrores de la barbarie nazi.",7.357,https://image.tmdb.org/t/p/w500/fxLHW93OLOsJKpe6pbO8VM9y2Ss.jpg
La mala educación,La mala educación,2004,"Drama, Crimen",105,"En esta película, Pedro Almodóvar explora el abuso sexual en la Iglesia Católica española durante la década de 1960. La película trata sobre dos niños que son maltratados en una escuela católica y de las luchas a las que se tienen que enfrentar más tarde con su identidad sexual y el odio hacia los sacerdotes.",7.357,https://image.tmdb.org/t/p/w500/vvo5MzVAxRtduA2wEHDp8YWWTpk.jpg
Una batalla tras otra,One Battle After Another,2025,"Suspense, Crimen, Comedia",162,"Un ex revolucionario, tras años apartado de la lucha, se ve obligado a volver a la acción para enfrentar a viejos enemigos en un ambiente cargado de tensión política, racismo y violencia militar... Adaptación modernizada de la novela 'Vineland', de Thomas Pynchon (1990), sobre los movimientos radicales de los años sesenta.",7.356,https://image.tmdb.org/t/p/w500/iZ1499F6hYxDxiqioy8oSUaxipG.jpg
El instante más oscuro,Darkest Hour,2017,"Drama, Historia",130,"En mayo de 1940 el destino de Europa occidental depende del primer ministro británico Winston Churchill, quien debe decidir si negociar con Adolf Hitler o luchar sabiendo que podría significar una derrota humillante para Gran Bretaña y su imperio.",7.356,https://image.tmdb.org/t/p/w500/pROgBIY53avDaU2lwky1zs6hSoh.jpg
Kirikú y la bruja,Kirikou et la sorcière,1998,"Fantasía, Aventura, Animación, Familia",76,"Kirikú es un niño muy pequeño que sabe exactamente lo que quiere incluso, antes de su nacimiento. Es independiente, generoso y valiente, cualidades que necesitará emplear a fondo porque Kirikú ha nacido en un poblado africano sobre el que la terrible y hermosa bruja Karabá ha extendido un maleficio: no hay flores, ni agua, tienen que entregarle tributos y no quedan hombres, porque según creen los habitantes del poblado, se los ha comido la bruja.",7.356,https://image.tmdb.org/t/p/w500/60cUt5geHVDLvEASVVhuCYjtUEd.jpg
Náufragos,Lifeboat,1944,"Bélica, Drama",96,"Durante la Segunda Guerra Mundial, ocho supervivientes de un barco que ha sido torpedeado comparten un bote salvavidas. También recogerán a un nazi que está a punto de ahogarse, lo que provocará diversas tensiones entre los tripulantes.",7.4,https://image.tmdb.org/t/p/w500/9oeYBuG7Ev2NwuBmJcpxpY2PR2e.jpg
El Dorado,El Dorado,1966,"Western, Drama",126,"Cole Thornton, un pistolero a sueldo, une fuerzas con un viejo amigo, el sheriff JP Hara. Junto con un viejo luchador indio y jugador, ayudan a un ranchero y su familia luchar contra un ranchero rival que está tratando de robar su agua.",7.356,https://image.tmdb.org/t/p/w500/gCA1Zb1Kw1Zo6wSodCIlZPVfwpo.jpg
La dama de Shanghai,The Lady from Shanghai,1947,"Misterio, Crimen, Suspense, Drama",87,"Michael O'Hara (Orson Welles), un marinero irlandés, entra a trabajar en un yate a las órdenes de un inválido casado con una mujer fatal (Rita Hayworth) y queda atrapado en una maraña de intrigas y asesinatos.",7.4,https://image.tmdb.org/t/p/w500/uW5BCzJuYVgoSvQOC0bIYevUpXX.jpg
Sin Tregua,End of Watch,2012,"Crimen, Drama, Suspense",109,Los agentes Taylor y Zavala son dos policías de Los Angeles que patrullan las calles y que tendrán que superar su mayor reto cuando se convierten en el objetivo de una peligrosa banda de narcotraficantes que han puesto precio a su cabeza.,7.355,https://image.tmdb.org/t/p/w500/eoXAkRSVP8yVBbYNh0vkDWLvUh.jpg
Watchmen,Watchmen,2009,"Misterio, Acción, Ciencia ficción",163,"Estados Unidos, años 80. La Guerra Fría está en su apogeo, y los superhéroes, que antes habían sido admirados, ahora son perseguidos por la ley. Un día aparece muerto uno de ellos, ""El Comediante"", que trabajaba para la CIA. Su amigo Rorschach, el único héroe enmascarado en activo, emprenderá la investigación de su muerte, tras la que se oculta algo muy importante. Esperadísima adaptación del cómic de Alan Moore y Dave Gibbons (1986).",7.4,https://image.tmdb.org/t/p/w500/bQ1fT5xjhFesHqKe1NgY088yOT8.jpg
Impacto,Blow Out,1981,"Crimen, Misterio, Suspense",108,"El protagonista es un ingeniero de sonido que trabaja en películas de terror baratas. Una noche, mientras graba efectos sonoros, observa cómo un coche en el que viaja una pareja cae desde un puente a un río. A pesar de sus esfuerzos, sólo consigue salvar a la chica. Cuando se entera de que el hombre muerto era un candidato a la Presidencia de la Nación, recuerda haber escuchado un disparo antes del accidente y, entonces, empieza a sospechar que fue un atentado.",7.355,https://image.tmdb.org/t/p/w500/vbHo8X0Zpny7rSovAdAEJeXVRwK.jpg
La terminal,The Terminal,2004,"Comedia, Drama",129,"Viktor Navorski es un inmigrante balcánico que, al estallar la guerra en su país y quedar anulado su pasaporte, se encuentra involuntariamente exiliado en un aeropuerto de los Estados Unidos.",7.4,https://image.tmdb.org/t/p/w500/GZHg5TMQpfNDjOWJ6zO2mO7ftS.jpg
Minority Report,Minority Report,2002,"Ciencia ficción, Acción, Suspense",145,"Washington DC, año 2054. La policía utiliza tecnología psíquica para arrestar y enjuiciar a los asesinos antes de que cometan un crimen. El futuro se puede predecir y los culpables son detenidos por la unidad de élite Precrime antes de que puedan delinquir. Las pruebas se basan en los ""precogs"", tres seres psíquicos cuyas visiones sobre los asesinatos nunca han fallado.",7.355,https://image.tmdb.org/t/p/w500/q5qipy536mgsejg6AWPP9lmkGkG.jpg
El Grúfalo,The Gruffalo,2009,"Animación, Familia, Película de TV",27,"Adaptación animada en CGI de un clásico libro para niños. Un pequeño ratón se encuentra con tres depredadores en el bosque: un zorro, una lechuza y una serpiente. Usando su astucia, el ratón debe encontrar la manera de sobrevivir a estos peligrosos cazadores.",7.354,https://image.tmdb.org/t/p/w500/sMj4v12RMJRv19u89efxtEe7A8J.jpg
Blow,Blow,2001,"Crimen, Drama",119,"Basada en hechos reales, cuenta la historia de George Jung, un hombre de familia humilde que consiguió hacerse multimillonario gracias a su propia versión del sueño americano. Durante su estancia en la cárcel se adentra en el mundo del narcotráfico en Colombia, y a través de un ingenioso sistema de importación llega a comerciar la mayor parte de la cocaína que entra en Estados Unidos durante los 70. Acompañado por Mirtha y Delgado, formarán un triángulo que compartirá situaciones límite dominadas por la pasión, el odio, la amistad y una desmedida ambición de poder.",7.354,https://image.tmdb.org/t/p/w500/mKchBmaj69q1hTDWOpXLxZ26cVw.jpg
James Bond contra Goldfinger,Goldfinger,1964,"Aventura, Acción, Suspense",108,"Un malvado magnate, Auric Goldfinger, quiere hacer estallar una bomba atómica en Fort Knox, donde está toda la reserva federal de oro de los Estados Unidos, para poder así incrementar enormemente el precio del metal dorado.",7.4,https://image.tmdb.org/t/p/w500/tA0AqFwuFvQCzLdBzEnIlK4RayX.jpg
Migración. Un viaje patas arriba,Migration,2023,"Familia, Comedia, Aventura, Animación",83,"La familia Mallard se ha quedado 'estancada'. Mientras papá Mack se siente realizado cuidando de su familia en su estanque de Nueva Inglaterra, mamá Pam se muere de ganas de vivir la vida y hacer descubrir a sus hijos –el adolescente Dax y la patita Gwen– el mundo en toda su amplitud. Después de que una familia de patos migratorios llegue a su estanque con maravillosas historias de lugares lejanos, Pam consigue convencer a Mack de que deben viajar a la tropical Jamaica pasando por Nueva York. Los Mallard emprenden el viaje hacia el sur para pasar el invierno, pero nada sale como estaba previsto. La experiencia les ayudará a descubrir horizontes desconocidos, a hacer nuevos amigos, a vivir experiencias que jamás imaginaron, y de paso, a conocerse mejor.",7.353,https://image.tmdb.org/t/p/w500/diEeiB2DmZZadHISkg24RO2n0rT.jpg
El pequeño Lord,Little Lord Fauntleroy,1980,"Familia, Drama, Película de TV",103,"Ceddie, un niño pobre de Brooklyn, se convierte en el heredero del título y la fortuna de un conde inglés. Pero el testamento contiene una cláusula que lo obliga a vivir a Inglaterra con su abuelo, un viejo cascarrabias de carácter frío y amargado",7.353,https://image.tmdb.org/t/p/w500/7rLhBRseh1ZVNMQIFUxhy9IcWvi.jpg
El octavo día,Le Huitième Jour,1996,Drama,118,"La historia retrata el encuentro entre dos mundos: el de Georges, un hombre con Síndrome de Down , y el de Harry, un ejecutivo . Harry, cuyo único alimento cotidiano es la artificialidad del pensamiento positivo, tiene mucho que aprender de Georges. El octavo día, ese que no figura en ningún calendario, que nunca termina, se manifiesta en el choque entre el orden y la anarquía, la razón y la locura.",7.353,https://image.tmdb.org/t/p/w500/35bGaEbd8Kgy4mWwdoKrm5F41Fe.jpg
Aquellos días felices,Nos jours heureux,2006,"Comedia, Familia",100,"Historia de unos jóvenes en un campamento de verano. Batallas de comida, los primeros amores, los primeros pitillos a escondidas, los primeros guateques, excursiones a museos que son un ""tostón"", noches de acampada, canciones junto al fuego... Los ligues de los monitores, las locuras de los chicos, las visitas sorpresa de los inspectores de sanidad y los ""previsibles imprevistos"", harán las vacaciones más movidas de lo esperado.",7.353,https://image.tmdb.org/t/p/w500/m3GJUarfKgn5OLJZmSjUtV7Bcwh.jpg
Camino a la perdición,Road to Perdition,2002,"Crimen, Drama, Suspense",117,"En los oscuros años de la Gran Depresión, Michael Sullivan es un asesino a sueldo que profesa una lealtad inquebrantable a su jefe, el señor Rooney, y, al mismo tiempo, un buen padre de familia. Son tiempos duros en Rock Island, donde domina la mafia irlandesa, la Ley Seca sigue vigente y los gánsteres, especialmente Al Capone en Chicago, están en la cima del poder. Pero un día, inesperadamente, el hijo de doce años de este asesino a sueldo, Michael Jr., decide seguir a su padre para ver en qué consiste exactamente su trabajo.",7.4,https://image.tmdb.org/t/p/w500/vnYLI3BFyaHX6XHSbE6mlcK4vbR.jpg
Devuélvemela,Bring Her Back,2025,Terror,104,"Un hermano y su hermana descubren un aterrador ritual en la apartada casa de su nueva madre adoptiva. Lo que parece un hogar seguro pronto se convierte en una pesadilla, donde figuras siniestras, extrañas imágenes en vídeo y sucesos paranormales los rodean.",7.352,https://image.tmdb.org/t/p/w500/cl3VbcYxzWnDPetd7SbdhSxwWoL.jpg
El gran Gatsby,The Great Gatsby,2013,"Drama, Romance",143,"Adaptación de la novela homónima de F. Scott Fitzgerald. En la alta sociedad norteamericana, llama la atención la presencia de Gatsby, un hombre misterioso e inmensamente rico, al que todos consideran un advenedizo, lo que no impide que acudan a sus fastuosas fiestas. Gatsby vive obsesionado con la idea de recuperar al amor de su juventud.",7.4,https://image.tmdb.org/t/p/w500/j4lLlVyOLzNVlLcBz6UGsAvSG2V.jpg
A través de mi ventana,A través de mi ventana,2022,"Romance, Drama, Comedia",112,"Raquel lleva toda la vida loca por Ares, su atractivo y misterioso vecino. Lo observa sin ser vista y es que, muy a su pesar, no han intercambiado ni una palabra. Raquel tiene muy claro su objetivo: conseguir que Ares se enamore de ella. Pero ella no es una niña inocente y no está dispuesta a perderlo todo por el camino, y mucho menos a sí misma...",7.351,https://image.tmdb.org/t/p/w500/3F5MkMadQOWiZNVaNuOuw6UaK7a.jpg
Babylon,Babylon,2022,"Drama, Comedia",188,"Ambientada en Los Angeles durante los años 20, cuenta una historia de ambición y excesos desmesurados que recorre la ascensión y caída de múltiples personajes durante una época de desenfrenada decadencia y depravación en los albores de Hollywood.",7.351,https://image.tmdb.org/t/p/w500/9bHTq4XfYpAZcgzTLoPAElMytMj.jpg
La noche de 12 años,La noche de 12 años,2018,"Drama, Crimen, Historia",125,"Año 1973. Uruguay está bajo el poder de la dictadura militar. Una noche de otoño, nueve presos Tupamaros son sacados de sus celdas en una operación militar secreta. La orden es precisa: ""como no pudimos matarles, vamos a volverles locos"". Los tres hombres permanecerán aislados durante 12 años. Durante más de una década, los presos permanecerán aislados en diminutas celdas en dónde pasarán la mayoría del tiempo encapuchados, atados, en silencio, privados de sus necesidades básicas, apenas alimentados, y viendo reducidos al mínimo sus sentidos. Entre ellos estaba Pepe Mújica, quien más tarde llegó a convertirse en presidente de Uruguay.",7.351,https://image.tmdb.org/t/p/w500/mPipNlgQ63KmDEmKzMtKgF9cgBw.jpg
Expediente Warren: Obligado por el demonio,The Conjuring: The Devil Made Me Do It,2021,"Terror, Misterio, Suspense",112,"Los investigadores paranormales Ed y Lorraine Warren se encuentran con lo que se convertiría en uno de los casos más sensacionales de sus archivos. La lucha por el alma de un niño los lleva más allá de todo lo que habían visto antes, para marcar la primera vez en la historia de los Estados Unidos que un sospechoso de asesinato reclamaría posesión demoníaca como defensa.",7.351,https://image.tmdb.org/t/p/w500/ghMQALCyytc6W0wlOlMIKiMSRKV.jpg
Sólo el cielo lo sabe,All That Heaven Allows,1955,"Drama, Romance",89,"Una viuda de buena familia inicia un romance con su apuesto jardinero. A pesar de pertenecer a dos mundos completamente diferentes deciden casarse, pero su amor tropieza con el rechazo de los hijos de la mujer y de su círculo social.",7.351,https://image.tmdb.org/t/p/w500/5mycJKgG5fjkyYqtJXjkpnqZG2M.jpg
Abyss,The Abyss,1989,"Aventura, Suspense, Ciencia ficción",140,"Un equipo de científicos de una instalación petrolífera es contratado por la marina norteamericana para llevar a cabo la operación de rescate de un submarino nuclear atrapado, en extrañas circunstancias, en el fondo del mar, justamente al borde de una grieta abisal de varios kilómetros de profundidad. Un grupo de las fuerzas especiales del ejército acompañará a los científicos. Muy pronto estos últimos empiezan a sospechar que lo que está sucediendo en las profundidades abisales es algo tan extraño que, en principio, escapa a su comprensión.",7.352,https://image.tmdb.org/t/p/w500/3IF8MSSy6lo2pg7dfa1n9n8SeUX.jpg
Encuentros en la tercera fase,Close Encounters of the Third Kind,1977,"Ciencia ficción, Drama",132,"Una noche, cerca de su casa, en Indiana, Roy Neary (Richard Dreyfuss) observa en el cielo unos misteriosos objetos voladores. Obsesionado por comprender lo que ha visto, se distancia de su esposa (Teri Garr). Neary encuentra apoyo en Jillian Guiler (Melinda Dillon), que también fue testigo de esas visiones nocturnas. Juntos buscan una respuesta a ese misterio que ha alterado sus vidas. Al mismo tiempo, un nutrido grupo de científicos internacionales, bajo la dirección de Claude Lacombe (François Truffaut), empieza a investigar las apariciones de OVNIS y otros extraños fenómenos.",7.351,https://image.tmdb.org/t/p/w500/btE3LrMhuFa8sfPGxHRC4hGyEjr.jpg
Ostwind,Ostwind,2013,"Aventura, Familia",105,"Mientras pasa el verano en la granja de su abuela, una chica (Hanna Höppner) descubre que tiene un talento especial para comunicacarse con los caballos y trata de domar a un feroz semental.",7.35,https://image.tmdb.org/t/p/w500/b768EtAVFNyE4CbBsXsFMVRiike.jpg
Un asunto real,En kongelig affære,2012,"Drama, Historia, Romance",137,"Para la joven Carolina Matilde (Alicia Vikander), casada siendo una adolescente con el rey de Dinamarca Christian VII, es un horror vivir con un marido ciclotímico y estrafalario que propone medidas como nombrar a su perro miembro honorario del Consejo de Estado, o que circulen en Copenhague por la noche carruajes vacíos para recoger a los borrachos. Así las cosas, Carolina se rinde a los encantos del médico personal del rey, un intelectual progresista (Mads Mikkelsen) que se verá dividido entre su lealtad al rey, su amor a la reina y su oportunidad de convertir una Dinamarca aún medieval en un país ilustrado.",7.35,https://image.tmdb.org/t/p/w500/w71BH21CNLOzZiAXMrom5ZZNzfi.jpg
El color de la granada,Նռան գույնը,1969,"Drama, Historia",80,"Biografía del trovador y poeta armenio del siglo XVIII Sayat Nova. En lugar de hacer una narración lineal, el director se encarga de realizar una serie de cuadros vivientes que representan episodios importantes de la vida del poeta en clave simbólica: su infancia, su juventud, su entrada a un monasterio, o su enfrentamiento con el ángel de la muerte. Estos capítulos están desarrollados a partir de fragmentos de sus obras, los cuales aparecen en intertítulos o se escuchan mediante una voz en off.",7.35,https://image.tmdb.org/t/p/w500/aMIEEeLrCevG094Z2u82S0lxJPq.jpg
Promesa sangrienta,Blood and Bone,2009,"Acción, Crimen, Suspense, Drama",93,"Isiah Bone, un ex-presidiario es la nueva promesa del undo de las peleas callejeras clandestinas de Los Angeles. Cuando derrota al campeón actual, el jefe de la mafía local quiere que participe en una serie de peleas internacionales de alto riesgo. La negativa de Bone provoca un enfrentamiento entre dos enemigos poderosos que se lo juegan todo.",7.35,https://image.tmdb.org/t/p/w500/btcBcN9GNJStdaYJbmOcm2fIdrx.jpg
La sirenita,The Little Mermaid,1989,"Animación, Familia, Fantasía",83,"Ariel es una sirena adolescente, hija de Tritón, el rey del mar. Desobedeciendo a su padre, visita la superficie y se enamora del príncipe Eric. Con la esperanza de encontrar a su amado, la sirenita cae inocentemente bajo los encantos de Úrsula, la bruja del mar, que la transforma en un ser humano. Pero la bruja tiene planes terribles para Ariel y su padre.",7.35,https://image.tmdb.org/t/p/w500/Vc0KvO7z2OzEbRs6nyZs9xD81s.jpg
Río Rojo,Red River,1948,Western,133,"Terminada la Guerra de Secesión (1861-1865) y después de haber sobrevivido a una matanza de los indios, el ganadero Tom Dunson (John Wayne) y su hijo adoptivo Matthew Garth (Montgomery Clift) proyectan trasladar diez mil cabezas de ganado desde Texas hasta Missouri. Nadie hasta entonces había intentado una operación de tal envergadura.",7.35,https://image.tmdb.org/t/p/w500/h3MNyRAce1QRdOuGT867xfkX7Zk.jpg
La grazia,La grazia,2025,Drama,133,"Mariano De Santis, presidente (ficiticio) de la República italiana, es un veterano político demócrata, humanista y católico, que de repente comienza a dudar sobre varias importantes decisiones que debe tomar, en especial sobre si aprueba o no una ley de eutanasia, planteándose un gran dilema moral.",7.349,https://image.tmdb.org/t/p/w500/95d6l6FhGnagGcOFbvPVQxW1KcX.jpg
Dungeons & Dragons: Honor entre ladrones,Dungeons & Dragons: Honor Among Thieves,2023,"Aventura, Fantasía, Comedia",134,"Un ladrón encantador y una banda de aventureros increíbles emprenden un atraco épico para recuperar una reliquia perdida, pero las cosas salen rematadamente mal cuando se topan con las personas equivocadas. Adaptación cinematográfica del primer juego de rol de la historia, publicado por primera vez en 1974.",7.349,https://image.tmdb.org/t/p/w500/6dW83oZuprt6mw1rIJrTJjuSVX3.jpg
Si decido quedarme,If I Stay,2014,Drama,106,"Mia es una joven de 17 años que parece tenerlo todo en la vida: una famila adorable, un novio que la quiere, una amiga incondicional y una prometedora carrera musical, debido a su talento natural para tocar el chelo. Sin embargo, todo eso cambia en una fracción de segundo, cuando ella y su familia sufren un terrible accidente de coche.",7.349,https://image.tmdb.org/t/p/w500/esicKDHOQYDVcENHTJ6RQDmcxBh.jpg
Batman del futuro: El regreso del Joker,Batman Beyond: Return of the Joker,2000,"Animación, Acción, Ciencia ficción",77,"Joker no murió y ahora es más fuerte. Terry MacGinnis, el Batman del Futuro se enfrentará al enemigo de su mentor, Bruce Wayne.",7.3,https://image.tmdb.org/t/p/w500/kiVZM7wIyJKRGZJOlHwQikoOxzT.jpg
Love & Basketball,Love & Basketball,2000,"Comedia, Drama, Romance",124,"Quincy y Mónica son dos vecinos que crecen compartiendo su amor por el baloncesto. Están hechos el uno para el otro, pero ellos aún no lo saben. Los celos, el orgullo y la vida los llevan a encuentros y desencuentros, vividos con la intensidad de un playoff. Ni la estancia en Barcelona de Mónica ni una espectacular top-model en el corazón de Quincy podrán separarlos.",7.348,https://image.tmdb.org/t/p/w500/zNZWNX19FZ5QyedprVM0ldsXFiP.jpg
Ghost in the Shell 2: Innocence,イノセンス,2004,"Animación, Drama, Ciencia ficción",95,"En el año 2032, la frontera entre seres humanos y máquinas se ha reducido a niveles casi imperceptibles. En este contexto, un cyborg detective de la unidad antiterrorista (Batou) investigará el caso de un robot con forma de mujer, creado exclusivamente para satisfacer deseos sexuales, que ha asesinado a su propietario. Batou deberá indagar en las profundidades de la conciencia humana y en la sociedad del momento; donde la diferencia entre los robots y los humanos es extremadamente vaga.",7.348,https://image.tmdb.org/t/p/w500/ltaWpzIbNWUnGlPLLre4tDi0PU8.jpg
Smetto quando voglio - Ad honorem,Smetto quando voglio - Ad honorem,2017,"Acción, Comedia",97,,7.347,https://image.tmdb.org/t/p/w500/guhMZZFeBAQMiHsssbcOGPA1laN.jpg
El señor de la guerra,Lord of War,2005,"Crimen, Drama, Suspense",122,"Basada en una historia real, situada en el mundo internacional de la trata de armas. La película explora una consecuencia poco conocida del final de la Guerra Fría, la enorme cantidad de armas que de repente quedó disponible en los antiguos estados soviéticos para vender a los países en desarrollo (sobre todo de África) y las inmensas sumas de dinero amasadas por los traficantes de armas que las vendieron. Muchos piensan que es el mayor atraco del siglo 20. Sólo en Ucrania, entre 1982 y 1992 se robaron más de treinta y dos mil millones de dólares en armas. Ningún culpable ha sido jamás atrapado ni procesado.",7.347,https://image.tmdb.org/t/p/w500/tzmXFYq9OhUNYATAtbCuNr1Nin9.jpg
Un hombre para la eternidad,A Man for All Seasons,1966,"Drama, Historia",120,"Para divorciarse de su esposa Catalina de Aragón (hija de los Reyes Católicos y tía del emperador Carlos V) y contraer matrimonio con Ana Bolena, Enrique VIII (1509-1547) trata de obtener el apoyo de la aristocracia y del clero. Sir Thomas Moro, gran humanista (""Utopía"", 1516), ferviente católico y hombre de confianza del monarca, se encuentra en una encrucijada: ¿debe actuar de acuerdo con su conciencia, arriesgándose a ser tachado de traidor y ejecutado, o debe ceder ante un rey que no tiene ningún reparo en adaptar la ley a sus necesidades?",7.3,https://image.tmdb.org/t/p/w500/ktOGYwg9wWojDSfCInx9eMdmqnN.jpg
Philomena,Philomena,2013,Drama,98,"Philomena es la verdadera historia de la búsqueda de una madre por su hijo perdido. Quedando embarazada cuando era un adolescente en Irlanda en 1952, Philomena Lee fue enviada al convento de Roscrea para ser atendidas como una ""mujer en desgracia"". Cuando su hijo era sólo un bebé, las monjas se lo llevaron para darlo en adopción en Estados Unidos. Philomena pasó los próximos cincuenta años buscándolo en vano. Entonces conoció a Martin Sixsmith, un periodista cansado del mundo, tan cínico que Philomena confiaba en él. Juntos partieron hacia América en un viaje que no sólo revelaría la extraordinaria historia del hijo de Philomena, sino que también crearía un vínculo muy cercano e inesperado entre Philomena y Martin.",7.346,https://image.tmdb.org/t/p/w500/cbZGSZwmadokDFox2cp3keWYKY6.jpg
Fiebre de caballo,Febbre da cavallo,1976,Comedia,94,"Las vidas de Bruno ""Mandrake"" y Armando ""Pomada"" giran en torno a las carreras de caballos y las apuestas. Lo que tienen en común es que siempre pierden. Mandrake recibe de parte de su novia Gabriella los nombres nombres de tres caballos para apostar; pero como piensa que no ganará, le pasa el dato a su amigo Pomada...",7.346,https://image.tmdb.org/t/p/w500/zprLOtwwjjTF84YOGIZxakRu9Mc.jpg
El violín rojo,Le violon rouge,1998,"Drama, Suspense, Misterio, Música, Romance",130,"En un taller de la Italia del siglo XVII, un maestro artesanal crea su obra definitiva, un violín perfecto y barnizado en rojo, para su hijo a punto de nacer. A partir de ese momento, el instrumento viaja de mano en mano desde Europa a Canadá, pasando por China, hasta la época actual.",7.3,https://image.tmdb.org/t/p/w500/wYEZnqC29g3yNCZwOqM3BHttiBo.jpg
El enigma de Gaspar Hauser,Jeder für sich und Gott gegen alle,1974,"Drama, Historia",110,"Alemania, principios del siglo XIX. Kaspar es un enigmático muchacho que ha pasado toda la vida encerrado y aislado en una cueva: no conoce, pues, el lenguaje ni tiene capacidad para relacionarse con los demás. Cuando, en 1828, alguien lo abandona en Nuremberg con una carta para las autoridades locales, se convierte primero en una especie de atracción de feria y después en una curiosidad científica y social.",7.346,https://image.tmdb.org/t/p/w500/jjd6iojhX7dVXxGMmCco0b0KD8u.jpg
Pesadilla en Elm Street,A Nightmare on Elm Street,1984,Terror,91,"Varios jóvenes de una pequeña localidad tienen habitualmente pesadillas en las que son perseguidos por un hombre deformado por el fuego y que usa un guante terminado en afiladas cuchillas. Algunos de ellos comienzan a ser asesinados mientras duermen por este ser, que resulta ser un asesino al que los padres de estos jóvenes quemaron vivo hace varios años tras descubrir que había asesinado a varios niños.",7.346,https://image.tmdb.org/t/p/w500/qDmeYxsfNA68Bn7aW8HSkAuVmWf.jpg
Frantz,Frantz,2016,"Historia, Drama, Romance",114,"Una pequeña ciudad alemana, poco tiempo después de la I Guerra Mundial. Anna va todos los días a visitar la tumba de su prometido Frantz, asesinado en Francia. Un día, Adrien, un misterioso joven francés, también deja flores en la tumba. Su presencia suscitará reacciones imprevisibles en un entorno marcado por la derrota de Alemania.",7.345,https://image.tmdb.org/t/p/w500/soakku6EGI1kj8eTPh9Rx7O2gJT.jpg
Los bronceados hacen ski,Les Bronzés font du ski,1979,Comedia,87,"Secuela de ""Les bronzés"", también dirigida por Patrice Leconte. Ahora, tras la experiencia mediterránea estival de la primera entrega, el grupo de amigos se embarca en la aventura de los deportes de invierno. Por supuesto continuarán, al mismo tiempo, los problemas sentimentales y personales de los distintos componentes.",7.345,https://image.tmdb.org/t/p/w500/uTN0bp8yMUKesNTLXR1GnL2kLFs.jpg
Vías cruzadas,The Station Agent,2003,"Drama, Comedia",88,"Finbar McBride odia ser el centro de atención de los demás, pero pasar inadvertido midiendo menos de uno treinta y cinco es poco menos que imposible. Finbar, que nació aquejado de raquitismo, desearía llevar una vida de aislamiento, disfrutando de su única pasión: los trenes. Por ello, se instala en una estación de tren abandonada de New Jersey, pero poco a poco, y sin quererlo, se va relacionando con sus escasos vecinos. Olivia Harris es una artista que lucha por superar la reciente muerte de su hijo y la ruptura de su matrimonio. El cercano puesto de perritos calientes lo lleva Joe Oramas, que tiene talento para la cocina y unas ganas insaciables de conversar. Inesperados lazos de afecto y entrega van uniendo a estos tres marginados, quedando de manifiesto que incluso el aislamiento es mejor cuando se comparte.",7.345,https://image.tmdb.org/t/p/w500/kScGE0ktoVybZvQl6mUGVODG7yJ.jpg
El origen del planeta de los simios,Rise of the Planet of the Apes,2011,"Suspense, Acción, Drama, Ciencia ficción",105,"Will Rodman es un joven científico que está investigando con monos para obtener un tratamiento contra el alzheimer, una enfermedad que afecta a su padre. Uno de esos primates, al que llaman César, experimenta una evolución en su inteligencia tan notable que el protagonista decide llevárselo a su casa para protegerlo. Le ayudará una bella primatóloga llamada Caroline.",7.344,https://image.tmdb.org/t/p/w500/6TqjIMQV11NkHMuriprN3xNoN6o.jpg
Mystery Train,Mystery Train,1989,Comedia,106,"En Memphis, Tennessee, en el transcurso de una sola noche, el Hotel Arcade, dirigido por un excéntrico empleado nocturno y un despistado botones, recibe la visita de una joven pareja japonesa que viaja en busca de las raíces del rock; una mujer italiana de luto que se tropieza con una parlanchina muchacha que intenta salir de la ciudad; y un cómico trío de ladrones accidentales que buscan un lugar donde esconderse.",7.344,https://image.tmdb.org/t/p/w500/f11xq7dBGhz9UDc3dabldAGeXVH.jpg
Raíces profundas,Shane,1953,"Drama, Western",118,"Alabama, finales del siglo XIX. Shane, un hastiado pistolero, llega a la granja de los Starretts, un matrimonio con un hijo que, al igual que los demás campesinos del valle, se encuentra en graves dificultades, pues el poderoso ganadero Rufus Ryker pretende apoderarse de sus tierras. Cuando Ryker se entera de que Shane es un hábil pistolero, le propone que trabaje para él. Ante su negativa, contrata a Jack Wilson, un peligroso asesino a sueldo.",7.3,https://image.tmdb.org/t/p/w500/goDI3aR3Yncm0dWs1OLyhZpmfoX.jpg
Promesas del este,Eastern Promises,2007,"Suspense, Crimen, Misterio",101,"El misterioso y atractivo Nikolai es el chófer de una importante familia mafiosa de Europa Oriental. Semyon, el jefe del clan, detrás de una sonrisa encantadora, esconde una naturaleza fría y cruel. La estabilidad familiar se tambalea por culpa de Kirill, su alocado hijo, que hace más caso a Nikolai que a su propio padre. La vida de Nikolai cambia de golpe cuando conoce a Anna, una comadrona que trabaja en un hospital de Londres. Anna, muy afectada por la muerte en el parto de una adolescente, decide buscar a la familia sirviéndose del diario que la chica dejó escrito en ruso. Lo malo es que sus indagaciones desencadenan la ira de los mafiosos.",7.343,https://image.tmdb.org/t/p/w500/7VXya7414oHrpeZKkslNQ7BMcg9.jpg
Bajo el peso de la ley,Down by Law,1986,"Crimen, Drama, Comedia",107,"Tres hombres muy diferentes se conocen al compartir celda en una cárcel de Louisiana. Zack es un DJ; Jack, un chulo de poca monta y Roberto, un turista italiano.",7.3,https://image.tmdb.org/t/p/w500/yZNFj9E1K2pRsMzY43rxfMyXcND.jpg
Superman,Superman,2025,"Ciencia ficción, Aventura, Acción",129,"En un mundo que ha perdido la fe en la bondad, Superman lucha por reconciliar su herencia kryptoniana con los valores humanos que moldearon su carácter. Criado en la Tierra, representa la verdad, la justicia y el estilo americano, pero debe enfrentarse a un mundo cínico que cuestiona sus ideales. Entre el deber de proteger a la humanidad y la búsqueda de su identidad, Superman demuestra que la esperanza y la bondad nunca pasan de moda, incluso en los tiempos más oscuros, inspirando a otros a creer en un futuro mejor.",7.3,https://image.tmdb.org/t/p/w500/fvUJb08yatV2b3NUSwuYdQKYoFd.jpg
Fantasía,Fantasia,1940,"Animación, Familia, Fantasía",120,"Una colección de interpretaciones animadas de grandes obras de música clásica. En 'El Aprendiz de Brujo' (P. Dukas), Mickey Mouse, discípulo de un mago, se mete en un gran embrollo, pues sus conocimientos de magia son muy limitados. 'La Consagración de la Primavera' (Stravinsky) cuenta la historia de la evolución, desde los seres unicelulares hasta la extinción de los dinosaurios. 'La Danza de las Horas' (Ponchielli) es un fragmento de un ballet cómico interpretado por elefantes, hipopótamos, cocodrilos y avestruces. 'Una Noche en el Monte Pelado' de Mussorgsky y el 'Ave Maria' de Schubert describen el enfrentamiento entre la oscuridad y la luz.",7.3,https://image.tmdb.org/t/p/w500/qCaPIUrbKsUKKFPykmKxc6bPbo0.jpg
Palabras que burbujean como un refresco,サイダーのように言葉が湧き上がる,2021,"Animación, Romance, Drama",87,"Tras conocerse un día radiante de sol, un joven tímido que se expresa con haikus y una chica alegre pero algo cohibida comparten un breve y mágico verano.",7.3,https://image.tmdb.org/t/p/w500/m0IjeN2jZg64Ff1H5e4Ba59CKW8.jpg
Múltiple,Split,2017,"Terror, Suspense",117,"A pesar de que Kevin le ha demostrado a su psiquiatra de confianza, la Dra. Fletcher, que posee 23 personalidades diferentes, aún queda una por emerger, decidida a dominar a todas las demás. Obligado a raptar a tres chicas adolescentes encabezadas por la decidida y observadora Casey, Kevin lucha por sobrevivir contra todas sus personalidades y la gente que le rodea, a medida que las paredes de sus compartimentos mentales se derrumban.",7.341,https://image.tmdb.org/t/p/w500/Ag51YF1ZTNTefjhVMVGBCFv8h5s.jpg
El cuarto mandamiento,The Magnificent Ambersons,1942,"Drama, Romance",88,"A finales del siglo XIX, la mansión Amberson es la más fastuosa de Indianápolis. Cuando su dueña, la bellísima Isabel, es humillada públicamente, aunque de forma involuntaria por su pretendiente Eugene Morgan, lo abandona y se casa con el torpe Wilbur Minafer. Su único hijo, George, crecerá demasiado consentido y malcriado. Años más tarde, Eugene regresa a la ciudad con su hija Lucy, de quien se enamora el engreído George.",7.3,https://image.tmdb.org/t/p/w500/vTDBlSw5lPLJi6JI7JjARNmCnZ0.jpg
Los caballeros las prefieren rubias,Gentlemen Prefer Blondes,1953,"Comedia, Romance",91,"Lorelei y Dorothy son dos cantantes que hacen un crucero desde los Estados Unidos a París. Una rubia y otra morena, con su belleza y encanto seducirán a todo el pasaje. Las dos tienen el mismo objetivo: casarse con un millonario. Pero hay un inconveniente: Lorelei tiene un novio, cuyo padre contrató un detective para que la siguiera.",7.341,https://image.tmdb.org/t/p/w500/vO6aAcPxQp6i6a2Zeh4zDvZrqiM.jpg
Sin tiempo para morir,No Time to Die,2021,"Acción, Suspense, Aventura",163,"James Bond se encuentra disfrutando de unas merecidas vacaciones en Jamaica. Sin embargo, su paz termina cuando su amigo de la CIA, Felix Leiter, lo busca para una nueva misión que implica rescatar a un importante científico que ha sido secuestrado.",7.3,https://image.tmdb.org/t/p/w500/4yk2270JA6QpnN8xkuRsnPVXgdP.jpg
La armadura de Dios 2: Operación Cóndor,飛鷹計劃,1991,"Acción, Aventura, Crimen, Suspense",106,"Antes de que terminase la Segunda Guerra Mundial, los nazis escondieron en el desierto del Sáhara el oro que habían robado en diversos países europeos. El general alemán Von Katterling asignó la misión a su ayudante personal y a dieciocho soldados de los que nunca más se supo. Ahora, las Naciones Unidas quieren recuperar el oro para invertirlo en proyectos humanitarios y para lograrlo deciden asignarle la misión a un oriental neutral, Jackie el Cóndor. La misión del Cóndor es clara y precisa: ir al desierto, localizar el oro y recuperarlo.",7.34,https://image.tmdb.org/t/p/w500/4cbwgrlj22dXH47lQUzvSUsTtAZ.jpg
"Ghost Dog, el camino del samurai",Ghost Dog: The Way of the Samurai,1999,"Crimen, Drama",116,"""Ghost Dog"" (Whitaker) es un asesino a sueldo de Nueva York, un hombre de actitud tranquila en su vida diaria que se rige bajo el código de honor de los antiguos samuráis.",7.34,https://image.tmdb.org/t/p/w500/SU8dMEWivBDG7s3LJ7085DQpbN.jpg
Palm Springs,Palm Springs,2020,"Comedia, Romance, Ciencia ficción",90,"Cuando el desenfadado Nyles y su reticente dama de honor Sarah tienen la oportunidad de encontrarse en una boda de Palm Springs, las cosas se complican al verse incapaces de escapar del lugar y el uno del otro",7.339,https://image.tmdb.org/t/p/w500/eYNS3rNpLDxx5NJ16dwczAf4a7e.jpg
John Wick: Pacto de sangre,John Wick: Chapter 2,2017,"Acción, Suspense, Crimen",122,"El legendario asesino John Wick (Keanu Reeves) se ve obligado a salir del retiro por un ex-asociado que planea obtener el control de un misterioso grupo internacional de asesinos. Obligado a ayudarlo por un juramento de sangre, John emprende un viaje a Roma lleno de adrenalina estremecedora para pelear contra los asesinos más peligrosos del mundo.",7.339,https://image.tmdb.org/t/p/w500/tAAikrL3kH3TopsDC2Bgo4ARUiP.jpg
Al encuentro de Mr. Banks,Saving Mr. Banks,2013,"Comedia, Drama, Historia",125,"Producción centrada en la historia real de cómo Walt Disney estuvo catorce años cortejando a la escritora australiana P.L. Travers para que le cediera los derechos cinematográficos de su primera y más popular novela, 'Mary Poppins', y que finalmente fue llevada a la gran pantalla en 1964 en el clásico filme protagonizado por Julie Andrews.",7.339,https://image.tmdb.org/t/p/w500/wxJN9aTc6kB14OYaFBC0ylLw2SV.jpg
Cabeza borradora,Eraserhead,1977,"Terror, Ciencia ficción",89,"Henry Spencer y su novia tienen un bebé no humano, más bien un bebé reptil. Henrry pasa todo el día intentando que él bebe deje de hacer travesuras por el apartamento. Todo se tuerce aún más cuando la madre del pequeño abandona a padre e hijo por el aspecto del bebé. De todos modos, Henry es una hombre fuerte y una serie de acontecimientos inesperados harán que se esfuerce aún más, en su condición como padre soltero.",7.339,https://image.tmdb.org/t/p/w500/j8Z0M4rUmxVFtvpN7bZ2JTASrsy.jpg
El amanecer del planeta de los simios,Dawn of the Planet of the Apes,2014,"Ciencia ficción, Acción, Drama, Suspense",130,"Un grupo de simios con grandes cualidades para la supervivencia toma las calles, liderado por César, un simio dotado de una inteligencia y unos instintos superiores para cualquier primate. Ante la necesidad de libertad, esta raza animal decide no doblegarse ante los humanos. Tendrá que luchar contra un grupo de humanos que han sobrevivido a una fuerte epidemia, desatada en la década anterior. Ambas partes han establecido una tregua, pero se verá interrumpida.",7.338,https://image.tmdb.org/t/p/w500/mP5Wr0YkO3EDqc6vkvtdifi7KKI.jpg
El hombre de mimbre,The Wicker Man,1973,Terror,94,"Una carta que hace sospechar que una joven desaparecida ha sido asesinada lleva al sargento Howie de Scotland Yard hasta Summerisle, una isla en la costa de Inglaterra. Allí el inspector se entera de que hay una especie de culto pagano, y conoce a Lord Summerisle, el líder religioso de la isla.",7.338,https://image.tmdb.org/t/p/w500/qeNitlsX0CMxj4of9UM9cVuvUIN.jpg
Hamlet,Hamlet,1996,Drama,242,"Cuando Hamlet, el príncipe heredero de Dinamarca, regresa a su patria, recibe la noticia de que su padre ha fallecido y de que su madre, la reina Gertrudis, se va a casar con su tío Claudio. El espectro de su padre le revela que el responsable de su muerte es Claudio. A partir de entonces, Hamlet sólo pensará en vengar la muerte de su progenitor.",7.3,https://image.tmdb.org/t/p/w500/hPS1ryG1a4BCdc9kiNUtx8i54UD.jpg
"Yo, Cristina F.",Christiane F. - Wir Kinder vom Bahnhof Zoo,1981,Drama,131,"Cristina es una adolescente de apenas 14 años que poco a poco se va enganchando a la heroína, hasta el extremo de tener que prostituirse para pagarse su dependencia.  Durísimo relato sobre el efecto de las drogas en la juventud, basado en la historia real de Christiane Vera Felscherinow, una exadicta alemana que describió su lucha contra las drogas en la adolescencia en el libro ""Los niños de la estación del Zoo"". Dirigido por Uli Edel (""El cuerpo del delito"", ""RAF Facción del ejército rojo""), el filme fue protagonizado por una jovencísima y debutante Natja Brunckhorst (""La princesa y el guerrero""), que tenía solo 13 años cuando se rodó el largometraje. Como curiosidad, David Bowie realizó un 'cameo' en la cinta, pues justamente fue en un concierto que dio el cantante en Berlín donde la protagonista probó por primera vez la heroína.",7.337,https://image.tmdb.org/t/p/w500/p79zGPQ2SdVuLZlE6K1f00mab7w.jpg
Pelé: El nacimiento de una leyenda,Pelé: Birth of a Legend,2016,Drama,107,"Biopic sobre el legendario futbolista brasileño Edson Arantes do Nascimento, Pelé.",7.3,https://image.tmdb.org/t/p/w500/e1UtIwDDA28XPSVdSao10aww632.jpg
Johnny Palillo,Johnny Stecchino,1991,Comedia,109,"Dante es feliz conduciendo el autobús escolar de niños con discapacidad mental, pero no puede evitar pensar que le falta algo en su vida amorosa. Un día casi es atropellado por un coche, y conoce a María. Parece que está encantada con él, incluso le invita a su preciosa villa, en Palermo. Dante no podría estar más contento, pero lo que no sabe es que todo es parte de una trama. Es casi igual al marido de María, un gángster, a quien le iría muy bien fingir su muerte.",7.336,https://image.tmdb.org/t/p/w500/pBRJUPmEcr9mgw6vU4GX9si6Xuz.jpg
Sola en la oscuridad,Wait Until Dark,1967,"Suspense, Terror",108,"El fotógrafo Sam Hendrix conoce en un avión a una modelo. La joven lleva consigo una muñeca llena de droga y la cambia por una muñeca de regalo que lleva Sam sin que éste se dé cuenta. Más tarde, en Greenwich Village, dos delincuentes que tratan de recuperar la droga se encuentran en el apartamento del fotógrafo con Roat (Alan Arkin), un despiadado criminal que ha asesinado a la modelo porque intentaba traicionarlo. Su conversación se ve interrumpida por la llegada de Susy (Audrey Hepburn), la esposa de Sam, que es ciega.",7.3,https://image.tmdb.org/t/p/w500/oor6lU8mPHVN3ZyYwSKzvBTnmUt.jpg
Las doce pruebas de Astérix,Les 12 travaux d'Astérix,1976,"Familia, Animación, Comedia, Aventura",82,"Corre el año 50 A.C. En la Galia, ocupada por los romanos, un pequeño poblado galo resiste de forma victoriosa a los insistentes ataques de los invasores. César sabe que hay que hacer algo para evitar verse humillado y ridiculizado. Por ello obliga a los habitantes del poblado a que elijan dos representantes que deberán superar doce pruebas que sólo los dioses podrían resistir. Lo que no sabe César es que los dos galos elegidos: Astérix, el guerrero, y Obélix, el portador de menhires, cuentan con la ayuda de la poción mágica cuya fórmula secreta solamente conoce el druida Panorámix.",7.3,https://image.tmdb.org/t/p/w500/pkn8qppaXxAdF0PCNzQUuma4MT6.jpg
Adaptation. El ladrón de orquídeas,Adaptation.,2002,"Comedia, Crimen, Drama",116,"Charlie Kaufman, un guionista de Los Ángeles, vive un periodo de crisis creativa, todo lo contrario que su hermano gemelo Donald. Charlie escribe tal como vive: con gran dificultad y lleno de inseguridades, mientras que Donald vive tal como escribe: con dejadez. Por su parte, Susan escribe sobre la vida, pero es incapaz de vivirla. Por el contrario, la intensa y aventurera vida de John es digna de una novela.",7.336,https://image.tmdb.org/t/p/w500/d4DUAAHul6TKHRkXnj59Cy1WYnp.jpg
Red,Turning Red,2022,"Animación, Familia, Comedia, Fantasía",100,"Mei Lee, una niña de 13 años un poco rara pero segura de sí misma, se debate entre ser la hija obediente que su madre quiere que sea y el caos propio de la adolescencia. Ming, su protectora y ligeramente exigente madre, no se separa nunca de ella lo que es una situación poco deseable para una adolescente. Y por si los cambios en su vida y en su cuerpo no fueran suficientes, cada vez que se emociona demasiado (lo que le ocurre prácticamente todo el tiempo), se convierte en un panda rojo gigante.",7.3,https://image.tmdb.org/t/p/w500/djM4COTksd5YRIdd9uEl8eA3iaa.jpg
House,ハウス,1977,"Comedia, Fantasía, Terror",88,"Siete chicas de instituto ven sus vacaciones chafadas cuando su profesor (Kiyohiko Ozaki) tiene que cancelar el viaje que tenía planeado realizar con ellas. Las cosas marchan incluso algo peor para Oshare (Kimiko Ikegami), una de las chicas, ya que recientemente su padre le ha presentado su nueva madastra (Haruko Wanibuchi), lo que no le ha hecho demasiada gracia. Mirando un álbum de fotos, Oshare se encuentra con la foto de boda de su madre a quien se la ve acompañada de su hermana (Yoko Minamida) quien nunca llegó a casarse ya que su prometido murió en la guerra. Oshare se pone en contacto con su tía y ésta la invita a ella y a sus amigas a pasar las vacaciones en su mansión en el campo. Cuando el grupo de chicas se presentan en la mansión, allí las recibe la tía de Oshare en sillas de ruedas y medio ciega. Muy pronto las chicas descubren que la mansión tiene vida propia.",7.335,https://image.tmdb.org/t/p/w500/5JmLSvGDPbq7w2avI2u6Y1OpZlD.jpg
